turn_id,market_date,code,direction,best_open_time,best_open_price,best_close_time,best_close_price,maximum_edge,maximum_matchable_hands,best_pair_tape_capacity_bonds,expected_open_side,expected_close_side,strategy_id,fill_mode,model_id,initial_inventory_bonds,maximum_inventory_bonds,inventory_before_open_strict_bonds,inventory_after_open_second_bonds,cash_before_open_strict,cash_after_open_second,opening_action_capacity_strict_bonds,opening_action_capacity_including_same_second_bonds,opening_action_capacity_low_bonds,opening_action_capacity_high_bonds,standard_or_tape_required_bonds,active_reaching_open_order_count,preexisting_reaching_open_order_count,active_reaching_open_orders,exact_capture_status,matching_open_fills,matching_close_fills,economic_pair_within_turn,economic_pair_nearby_120s,economic_pair_cross_turn_600s,preliminary_status,causal_mode_in_status,final_capture_class
2026-08-13_132026.SH_T001,2026-08-13,132026.SH,sell_then_buy,09:30:18,137.95,09:51:34,135.199,2.751,200,1000,sell,buy,maker_v01_priority,priority,maker_priority_v1_33_candidate,1000.0,2000.0,1000.0,1000.0,136800.0,136800.0,1000,1000,1000,1000,1000,1,0,"[{""order_id"": 8, ""kind"": ""inventory_exit"", ""limit_price"": 137.947, ""quantity_bonds"": 1000.0, ""filled_quantity_bonds"": 1000.0, ""created_market_time"": ""09:30:18"", ""updated_market_time"": ""09:30:21"", ""status"": ""filled"", ""cancel_reason"": null, ""initial_queue_ahead_bonds"": 0.0, ""final_queue_ahead_bonds"": 0.0, ""created_same_second_as_tape"": true}]",best_pair_both_legs_matched,"[{""order_id"": 8, ""strategy_id"": ""maker_v01_priority"", ""model_id"": ""maker_priority_v1_33_candidate"", ""market_time"": ""09:30:21"", ""side"": ""sell"", ""price"": 137.947, ""quantity_bonds"": 1000.0, ""fill_reason"": ""passive_sell"", ""inventory_after_bonds"": 0.0, ""reference_tick_id"": 66147, ""crossed_book_residual_price"": 0.0, ""crossed_book_residual_bonds"": 0.0}]","[{""order_id"": 34, ""strategy_id"": ""maker_v01_priority"", ""model_id"": ""maker_priority_v1_33_candidate"", ""market_time"": ""09:51:30"", ""side"": ""buy"", ""price"": 135.2, ""quantity_bonds"": 1000.0, ""fill_reason"": ""active_deep_discount"", ""inventory_after_bonds"": 1000.0, ""reference_tick_id"": 67154, ""crossed_book_residual_price"": 0.0, ""crossed_book_residual_bonds"": 0.0}]","{""open_time"": ""09:30:21"", ""open_price"": 137.947, ""open_quantity_bonds"": 1000.0, ""close_time"": ""09:51:30"", ""close_price"": 135.2, ""close_quantity_bonds"": 1000.0, ""matched_quantity_bonds"": 1000.0, ""edge"": 2.747, ""gross_edge_cash"": 2747.0}","{""open_time"": ""09:30:21"", ""open_price"": 137.947, ""open_quantity_bonds"": 1000.0, ""close_time"": ""09:51:42"", ""close_price"": 135.115, ""close_quantity_bonds"": 1000.0, ""matched_quantity_bonds"": 1000.0, ""edge"": 2.832, ""gross_edge_cash"": 2832.0}","{""open_time"": ""09:30:21"", ""open_price"": 137.947, ""open_quantity_bonds"": 1000.0, ""close_time"": ""09:51:42"", ""close_price"": 135.115, ""close_quantity_bonds"": 1000.0, ""matched_quantity_bonds"": 1000.0, ""edge"": 2.832, ""gross_edge_cash"": 2832.0}",exact_best_pair_capture,unreviewed,unreviewed
2026-08-13_132026.SH_T001,2026-08-13,132026.SH,sell_then_buy,09:30:18,137.95,09:51:34,135.199,2.751,200,1000,sell,buy,maker_v01_queue,queue,maker_queue_v1_0,1000.0,2000.0,1000.0,1000.0,136800.0,136800.0,1000,1000,1000,1000,1000,1,0,"[{""order_id"": 9, ""kind"": ""inventory_exit"", ""limit_price"": 137.948, ""quantity_bonds"": 1000.0, ""filled_quantity_bonds"": 1000.0, ""created_market_time"": ""09:30:18"", ""updated_market_time"": ""09:30:21"", ""status"": ""filled"", ""cancel_reason"": null, ""initial_queue_ahead_bonds"": 380.0, ""final_queue_ahead_bonds"": 0.0, ""created_same_second_as_tape"": true}]",best_pair_both_legs_matched,"[{""order_id"": 9, ""strategy_id"": ""maker_v01_queue"", ""model_id"": ""maker_queue_v1_0"", ""market_time"": ""09:30:21"", ""side"": ""sell"", ""price"": 137.948, ""quantity_bonds"": 1000.0, ""fill_reason"": ""passive_sell"", ""inventory_after_bonds"": 0.0, ""reference_tick_id"": 66147, ""crossed_book_residual_price"": 0.0, ""crossed_book_residual_bonds"": 0.0}]","[{""order_id"": 35, ""strategy_id"": ""maker_v01_queue"", ""model_id"": ""maker_queue_v1_0"", ""market_time"": ""09:51:30"", ""side"": ""buy"", ""price"": 135.2, ""quantity_bonds"": 1000.0, ""fill_reason"": ""active_deep_discount"", ""inventory_after_bonds"": 1000.0, ""reference_tick_id"": 67154, ""crossed_book_residual_price"": 0.0, ""crossed_book_residual_bonds"": 0.0}]","{""open_time"": ""09:30:21"", ""open_price"": 137.948, ""open_quantity_bonds"": 1000.0, ""close_time"": ""09:51:30"", ""close_price"": 135.2, ""close_quantity_bonds"": 1000.0, ""matched_quantity_bonds"": 1000.0, ""edge"": 2.748, ""gross_edge_cash"": 2748.0}","{""open_time"": ""09:30:21"", ""open_price"": 137.948, ""open_quantity_bonds"": 1000.0, ""close_time"": ""09:51:45"", ""close_price"": 135.114, ""close_quantity_bonds"": 1000.0, ""matched_quantity_bonds"": 1000.0, ""edge"": 2.834, ""gross_edge_cash"": 2834.0}","{""open_time"": ""09:30:21"", ""open_price"": 137.948, ""open_quantity_bonds"": 1000.0, ""close_time"": ""09:51:45"", ""close_price"": 135.114, ""close_quantity_bonds"": 1000.0, ""matched_quantity_bonds"": 1000.0, ""edge"": 2.834, ""gross_edge_cash"": 2834.0}",exact_best_pair_capture,unreviewed,unreviewed
2026-08-13_132026.SH_T002,2026-08-13,132026.SH,buy_then_sell,09:51:34,135.199,09:51:34,135.2,0.001,100,1000,buy,sell,maker_v01_priority,priority,maker_priority_v1_33_candidate,1000.0,2000.0,1000.0,1000.0,139547.0,139547.0,1000,1000,1000,1000,1000,0,0,[],best_pair_open_leg_matched_only,"[{""order_id"": 34, ""strategy_id"": ""maker_v01_priority"", ""model_id"": ""maker_priority_v1_33_candidate"", ""market_time"": ""09:51:30"", ""side"": ""buy"", ""price"": 135.2, ""quantity_bonds"": 1000.0, ""fill_reason"": ""active_deep_discount"", ""inventory_after_bonds"": 1000.0, ""reference_tick_id"": 67154, ""crossed_book_residual_price"": 0.0, ""crossed_book_residual_bonds"": 0.0}]",[],null,"{""open_time"": ""09:51:30"", ""open_price"": 135.2, ""open_quantity_bonds"": 1000.0, ""close_time"": ""09:51:54"", ""close_price"": 137.283, ""close_quantity_bonds"": 1000.0, ""matched_quantity_bonds"": 1000.0, ""edge"": 2.083, ""gross_edge_cash"": 2083.0}","{""open_time"": ""09:51:30"", ""open_price"": 135.2, ""open_quantity_bonds"": 1000.0, ""close_time"": ""09:51:54"", ""close_price"": 137.283, ""close_quantity_bonds"": 1000.0, ""matched_quantity_bonds"": 1000.0, ""edge"": 2.083, ""gross_edge_cash"": 2083.0}",economic_pair_nearby_needs_cross_turn_review,unreviewed,unreviewed
2026-08-13_132026.SH_T002,2026-08-13,132026.SH,buy_then_sell,09:51:34,135.199,09:51:34,135.2,0.001,100,1000,buy,sell,maker_v01_queue,queue,maker_queue_v1_0,1000.0,2000.0,1000.0,1000.0,139548.0,139548.0,1000,1000,1000,1000,1000,0,0,[],best_pair_open_leg_matched_only,"[{""order_id"": 35, ""strategy_id"": ""maker_v01_queue"", ""model_id"": ""maker_queue_v1_0"", ""market_time"": ""09:51:30"", ""side"": ""buy"", ""price"": 135.2, ""quantity_bonds"": 1000.0, ""fill_reason"": ""active_deep_discount"", ""inventory_after_bonds"": 1000.0, ""reference_tick_id"": 67154, ""crossed_book_residual_price"": 0.0, ""crossed_book_residual_bonds"": 0.0}]",[],null,null,null,causal_mode_in_review_required,unreviewed,unreviewed
2026-08-13_132026.SH_T003,2026-08-13,132026.SH,sell_then_buy,09:51:34,135.2,09:51:46,135.113,0.087,100,1000,sell,buy,maker_v01_priority,priority,maker_priority_v1_33_candidate,1000.0,2000.0,1000.0,1000.0,139547.0,139547.0,1000,1000,1000,1000,1000,0,0,[],best_pair_close_leg_matched_only,[],"[{""order_id"": 42, ""strategy_id"": ""maker_v01_priority"", ""model_id"": ""maker_priority_v1_33_candidate"", ""market_time"": ""09:51:42"", ""side"": ""buy"", ""price"": 135.115, ""quantity_bonds"": 1000.0, ""fill_reason"": ""passive_buy"", ""inventory_after_bonds"": 2000.0, ""reference_tick_id"": 67165, ""crossed_book_residual_price"": 0.0, ""crossed_book_residual_bonds"": 0.0}]",null,null,null,causal_mode_in_review_required,unreviewed,unreviewed
2026-08-13_132026.SH_T003,2026-08-13,132026.SH,sell_then_buy,09:51:34,135.2,09:51:46,135.113,0.087,100,1000,sell,buy,maker_v01_queue,queue,maker_queue_v1_0,1000.0,2000.0,1000.0,1000.0,139548.0,139548.0,1000,1000,1000,1000,1000,0,0,[],best_pair_close_leg_matched_only,[],"[{""order_id"": 49, ""strategy_id"": ""maker_v01_queue"", ""model_id"": ""maker_queue_v1_0"", ""market_time"": ""09:51:45"", ""side"": ""buy"", ""price"": 135.114, ""quantity_bonds"": 1000.0, ""fill_reason"": ""active_deep_discount"", ""inventory_after_bonds"": 2000.0, ""reference_tick_id"": 67167, ""crossed_book_residual_price"": 0.0, ""crossed_book_residual_bonds"": 0.0}]",null,null,null,causal_mode_in_review_required,unreviewed,unreviewed
2026-08-13_132026.SH_T004,2026-08-13,132026.SH,buy_then_sell,09:51:46,135.113,09:51:51,137.283,2.17,200,1000,buy,sell,maker_v01_priority,priority,maker_priority_v1_33_candidate,1000.0,2000.0,2000.0,2000.0,4432.0,4432.0,0,0,0,0,1000,0,0,[],best_pair_both_legs_matched,"[{""order_id"": 42, ""strategy_id"": ""maker_v01_priority"", ""model_id"": ""maker_priority_v1_33_candidate"", ""market_time"": ""09:51:42"", ""side"": ""buy"", ""price"": 135.115, ""quantity_bonds"": 1000.0, ""fill_reason"": ""passive_buy"", ""inventory_after_bonds"": 2000.0, ""reference_tick_id"": 67165, ""crossed_book_residual_price"": 0.0, ""crossed_book_residual_bonds"": 0.0}]","[{""order_id"": 50, ""strategy_id"": ""maker_v01_priority"", ""model_id"": ""maker_priority_v1_33_candidate"", ""market_time"": ""09:51:54"", ""side"": ""sell"", ""price"": 137.283, ""quantity_bonds"": 1000.0, ""fill_reason"": ""passive_sell"", ""inventory_after_bonds"": 1000.0, ""reference_tick_id"": 67175, ""crossed_book_residual_price"": 0.0, ""crossed_book_residual_bonds"": 0.0}]","{""open_time"": ""09:51:42"", ""open_price"": 135.115, ""open_quantity_bonds"": 1000.0, ""close_time"": ""09:51:54"", ""close_price"": 137.283, ""close_quantity_bonds"": 1000.0, ""matched_quantity_bonds"": 1000.0, ""edge"": 2.168, ""gross_edge_cash"": 2168.0}","{""open_time"": ""09:51:42"", ""open_price"": 135.115, ""open_quantity_bonds"": 1000.0, ""close_time"": ""09:51:54"", ""close_price"": 137.283, ""close_quantity_bonds"": 1000.0, ""matched_quantity_bonds"": 1000.0, ""edge"": 2.168, ""gross_edge_cash"": 2168.0}","{""open_time"": ""09:51:42"", ""open_price"": 135.115, ""open_quantity_bonds"": 1000.0, ""close_time"": ""10:05:42"", ""close_price"": 137.295, ""close_quantity_bonds"": 1000.0, ""matched_quantity_bonds"": 1000.0, ""edge"": 2.18, ""gross_edge_cash"": 2180.0}",exact_best_pair_capture,unreviewed,unreviewed
2026-08-13_132026.SH_T004,2026-08-13,132026.SH,buy_then_sell,09:51:46,135.113,09:51:51,137.283,2.17,200,1000,buy,sell,maker_v01_queue,queue,maker_queue_v1_0,1000.0,2000.0,2000.0,2000.0,4434.0,4434.0,0,0,0,0,1000,0,0,[],best_pair_open_leg_matched_only,"[{""order_id"": 49, ""strategy_id"": ""maker_v01_queue"", ""model_id"": ""maker_queue_v1_0"", ""market_time"": ""09:51:45"", ""side"": ""buy"", ""price"": 135.114, ""quantity_bonds"": 1000.0, ""fill_reason"": ""active_deep_discount"", ""inventory_after_bonds"": 2000.0, ""reference_tick_id"": 67167, ""crossed_book_residual_price"": 0.0, ""crossed_book_residual_bonds"": 0.0}]",[],null,null,"{""open_time"": ""09:51:45"", ""open_price"": 135.114, ""open_quantity_bonds"": 1000.0, ""close_time"": ""10:07:06"", ""close_price"": 137.289, ""close_quantity_bonds"": 1000.0, ""matched_quantity_bonds"": 1000.0, ""edge"": 2.175, ""gross_edge_cash"": 2175.0}",economic_pair_cross_turn_600s_needs_path_review,unreviewed,unreviewed
2026-08-13_132026.SH_T005,2026-08-13,132026.SH,sell_then_buy,09:51:51,137.283,09:58:38,135.801,1.482,100,1000,sell,buy,maker_v01_priority,priority,maker_priority_v1_33_candidate,1000.0,2000.0,2000.0,2000.0,4432.0,4432.0,2000,2000,2000,2000,1000,1,1,"[{""order_id"": 50, ""kind"": ""inventory_exit"", ""limit_price"": 137.283, ""quantity_bonds"": 1000.0, ""filled_quantity_bonds"": 1000.0, ""created_market_time"": ""09:51:48"", ""updated_market_time"": ""09:51:54"", ""status"": ""filled"", ""cancel_reason"": null, ""initial_queue_ahead_bonds"": 0.0, ""final_queue_ahead_bonds"": 0.0, ""created_same_second_as_tape"": false}]",best_pair_both_legs_matched,"[{""order_id"": 50, ""strategy_id"": ""maker_v01_priority"", ""model_id"": ""maker_priority_v1_33_candidate"", ""market_time"": ""09:51:54"", ""side"": ""sell"", ""price"": 137.283, ""quantity_bonds"": 1000.0, ""fill_reason"": ""passive_sell"", ""inventory_after_bonds"": 1000.0, ""reference_tick_id"": 67175, ""crossed_book_residual_price"": 0.0, ""crossed_book_residual_bonds"": 0.0}]","[{""order_id"": 139, ""strategy_id"": ""maker_v01_priority"", ""model_id"": ""maker_priority_v1_33_candidate"", ""market_time"": ""09:58:39"", ""side"": ""buy"", ""price"": 135.802, ""quantity_bonds"": 1000.0, ""fill_reason"": ""passive_buy"", ""inventory_after_bonds"": 2000.0, ""reference_tick_id"": 67490, ""crossed_book_residual_price"": 0.0, ""crossed_book_residual_bonds"": 0.0}]",null,"{""open_time"": ""09:51:54"", ""open_price"": 137.283, ""open_quantity_bonds"": 1000.0, ""close_time"": ""09:58:39"", ""close_price"": 135.802, ""close_quantity_bonds"": 1000.0, ""matched_quantity_bonds"": 1000.0, ""edge"": 1.481, ""gross_edge_cash"": 1481.0}","{""open_time"": ""09:51:54"", ""open_price"": 137.283, ""open_quantity_bonds"": 1000.0, ""close_time"": ""09:58:39"", ""close_price"": 135.802, ""close_quantity_bonds"": 1000.0, ""matched_quantity_bonds"": 1000.0, ""edge"": 1.481, ""gross_edge_cash"": 1481.0}",exact_best_pair_capture,unreviewed,unreviewed
2026-08-13_132026.SH_T005,2026-08-13,132026.SH,sell_then_buy,09:51:51,137.283,09:58:38,135.801,1.482,100,1000,sell,buy,maker_v01_queue,queue,maker_queue_v1_0,1000.0,2000.0,2000.0,2000.0,4434.0,4434.0,2000,2000,2000,2000,1000,0,0,[],not_exactly_matched_needs_causal_execution_audit,[],[],null,null,null,causal_mode_in_review_required,unreviewed,unreviewed
2026-08-13_132026.SH_T006,2026-08-13,132026.SH,buy_then_sell,09:58:38,135.801,10:05:34,136.583,0.782,100,1000,buy,sell,maker_v01_priority,priority,maker_priority_v1_33_candidate,1000.0,2000.0,1000.0,1000.0,141715.0,141715.0,1000,1000,1000,1000,1000,1,1,"[{""order_id"": 139, ""kind"": ""low_bid_reversion"", ""limit_price"": 135.802, ""quantity_bonds"": 1000.0, ""filled_quantity_bonds"": 1000.0, ""created_market_time"": ""09:58:15"", ""updated_market_time"": ""09:58:39"", ""status"": ""filled"", ""cancel_reason"": null, ""initial_queue_ahead_bonds"": 0.0, ""final_queue_ahead_bonds"": 0.0, ""created_same_second_as_tape"": false}]",best_pair_both_legs_matched,"[{""order_id"": 139, ""strategy_id"": ""maker_v01_priority"", ""model_id"": ""maker_priority_v1_33_candidate"", ""market_time"": ""09:58:39"", ""side"": ""buy"", ""price"": 135.802, ""quantity_bonds"": 1000.0, ""fill_reason"": ""passive_buy"", ""inventory_after_bonds"": 2000.0, ""reference_tick_id"": 67490, ""crossed_book_residual_price"": 0.0, ""crossed_book_residual_bonds"": 0.0}]","[{""order_id"": 189, ""strategy_id"": ""maker_v01_priority"", ""model_id"": ""maker_priority_v1_33_candidate"", ""market_time"": ""10:05:36"", ""side"": ""sell"", ""price"": 136.582, ""quantity_bonds"": 1000.0, ""fill_reason"": ""passive_sell"", ""inventory_after_bonds"": 1000.0, ""reference_tick_id"": 67751, ""crossed_book_residual_price"": 0.0, ""crossed_book_residual_bonds"": 0.0}]",null,"{""open_time"": ""09:58:39"", ""open_price"": 135.802, ""open_quantity_bonds"": 1000.0, ""close_time"": ""10:05:42"", ""close_price"": 137.295, ""close_quantity_bonds"": 1000.0, ""matched_quantity_bonds"": 1000.0, ""edge"": 1.493, ""gross_edge_cash"": 1493.0}","{""open_time"": ""09:51:42"", ""open_price"": 135.115, ""open_quantity_bonds"": 1000.0, ""close_time"": ""10:09:24"", ""close_price"": 137.797, ""close_quantity_bonds"": 1000.0, ""matched_quantity_bonds"": 1000.0, ""edge"": 2.682, ""gross_edge_cash"": 2682.0}",exact_best_pair_capture,unreviewed,unreviewed
2026-08-13_132026.SH_T006,2026-08-13,132026.SH,buy_then_sell,09:58:38,135.801,10:05:34,136.583,0.782,100,1000,buy,sell,maker_v01_queue,queue,maker_queue_v1_0,1000.0,2000.0,2000.0,2000.0,4434.0,4434.0,0,0,0,0,1000,0,0,[],not_exactly_matched_needs_causal_execution_audit,[],[],null,null,"{""open_time"": ""09:51:45"", ""open_price"": 135.114, ""open_quantity_bonds"": 1000.0, ""close_time"": ""10:07:06"", ""close_price"": 137.289, ""close_quantity_bonds"": 1000.0, ""matched_quantity_bonds"": 1000.0, ""edge"": 2.175, ""gross_edge_cash"": 2175.0}",economic_pair_cross_turn_600s_needs_path_review,unreviewed,unreviewed
2026-08-13_132026.SH_T007,2026-08-13,132026.SH,buy_then_sell,10:05:34,136.583,10:05:41,137.296,0.713,100,1000,buy,sell,maker_v01_priority,priority,maker_priority_v1_33_candidate,1000.0,2000.0,2000.0,2000.0,5913.0,5913.0,0,0,0,0,1000,0,0,[],best_pair_close_leg_matched_only,[],"[{""order_id"": 191, ""strategy_id"": ""maker_v01_priority"", ""model_id"": ""maker_priority_v1_33_candidate"", ""market_time"": ""10:05:42"", ""side"": ""sell"", ""price"": 137.295, ""quantity_bonds"": 1000.0, ""fill_reason"": ""passive_sell"", ""inventory_after_bonds"": 0.0, ""reference_tick_id"": 67757, ""crossed_book_residual_price"": 0.0, ""crossed_book_residual_bonds"": 0.0}]",null,null,"{""open_time"": ""09:58:39"", ""open_price"": 135.802, ""open_quantity_bonds"": 1000.0, ""close_time"": ""10:09:24"", ""close_price"": 137.797, ""close_quantity_bonds"": 1000.0, ""matched_quantity_bonds"": 1000.0, ""edge"": 1.995, ""gross_edge_cash"": 1995.0}",economic_pair_cross_turn_600s_needs_path_review,unreviewed,unreviewed
2026-08-13_132026.SH_T007,2026-08-13,132026.SH,buy_then_sell,10:05:34,136.583,10:05:41,137.296,0.713,100,1000,buy,sell,maker_v01_queue,queue,maker_queue_v1_0,1000.0,2000.0,2000.0,2000.0,4434.0,4434.0,0,0,0,0,1000,0,0,[],not_exactly_matched_needs_causal_execution_audit,[],[],null,null,null,opening_inventory_or_cash_capacity_blocked,unreviewed,unreviewed
2026-08-13_132026.SH_T008,2026-08-13,132026.SH,sell_then_buy,10:05:41,137.296,10:07:11,137.29,0.006,100,1000,sell,buy,maker_v01_priority,priority,maker_priority_v1_33_candidate,1000.0,2000.0,1000.0,1000.0,142495.0,142495.0,1000,1000,1000,1000,1000,1,1,"[{""order_id"": 191, ""kind"": ""inventory_exit"", ""limit_price"": 137.295, ""quantity_bonds"": 1000.0, ""filled_quantity_bonds"": 1000.0, ""created_market_time"": ""10:05:36"", ""updated_market_time"": ""10:05:42"", ""status"": ""filled"", ""cancel_reason"": null, ""initial_queue_ahead_bonds"": 0.0, ""final_queue_ahead_bonds"": 0.0, ""created_same_second_as_tape"": false}]",best_pair_open_leg_matched_only,"[{""order_id"": 191, ""strategy_id"": ""maker_v01_priority"", ""model_id"": ""maker_priority_v1_33_candidate"", ""market_time"": ""10:05:42"", ""side"": ""sell"", ""price"": 137.295, ""quantity_bonds"": 1000.0, ""fill_reason"": ""passive_sell"", ""inventory_after_bonds"": 0.0, ""reference_tick_id"": 67757, ""crossed_book_residual_price"": 0.0, ""crossed_book_residual_bonds"": 0.0}]",[],null,"{""open_time"": ""10:05:42"", ""open_price"": 137.295, ""open_quantity_bonds"": 1000.0, ""close_time"": ""10:07:36"", ""close_price"": 136.002, ""close_quantity_bonds"": 1000.0, ""matched_quantity_bonds"": 1000.0, ""edge"": 1.293, ""gross_edge_cash"": 1293.0}","{""open_time"": ""10:05:42"", ""open_price"": 137.295, ""open_quantity_bonds"": 1000.0, ""close_time"": ""10:07:36"", ""close_price"": 136.002, ""close_quantity_bonds"": 1000.0, ""matched_quantity_bonds"": 1000.0, ""edge"": 1.293, ""gross_edge_cash"": 1293.0}",economic_pair_nearby_needs_cross_turn_review,unreviewed,unreviewed
2026-08-13_132026.SH_T008,2026-08-13,132026.SH,sell_then_buy,10:05:41,137.296,10:07:11,137.29,0.006,100,1000,sell,buy,maker_v01_queue,queue,maker_queue_v1_0,1000.0,2000.0,2000.0,2000.0,4434.0,4434.0,2000,2000,2000,2000,1000,1,1,"[{""order_id"": 192, ""kind"": ""inventory_exit"", ""limit_price"": 137.296, ""quantity_bonds"": 1000.0, ""filled_quantity_bonds"": 0.0, ""created_market_time"": ""10:05:36"", ""updated_market_time"": ""10:05:42"", ""status"": ""cancelled"", ""cancel_reason"": ""maker_reprice"", ""initial_queue_ahead_bonds"": 1000.0, ""final_queue_ahead_bonds"": 0.0, ""created_same_second_as_tape"": false}]",not_exactly_matched_needs_causal_execution_audit,[],[],null,"{""open_time"": ""10:07:06"", ""open_price"": 137.289, ""open_quantity_bonds"": 1000.0, ""close_time"": ""10:07:45"", ""close_price"": 136.199, ""close_quantity_bonds"": 1000.0, ""matched_quantity_bonds"": 1000.0, ""edge"": 1.09, ""gross_edge_cash"": 1090.0}","{""open_time"": ""10:07:06"", ""open_price"": 137.289, ""open_quantity_bonds"": 1000.0, ""close_time"": ""10:07:45"", ""close_price"": 136.199, ""close_quantity_bonds"": 1000.0, ""matched_quantity_bonds"": 1000.0, ""edge"": 1.09, ""gross_edge_cash"": 1090.0}",economic_pair_nearby_needs_cross_turn_review,unreviewed,unreviewed
2026-08-13_132026.SH_T009,2026-08-13,132026.SH,buy_then_sell,10:07:11,137.29,10:07:34,137.298,0.008,100,1000,buy,sell,maker_v01_priority,priority,maker_priority_v1_33_candidate,1000.0,2000.0,0.0,0.0,279790.0,279790.0,2000,2000,2000,2000,1000,0,0,[],not_exactly_matched_needs_causal_execution_audit,[],[],null,null,"{""open_time"": ""09:58:39"", ""open_price"": 135.802, ""open_quantity_bonds"": 1000.0, ""close_time"": ""10:09:24"", ""close_price"": 137.797, ""close_quantity_bonds"": 1000.0, ""matched_quantity_bonds"": 1000.0, ""edge"": 1.995, ""gross_edge_cash"": 1995.0}",economic_pair_cross_turn_600s_needs_path_review,unreviewed,unreviewed
2026-08-13_132026.SH_T009,2026-08-13,132026.SH,buy_then_sell,10:07:11,137.29,10:07:34,137.298,0.008,100,1000,buy,sell,maker_v01_queue,queue,maker_queue_v1_0,1000.0,2000.0,1000.0,1000.0,141723.0,141723.0,1000,1000,1000,1000,1000,0,0,[],not_exactly_matched_needs_causal_execution_audit,[],[],null,null,null,causal_mode_in_review_required,unreviewed,unreviewed
2026-08-13_132026.SH_T010,2026-08-13,132026.SH,sell_then_buy,10:07:34,137.298,10:07:34,136.001,1.297,200,1000,sell,buy,maker_v01_priority,priority,maker_priority_v1_33_candidate,1000.0,2000.0,0.0,0.0,279790.0,279790.0,0,0,0,0,1000,0,0,[],best_pair_close_leg_matched_only,[],"[{""order_id"": 214, ""strategy_id"": ""maker_v01_priority"", ""model_id"": ""maker_priority_v1_33_candidate"", ""market_time"": ""10:07:36"", ""side"": ""buy"", ""price"": 136.002, ""quantity_bonds"": 1000.0, ""fill_reason"": ""passive_buy"", ""inventory_after_bonds"": 1000.0, ""reference_tick_id"": 67851, ""crossed_book_residual_price"": 0.0, ""crossed_book_residual_bonds"": 0.0}]",null,"{""open_time"": ""10:05:42"", ""open_price"": 137.295, ""open_quantity_bonds"": 1000.0, ""close_time"": ""10:07:36"", ""close_price"": 136.002, ""close_quantity_bonds"": 1000.0, ""matched_quantity_bonds"": 1000.0, ""edge"": 1.293, ""gross_edge_cash"": 1293.0}","{""open_time"": ""10:05:42"", ""open_price"": 137.295, ""open_quantity_bonds"": 1000.0, ""close_time"": ""10:07:36"", ""close_price"": 136.002, ""close_quantity_bonds"": 1000.0, ""matched_quantity_bonds"": 1000.0, ""edge"": 1.293, ""gross_edge_cash"": 1293.0}",economic_pair_nearby_needs_cross_turn_review,unreviewed,unreviewed
2026-08-13_132026.SH_T010,2026-08-13,132026.SH,sell_then_buy,10:07:34,137.298,10:07:34,136.001,1.297,200,1000,sell,buy,maker_v01_queue,queue,maker_queue_v1_0,1000.0,2000.0,1000.0,1000.0,141723.0,141723.0,1000,1000,1000,1000,1000,0,0,[],not_exactly_matched_needs_causal_execution_audit,[],[],null,"{""open_time"": ""10:07:06"", ""open_price"": 137.289, ""open_quantity_bonds"": 1000.0, ""close_time"": ""10:07:45"", ""close_price"": 136.199, ""close_quantity_bonds"": 1000.0, ""matched_quantity_bonds"": 1000.0, ""edge"": 1.09, ""gross_edge_cash"": 1090.0}","{""open_time"": ""10:07:06"", ""open_price"": 137.289, ""open_quantity_bonds"": 1000.0, ""close_time"": ""10:07:45"", ""close_price"": 136.199, ""close_quantity_bonds"": 1000.0, ""matched_quantity_bonds"": 1000.0, ""edge"": 1.09, ""gross_edge_cash"": 1090.0}",economic_pair_nearby_needs_cross_turn_review,unreviewed,unreviewed
2026-08-13_132026.SH_T011,2026-08-13,132026.SH,buy_then_sell,10:07:34,136.001,10:07:41,137.287,1.286,100,1000,buy,sell,maker_v01_priority,priority,maker_priority_v1_33_candidate,1000.0,2000.0,0.0,0.0,279790.0,279790.0,2000,2000,2000,2000,1000,1,1,"[{""order_id"": 214, ""kind"": ""profitable_visible_bid_base_replenish"", ""limit_price"": 136.002, ""quantity_bonds"": 1000.0, ""filled_quantity_bonds"": 1000.0, ""created_market_time"": ""10:07:33"", ""updated_market_time"": ""10:07:36"", ""status"": ""filled"", ""cancel_reason"": null, ""initial_queue_ahead_bonds"": 0.0, ""final_queue_ahead_bonds"": 0.0, ""created_same_second_as_tape"": false}]",best_pair_open_leg_matched_only,"[{""order_id"": 214, ""strategy_id"": ""maker_v01_priority"", ""model_id"": ""maker_priority_v1_33_candidate"", ""market_time"": ""10:07:36"", ""side"": ""buy"", ""price"": 136.002, ""quantity_bonds"": 1000.0, ""fill_reason"": ""passive_buy"", ""inventory_after_bonds"": 1000.0, ""reference_tick_id"": 67851, ""crossed_book_residual_price"": 0.0, ""crossed_book_residual_bonds"": 0.0}]",[],null,"{""open_time"": ""10:07:36"", ""open_price"": 136.002, ""open_quantity_bonds"": 1000.0, ""close_time"": ""10:09:24"", ""close_price"": 137.797, ""close_quantity_bonds"": 1000.0, ""matched_quantity_bonds"": 1000.0, ""edge"": 1.795, ""gross_edge_cash"": 1795.0}","{""open_time"": ""09:58:39"", ""open_price"": 135.802, ""open_quantity_bonds"": 1000.0, ""close_time"": ""10:09:24"", ""close_price"": 137.797, ""close_quantity_bonds"": 1000.0, ""matched_quantity_bonds"": 1000.0, ""edge"": 1.995, ""gross_edge_cash"": 1995.0}",economic_pair_nearby_needs_cross_turn_review,unreviewed,unreviewed
2026-08-13_132026.SH_T011,2026-08-13,132026.SH,buy_then_sell,10:07:34,136.001,10:07:41,137.287,1.286,100,1000,buy,sell,maker_v01_queue,queue,maker_queue_v1_0,1000.0,2000.0,1000.0,1000.0,141723.0,141723.0,1000,1000,1000,1000,1000,1,1,"[{""order_id"": 215, ""kind"": ""low_bid_reversion"", ""limit_price"": 136.001, ""quantity_bonds"": 1000.0, ""filled_quantity_bonds"": 0.0, ""created_market_time"": ""10:07:33"", ""updated_market_time"": ""10:07:39"", ""status"": ""cancelled"", ""cancel_reason"": ""maker_reprice"", ""initial_queue_ahead_bonds"": 4000.0, ""final_queue_ahead_bonds"": 1000.0, ""created_same_second_as_tape"": false}]",not_exactly_matched_needs_causal_execution_audit,[],[],null,null,null,preexisting_reaching_order_needs_execution_audit,unreviewed,unreviewed
2026-08-13_132026.SH_T012,2026-08-13,132026.SH,sell_then_buy,10:07:41,137.287,10:07:47,136.001,1.286,100,1000,sell,buy,maker_v01_priority,priority,maker_priority_v1_33_candidate,1000.0,2000.0,1000.0,1000.0,143788.0,143788.0,1000,1000,1000,1000,1000,0,0,[],not_exactly_matched_needs_causal_execution_audit,[],[],null,"{""open_time"": ""10:05:42"", ""open_price"": 137.295, ""open_quantity_bonds"": 1000.0, ""close_time"": ""10:08:36"", ""close_price"": 137.294, ""close_quantity_bonds"": 1000.0, ""matched_quantity_bonds"": 1000.0, ""edge"": 0.001, ""gross_edge_cash"": 1.0}","{""open_time"": ""10:05:42"", ""open_price"": 137.295, ""open_quantity_bonds"": 1000.0, ""close_time"": ""10:17:12"", ""close_price"": 137.0, ""close_quantity_bonds"": 1000.0, ""matched_quantity_bonds"": 1000.0, ""edge"": 0.295, ""gross_edge_cash"": 295.0}",economic_pair_nearby_needs_cross_turn_review,unreviewed,unreviewed
2026-08-13_132026.SH_T012,2026-08-13,132026.SH,sell_then_buy,10:07:41,137.287,10:07:47,136.001,1.286,100,1000,sell,buy,maker_v01_queue,queue,maker_queue_v1_0,1000.0,2000.0,1000.0,1000.0,141723.0,141723.0,1000,1000,1000,1000,1000,0,0,[],not_exactly_matched_needs_causal_execution_audit,[],[],null,"{""open_time"": ""10:07:06"", ""open_price"": 137.289, ""open_quantity_bonds"": 1000.0, ""close_time"": ""10:07:45"", ""close_price"": 136.199, ""close_quantity_bonds"": 1000.0, ""matched_quantity_bonds"": 1000.0, ""edge"": 1.09, ""gross_edge_cash"": 1090.0}","{""open_time"": ""10:07:06"", ""open_price"": 137.289, ""open_quantity_bonds"": 1000.0, ""close_time"": ""10:07:45"", ""close_price"": 136.199, ""close_quantity_bonds"": 1000.0, ""matched_quantity_bonds"": 1000.0, ""edge"": 1.09, ""gross_edge_cash"": 1090.0}",economic_pair_nearby_needs_cross_turn_review,unreviewed,unreviewed
2026-08-13_132026.SH_T013,2026-08-13,132026.SH,buy_then_sell,10:07:47,136.001,10:07:47,136.199,0.198,100,1000,buy,sell,maker_v01_priority,priority,maker_priority_v1_33_candidate,1000.0,2000.0,1000.0,1000.0,143788.0,143788.0,1000,1000,1000,1000,1000,0,0,[],not_exactly_matched_needs_causal_execution_audit,[],[],null,"{""open_time"": ""10:07:36"", ""open_price"": 136.002, ""open_quantity_bonds"": 1000.0, ""close_time"": ""10:09:24"", ""close_price"": 137.797, ""close_quantity_bonds"": 1000.0, ""matched_quantity_bonds"": 1000.0, ""edge"": 1.795, ""gross_edge_cash"": 1795.0}","{""open_time"": ""09:58:39"", ""open_price"": 135.802, ""open_quantity_bonds"": 1000.0, ""close_time"": ""10:09:24"", ""close_price"": 137.797, ""close_quantity_bonds"": 1000.0, ""matched_quantity_bonds"": 1000.0, ""edge"": 1.995, ""gross_edge_cash"": 1995.0}",economic_pair_nearby_needs_cross_turn_review,unreviewed,unreviewed
2026-08-13_132026.SH_T013,2026-08-13,132026.SH,buy_then_sell,10:07:47,136.001,10:07:47,136.199,0.198,100,1000,buy,sell,maker_v01_queue,queue,maker_queue_v1_0,1000.0,2000.0,2000.0,2000.0,5524.0,5524.0,0,0,0,0,1000,0,0,[],not_exactly_matched_needs_causal_execution_audit,[],[],null,"{""open_time"": ""10:07:45"", ""open_price"": 136.199, ""open_quantity_bonds"": 1000.0, ""close_time"": ""10:08:06"", ""close_price"": 137.2, ""close_quantity_bonds"": 1000.0, ""matched_quantity_bonds"": 1000.0, ""edge"": 1.001, ""gross_edge_cash"": 1001.0}","{""open_time"": ""10:07:45"", ""open_price"": 136.199, ""open_quantity_bonds"": 1000.0, ""close_time"": ""10:17:36"", ""close_price"": 137.65, ""close_quantity_bonds"": 1000.0, ""matched_quantity_bonds"": 1000.0, ""edge"": 1.451, ""gross_edge_cash"": 1451.0}",economic_pair_nearby_needs_cross_turn_review,unreviewed,unreviewed
2026-08-13_132026.SH_T014,2026-08-13,132026.SH,buy_then_sell,10:07:48,136.21,10:07:54,137.293,1.083,100,1000,buy,sell,maker_v01_priority,priority,maker_priority_v1_33_candidate,1000.0,2000.0,1000.0,1000.0,143788.0,143788.0,1000,1000,1000,1000,1000,0,0,[],best_pair_close_leg_matched_only,[],"[{""order_id"": 225, ""strategy_id"": ""maker_v01_priority"", ""model_id"": ""maker_priority_v1_33_candidate"", ""market_time"": ""10:07:57"", ""side"": ""sell"", ""price"": 137.292, ""quantity_bonds"": 1000.0, ""fill_reason"": ""passive_sell"", ""inventory_after_bonds"": 0.0, ""reference_tick_id"": 67869, ""crossed_book_residual_price"": 0.0, ""crossed_book_residual_bonds"": 0.0}]",null,"{""open_time"": ""10:07:36"", ""open_price"": 136.002, ""open_quantity_bonds"": 1000.0, ""close_time"": ""10:09:24"", ""close_price"": 137.797, ""close_quantity_bonds"": 1000.0, ""matched_quantity_bonds"": 1000.0, ""edge"": 1.795, ""gross_edge_cash"": 1795.0}","{""open_time"": ""09:58:39"", ""open_price"": 135.802, ""open_quantity_bonds"": 1000.0, ""close_time"": ""10:09:24"", ""close_price"": 137.797, ""close_quantity_bonds"": 1000.0, ""matched_quantity_bonds"": 1000.0, ""edge"": 1.995, ""gross_edge_cash"": 1995.0}",economic_pair_nearby_needs_cross_turn_review,unreviewed,unreviewed
2026-08-13_132026.SH_T014,2026-08-13,132026.SH,buy_then_sell,10:07:48,136.21,10:07:54,137.293,1.083,100,1000,buy,sell,maker_v01_queue,queue,maker_queue_v1_0,1000.0,2000.0,2000.0,2000.0,5524.0,5524.0,0,0,0,0,1000,0,0,[],best_pair_open_leg_matched_only,"[{""order_id"": 220, ""strategy_id"": ""maker_v01_queue"", ""model_id"": ""maker_queue_v1_0"", ""market_time"": ""10:07:45"", ""side"": ""buy"", ""price"": 136.199, ""quantity_bonds"": 1000.0, ""fill_reason"": ""active_deep_discount"", ""inventory_after_bonds"": 2000.0, ""reference_tick_id"": 67858, ""crossed_book_residual_price"": 0.0, ""crossed_book_residual_bonds"": 0.0}]",[],null,"{""open_time"": ""10:07:45"", ""open_price"": 136.199, ""open_quantity_bonds"": 1000.0, ""close_time"": ""10:08:06"", ""close_price"": 137.2, ""close_quantity_bonds"": 1000.0, ""matched_quantity_bonds"": 1000.0, ""edge"": 1.001, ""gross_edge_cash"": 1001.0}","{""open_time"": ""10:07:45"", ""open_price"": 136.199, ""open_quantity_bonds"": 1000.0, ""close_time"": ""10:17:36"", ""close_price"": 137.65, ""close_quantity_bonds"": 1000.0, ""matched_quantity_bonds"": 1000.0, ""edge"": 1.451, ""gross_edge_cash"": 1451.0}",economic_pair_nearby_needs_cross_turn_review,unreviewed,unreviewed
2026-08-13_132026.SH_T015,2026-08-13,132026.SH,sell_then_buy,10:07:54,137.293,10:08:48,137.291,0.002,100,1000,sell,buy,maker_v01_priority,priority,maker_priority_v1_33_candidate,1000.0,2000.0,1000.0,1000.0,143788.0,143788.0,1000,1000,1000,1000,1000,2,1,"[{""order_id"": 223, ""kind"": ""inventory_exit"", ""limit_price"": 137.293, ""quantity_bonds"": 1000.0, ""filled_quantity_bonds"": 0.0, ""created_market_time"": ""10:07:51"", ""updated_market_time"": ""10:07:54"", ""status"": ""cancelled"", ""cancel_reason"": ""maker_reprice"", ""initial_queue_ahead_bonds"": 0.0, ""final_queue_ahead_bonds"": 0.0, ""created_same_second_as_tape"": false}, {""order_id"": 225, ""kind"": ""inventory_exit"", ""limit_price"": 137.292, ""quantity_bonds"": 1000.0, ""filled_quantity_bonds"": 1000.0, ""created_market_time"": ""10:07:54"", ""updated_market_time"": ""10:07:57"", ""status"": ""filled"", ""cancel_reason"": null, ""initial_queue_ahead_bonds"": 0.0, ""final_queue_ahead_bonds"": 0.0, ""created_same_second_as_tape"": true}]",best_pair_open_leg_matched_only,"[{""order_id"": 225, ""strategy_id"": ""maker_v01_priority"", ""model_id"": ""maker_priority_v1_33_candidate"", ""market_time"": ""10:07:57"", ""side"": ""sell"", ""price"": 137.292, ""quantity_bonds"": 1000.0, ""fill_reason"": ""passive_sell"", ""inventory_after_bonds"": 0.0, ""reference_tick_id"": 67869, ""crossed_book_residual_price"": 0.0, ""crossed_book_residual_bonds"": 0.0}]",[],null,null,"{""open_time"": ""10:05:42"", ""open_price"": 137.295, ""open_quantity_bonds"": 1000.0, ""close_time"": ""10:17:12"", ""close_price"": 137.0, ""close_quantity_bonds"": 1000.0, ""matched_quantity_bonds"": 1000.0, ""edge"": 0.295, ""gross_edge_cash"": 295.0}",economic_pair_cross_turn_600s_needs_path_review,unreviewed,unreviewed
2026-08-13_132026.SH_T015,2026-08-13,132026.SH,sell_then_buy,10:07:54,137.293,10:08:48,137.291,0.002,100,1000,sell,buy,maker_v01_queue,queue,maker_queue_v1_0,1000.0,2000.0,2000.0,2000.0,5524.0,5524.0,2000,2000,2000,2000,1000,1,0,"[{""order_id"": 226, ""kind"": ""inventory_exit"", ""limit_price"": 137.293, ""quantity_bonds"": 1000.0, ""filled_quantity_bonds"": 0.0, ""created_market_time"": ""10:07:54"", ""updated_market_time"": ""10:07:57"", ""status"": ""cancelled"", ""cancel_reason"": ""maker_reprice"", ""initial_queue_ahead_bonds"": 2000.0, ""final_queue_ahead_bonds"": 1000.0, ""created_same_second_as_tape"": true}]",not_exactly_matched_needs_causal_execution_audit,[],[],null,null,"{""open_time"": ""10:07:06"", ""open_price"": 137.289, ""open_quantity_bonds"": 1000.0, ""close_time"": ""10:17:12"", ""close_price"": 137.0, ""close_quantity_bonds"": 1000.0, ""matched_quantity_bonds"": 1000.0, ""edge"": 0.289, ""gross_edge_cash"": 289.0}",economic_pair_cross_turn_600s_needs_path_review,unreviewed,unreviewed
2026-08-13_132026.SH_T016,2026-08-13,132026.SH,buy_then_sell,10:08:48,137.291,10:09:22,137.797,0.506,100,1000,buy,sell,maker_v01_priority,priority,maker_priority_v1_33_candidate,1000.0,2000.0,1000.0,1000.0,143786.0,143786.0,1000,1000,1000,1000,1000,0,0,[],best_pair_close_leg_matched_only,[],"[{""order_id"": 246, ""strategy_id"": ""maker_v01_priority"", ""model_id"": ""maker_priority_v1_33_candidate"", ""market_time"": ""10:09:24"", ""side"": ""sell"", ""price"": 137.797, ""quantity_bonds"": 1000.0, ""fill_reason"": ""passive_sell"", ""inventory_after_bonds"": 0.0, ""reference_tick_id"": 67933, ""crossed_book_residual_price"": 0.0, ""crossed_book_residual_bonds"": 0.0}]",null,"{""open_time"": ""10:07:36"", ""open_price"": 136.002, ""open_quantity_bonds"": 1000.0, ""close_time"": ""10:09:24"", ""close_price"": 137.797, ""close_quantity_bonds"": 1000.0, ""matched_quantity_bonds"": 1000.0, ""edge"": 1.795, ""gross_edge_cash"": 1795.0}","{""open_time"": ""10:07:36"", ""open_price"": 136.002, ""open_quantity_bonds"": 1000.0, ""close_time"": ""10:09:24"", ""close_price"": 137.797, ""close_quantity_bonds"": 1000.0, ""matched_quantity_bonds"": 1000.0, ""edge"": 1.795, ""gross_edge_cash"": 1795.0}",economic_pair_nearby_needs_cross_turn_review,unreviewed,unreviewed
2026-08-13_132026.SH_T016,2026-08-13,132026.SH,buy_then_sell,10:08:48,137.291,10:09:22,137.797,0.506,100,1000,buy,sell,maker_v01_queue,queue,maker_queue_v1_0,1000.0,2000.0,1000.0,1000.0,142724.0,142724.0,1000,1000,1000,1000,1000,0,0,[],not_exactly_matched_needs_causal_execution_audit,[],[],null,"{""open_time"": ""10:07:45"", ""open_price"": 136.199, ""open_quantity_bonds"": 1000.0, ""close_time"": ""10:11:06"", ""close_price"": 137.788, ""close_quantity_bonds"": 600.0, ""matched_quantity_bonds"": 600.0, ""edge"": 1.589, ""gross_edge_cash"": 953.4}","{""open_time"": ""10:07:45"", ""open_price"": 136.199, ""open_quantity_bonds"": 1000.0, ""close_time"": ""10:17:36"", ""close_price"": 137.65, ""close_quantity_bonds"": 1000.0, ""matched_quantity_bonds"": 1000.0, ""edge"": 1.451, ""gross_edge_cash"": 1451.0}",economic_pair_nearby_needs_cross_turn_review,unreviewed,unreviewed
2026-08-13_132026.SH_T017,2026-08-13,132026.SH,sell_then_buy,10:09:22,137.797,10:09:26,137.294,0.503,100,1000,sell,buy,maker_v01_priority,priority,maker_priority_v1_33_candidate,1000.0,2000.0,1000.0,1000.0,143786.0,143786.0,1000,1000,1000,1000,1000,1,1,"[{""order_id"": 246, ""kind"": ""inventory_exit"", ""limit_price"": 137.797, ""quantity_bonds"": 1000.0, ""filled_quantity_bonds"": 1000.0, ""created_market_time"": ""10:09:18"", ""updated_market_time"": ""10:09:24"", ""status"": ""filled"", ""cancel_reason"": null, ""initial_queue_ahead_bonds"": 0.0, ""final_queue_ahead_bonds"": 0.0, ""created_same_second_as_tape"": false}]",best_pair_both_legs_matched,"[{""order_id"": 246, ""strategy_id"": ""maker_v01_priority"", ""model_id"": ""maker_priority_v1_33_candidate"", ""market_time"": ""10:09:24"", ""side"": ""sell"", ""price"": 137.797, ""quantity_bonds"": 1000.0, ""fill_reason"": ""passive_sell"", ""inventory_after_bonds"": 0.0, ""reference_tick_id"": 67933, ""crossed_book_residual_price"": 0.0, ""crossed_book_residual_bonds"": 0.0}]","[{""order_id"": 248, ""strategy_id"": ""maker_v01_priority"", ""model_id"": ""maker_priority_v1_33_candidate"", ""market_time"": ""10:09:27"", ""side"": ""buy"", ""price"": 137.295, ""quantity_bonds"": 1000.0, ""fill_reason"": ""passive_buy"", ""inventory_after_bonds"": 1000.0, ""reference_tick_id"": 67936, ""crossed_book_residual_price"": 0.0, ""crossed_book_residual_bonds"": 0.0}]",null,"{""open_time"": ""10:09:24"", ""open_price"": 137.797, ""open_quantity_bonds"": 1000.0, ""close_time"": ""10:09:27"", ""close_price"": 137.295, ""close_quantity_bonds"": 1000.0, ""matched_quantity_bonds"": 1000.0, ""edge"": 0.502, ""gross_edge_cash"": 502.0}","{""open_time"": ""10:09:24"", ""open_price"": 137.797, ""open_quantity_bonds"": 1000.0, ""close_time"": ""10:17:12"", ""close_price"": 137.0, ""close_quantity_bonds"": 1000.0, ""matched_quantity_bonds"": 1000.0, ""edge"": 0.797, ""gross_edge_cash"": 797.0}",exact_best_pair_capture,unreviewed,unreviewed
2026-08-13_132026.SH_T017,2026-08-13,132026.SH,sell_then_buy,10:09:22,137.797,10:09:26,137.294,0.503,100,1000,sell,buy,maker_v01_queue,queue,maker_queue_v1_0,1000.0,2000.0,1000.0,1000.0,142724.0,142724.0,1000,1000,1000,1000,1000,0,0,[],not_exactly_matched_needs_causal_execution_audit,[],[],null,null,"{""open_time"": ""10:07:06"", ""open_price"": 137.289, ""open_quantity_bonds"": 1000.0, ""close_time"": ""10:17:12"", ""close_price"": 137.0, ""close_quantity_bonds"": 1000.0, ""matched_quantity_bonds"": 1000.0, ""edge"": 0.289, ""gross_edge_cash"": 289.0}",economic_pair_cross_turn_600s_needs_path_review,unreviewed,unreviewed
2026-08-13_132026.SH_T018,2026-08-13,132026.SH,buy_then_sell,10:09:30,137.294,10:09:34,137.798,0.504,100,400,buy,sell,maker_v01_priority,priority,maker_priority_v1_33_candidate,1000.0,2000.0,1000.0,1000.0,144288.0,144288.0,1000,1000,1000,1000,400,0,0,[],best_pair_open_leg_matched_only,"[{""order_id"": 248, ""strategy_id"": ""maker_v01_priority"", ""model_id"": ""maker_priority_v1_33_candidate"", ""market_time"": ""10:09:27"", ""side"": ""buy"", ""price"": 137.295, ""quantity_bonds"": 1000.0, ""fill_reason"": ""passive_buy"", ""inventory_after_bonds"": 1000.0, ""reference_tick_id"": 67936, ""crossed_book_residual_price"": 0.0, ""crossed_book_residual_bonds"": 0.0}]",[],null,"{""open_time"": ""10:07:36"", ""open_price"": 136.002, ""open_quantity_bonds"": 1000.0, ""close_time"": ""10:09:42"", ""close_price"": 137.796, ""close_quantity_bonds"": 1000.0, ""matched_quantity_bonds"": 1000.0, ""edge"": 1.794, ""gross_edge_cash"": 1794.0}","{""open_time"": ""10:07:36"", ""open_price"": 136.002, ""open_quantity_bonds"": 1000.0, ""close_time"": ""10:09:42"", ""close_price"": 137.796, ""close_quantity_bonds"": 1000.0, ""matched_quantity_bonds"": 1000.0, ""edge"": 1.794, ""gross_edge_cash"": 1794.0}",economic_pair_nearby_needs_cross_turn_review,unreviewed,unreviewed
2026-08-13_132026.SH_T018,2026-08-13,132026.SH,buy_then_sell,10:09:30,137.294,10:09:34,137.798,0.504,100,400,buy,sell,maker_v01_queue,queue,maker_queue_v1_0,1000.0,2000.0,1000.0,1000.0,142724.0,142724.0,1000,1000,1000,1000,400,0,0,[],not_exactly_matched_needs_causal_execution_audit,[],[],null,"{""open_time"": ""10:07:45"", ""open_price"": 136.199, ""open_quantity_bonds"": 1000.0, ""close_time"": ""10:11:06"", ""close_price"": 137.788, ""close_quantity_bonds"": 600.0, ""matched_quantity_bonds"": 600.0, ""edge"": 1.589, ""gross_edge_cash"": 953.4}","{""open_time"": ""10:07:45"", ""open_price"": 136.199, ""open_quantity_bonds"": 1000.0, ""close_time"": ""10:17:36"", ""close_price"": 137.65, ""close_quantity_bonds"": 1000.0, ""matched_quantity_bonds"": 1000.0, ""edge"": 1.451, ""gross_edge_cash"": 1451.0}",economic_pair_nearby_needs_cross_turn_review,unreviewed,unreviewed
2026-08-13_132026.SH_T019,2026-08-13,132026.SH,sell_then_buy,10:09:34,137.798,10:10:18,137.0,0.798,100,400,sell,buy,maker_v01_priority,priority,maker_priority_v1_33_candidate,1000.0,2000.0,1000.0,1000.0,144288.0,144288.0,1000,1000,1000,1000,400,0,0,[],not_exactly_matched_needs_causal_execution_audit,[],[],null,null,"{""open_time"": ""10:09:24"", ""open_price"": 137.797, ""open_quantity_bonds"": 1000.0, ""close_time"": ""10:17:12"", ""close_price"": 137.0, ""close_quantity_bonds"": 1000.0, ""matched_quantity_bonds"": 1000.0, ""edge"": 0.797, ""gross_edge_cash"": 797.0}",economic_pair_cross_turn_600s_needs_path_review,unreviewed,unreviewed
2026-08-13_132026.SH_T019,2026-08-13,132026.SH,sell_then_buy,10:09:34,137.798,10:10:18,137.0,0.798,100,400,sell,buy,maker_v01_queue,queue,maker_queue_v1_0,1000.0,2000.0,1000.0,1000.0,142724.0,142724.0,1000,1000,1000,1000,400,0,0,[],not_exactly_matched_needs_causal_execution_audit,[],[],null,null,"{""open_time"": ""10:07:06"", ""open_price"": 137.289, ""open_quantity_bonds"": 1000.0, ""close_time"": ""10:17:12"", ""close_price"": 137.0, ""close_quantity_bonds"": 1000.0, ""matched_quantity_bonds"": 1000.0, ""edge"": 0.289, ""gross_edge_cash"": 289.0}",economic_pair_cross_turn_600s_needs_path_review,unreviewed,unreviewed
2026-08-13_132026.SH_T020,2026-08-13,132026.SH,buy_then_sell,10:10:18,137.0,10:10:36,137.795,0.795,100,1000,buy,sell,maker_v01_priority,priority,maker_priority_v1_33_candidate,1000.0,2000.0,0.0,0.0,282084.0,282084.0,2000,2000,2000,2000,1000,0,0,[],not_exactly_matched_needs_causal_execution_audit,[],[],null,null,"{""open_time"": ""10:07:36"", ""open_price"": 136.002, ""open_quantity_bonds"": 1000.0, ""close_time"": ""10:17:36"", ""close_price"": 137.649, ""close_quantity_bonds"": 1000.0, ""matched_quantity_bonds"": 1000.0, ""edge"": 1.647, ""gross_edge_cash"": 1647.0}",economic_pair_cross_turn_600s_needs_path_review,unreviewed,unreviewed
2026-08-13_132026.SH_T020,2026-08-13,132026.SH,buy_then_sell,10:10:18,137.0,10:10:36,137.795,0.795,100,1000,buy,sell,maker_v01_queue,queue,maker_queue_v1_0,1000.0,2000.0,1000.0,1000.0,142724.0,142724.0,1000,1000,1000,1000,1000,0,0,[],not_exactly_matched_needs_causal_execution_audit,[],[],null,null,"{""open_time"": ""10:07:45"", ""open_price"": 136.199, ""open_quantity_bonds"": 1000.0, ""close_time"": ""10:17:36"", ""close_price"": 137.65, ""close_quantity_bonds"": 1000.0, ""matched_quantity_bonds"": 1000.0, ""edge"": 1.451, ""gross_edge_cash"": 1451.0}",economic_pair_cross_turn_600s_needs_path_review,unreviewed,unreviewed
2026-08-13_132026.SH_T021,2026-08-13,132026.SH,sell_then_buy,10:11:05,137.792,10:13:06,137.777,0.015,700,1000,sell,buy,maker_v01_priority,priority,maker_priority_v1_33_candidate,1000.0,2000.0,0.0,0.0,282084.0,282084.0,0,0,0,0,1000,0,0,[],not_exactly_matched_needs_causal_execution_audit,[],[],null,null,"{""open_time"": ""10:09:24"", ""open_price"": 137.797, ""open_quantity_bonds"": 1000.0, ""close_time"": ""10:17:12"", ""close_price"": 137.0, ""close_quantity_bonds"": 1000.0, ""matched_quantity_bonds"": 1000.0, ""edge"": 0.797, ""gross_edge_cash"": 797.0}",economic_pair_cross_turn_600s_needs_path_review,unreviewed,unreviewed
2026-08-13_132026.SH_T021,2026-08-13,132026.SH,sell_then_buy,10:11:05,137.792,10:13:06,137.777,0.015,700,1000,sell,buy,maker_v01_queue,queue,maker_queue_v1_0,1000.0,2000.0,600.0,600.0,197839.2,197839.2,600,600,600,600,1000,1,1,"[{""order_id"": 294, ""kind"": ""inventory_exit"", ""limit_price"": 137.788, ""quantity_bonds"": 600.0, ""filled_quantity_bonds"": 600.0, ""created_market_time"": ""10:11:03"", ""updated_market_time"": ""10:11:06"", ""status"": ""filled"", ""cancel_reason"": null, ""initial_queue_ahead_bonds"": 1000.0, ""final_queue_ahead_bonds"": 0.0, ""created_same_second_as_tape"": false}]",best_pair_open_leg_matched_only,"[{""order_id"": 294, ""strategy_id"": ""maker_v01_queue"", ""model_id"": ""maker_queue_v1_0"", ""market_time"": ""10:11:06"", ""side"": ""sell"", ""price"": 137.788, ""quantity_bonds"": 600.0, ""fill_reason"": ""passive_sell"", ""inventory_after_bonds"": 0.0, ""reference_tick_id"": 68029, ""crossed_book_residual_price"": 0.0, ""crossed_book_residual_bonds"": 0.0}]",[],null,null,"{""open_time"": ""10:11:06"", ""open_price"": 137.788, ""open_quantity_bonds"": 600.0, ""close_time"": ""10:17:12"", ""close_price"": 137.0, ""close_quantity_bonds"": 1000.0, ""matched_quantity_bonds"": 600.0, ""edge"": 0.788, ""gross_edge_cash"": 472.8}",economic_pair_cross_turn_600s_needs_path_review,unreviewed,unreviewed
2026-08-13_132026.SH_T022,2026-08-13,132026.SH,sell_then_buy,10:13:09,137.777,10:17:11,137.2,0.577,100,1000,sell,buy,maker_v01_priority,priority,maker_priority_v1_33_candidate,1000.0,2000.0,0.0,0.0,282084.0,282084.0,0,0,0,0,1000,0,0,[],best_pair_close_leg_matched_only,[],"[{""order_id"": 389, ""strategy_id"": ""maker_v01_priority"", ""model_id"": ""maker_priority_v1_33_candidate"", ""market_time"": ""10:17:12"", ""side"": ""buy"", ""price"": 137.201, ""quantity_bonds"": 1000.0, ""fill_reason"": ""passive_buy"", ""inventory_after_bonds"": 1000.0, ""reference_tick_id"": 68302, ""crossed_book_residual_price"": 0.0, ""crossed_book_residual_bonds"": 0.0}, {""order_id"": 391, ""strategy_id"": ""maker_v01_priority"", ""model_id"": ""maker_priority_v1_33_candidate"", ""market_time"": ""10:17:12"", ""side"": ""buy"", ""price"": 137.0, ""quantity_bonds"": 1000.0, ""fill_reason"": ""active_deep_discount"", ""inventory_after_bonds"": 2000.0, ""reference_tick_id"": 68302, ""crossed_book_residual_price"": 0.0, ""crossed_book_residual_bonds"": 0.0}]",null,null,"{""open_time"": ""10:09:24"", ""open_price"": 137.797, ""open_quantity_bonds"": 1000.0, ""close_time"": ""10:17:12"", ""close_price"": 137.0, ""close_quantity_bonds"": 1000.0, ""matched_quantity_bonds"": 1000.0, ""edge"": 0.797, ""gross_edge_cash"": 797.0}",economic_pair_cross_turn_600s_needs_path_review,unreviewed,unreviewed
2026-08-13_132026.SH_T022,2026-08-13,132026.SH,sell_then_buy,10:13:09,137.777,10:17:11,137.2,0.577,100,1000,sell,buy,maker_v01_queue,queue,maker_queue_v1_0,1000.0,2000.0,0.0,0.0,280512.0,280512.0,0,0,0,0,1000,0,0,[],best_pair_close_leg_matched_only,[],"[{""order_id"": 390, ""strategy_id"": ""maker_v01_queue"", ""model_id"": ""maker_queue_v1_0"", ""market_time"": ""10:17:12"", ""side"": ""buy"", ""price"": 137.2, ""quantity_bonds"": 1000.0, ""fill_reason"": ""passive_buy"", ""inventory_after_bonds"": 1000.0, ""reference_tick_id"": 68302, ""crossed_book_residual_price"": 0.0, ""crossed_book_residual_bonds"": 0.0}, {""order_id"": 392, ""strategy_id"": ""maker_v01_queue"", ""model_id"": ""maker_queue_v1_0"", ""market_time"": ""10:17:12"", ""side"": ""buy"", ""price"": 137.0, ""quantity_bonds"": 1000.0, ""fill_reason"": ""active_deep_discount"", ""inventory_after_bonds"": 2000.0, ""reference_tick_id"": 68302, ""crossed_book_residual_price"": 0.0, ""crossed_book_residual_bonds"": 0.0}]",null,null,"{""open_time"": ""10:11:06"", ""open_price"": 137.788, ""open_quantity_bonds"": 600.0, ""close_time"": ""10:17:12"", ""close_price"": 137.0, ""close_quantity_bonds"": 1000.0, ""matched_quantity_bonds"": 600.0, ""edge"": 0.788, ""gross_edge_cash"": 472.8}",economic_pair_cross_turn_600s_needs_path_review,unreviewed,unreviewed
2026-08-13_132026.SH_T023,2026-08-13,132026.SH,buy_then_sell,10:17:11,137.2,10:17:35,137.66,0.46,100,1000,buy,sell,maker_v01_priority,priority,maker_priority_v1_33_candidate,1000.0,2000.0,0.0,0.0,282084.0,282084.0,2000,2000,2000,2000,1000,1,1,"[{""order_id"": 389, ""kind"": ""profitable_visible_bid_base_replenish"", ""limit_price"": 137.201, ""quantity_bonds"": 1000.0, ""filled_quantity_bonds"": 1000.0, ""created_market_time"": ""10:16:57"", ""updated_market_time"": ""10:17:12"", ""status"": ""filled"", ""cancel_reason"": null, ""initial_queue_ahead_bonds"": 0.0, ""final_queue_ahead_bonds"": 0.0, ""created_same_second_as_tape"": false}]",best_pair_open_leg_matched_only,"[{""order_id"": 389, ""strategy_id"": ""maker_v01_priority"", ""model_id"": ""maker_priority_v1_33_candidate"", ""market_time"": ""10:17:12"", ""side"": ""buy"", ""price"": 137.201, ""quantity_bonds"": 1000.0, ""fill_reason"": ""passive_buy"", ""inventory_after_bonds"": 1000.0, ""reference_tick_id"": 68302, ""crossed_book_residual_price"": 0.0, ""crossed_book_residual_bonds"": 0.0}, {""order_id"": 391, ""strategy_id"": ""maker_v01_priority"", ""model_id"": ""maker_priority_v1_33_candidate"", ""market_time"": ""10:17:12"", ""side"": ""buy"", ""price"": 137.0, ""quantity_bonds"": 1000.0, ""fill_reason"": ""active_deep_discount"", ""inventory_after_bonds"": 2000.0, ""reference_tick_id"": 68302, ""crossed_book_residual_price"": 0.0, ""crossed_book_residual_bonds"": 0.0}]",[],"{""open_time"": ""10:17:12"", ""open_price"": 137.0, ""open_quantity_bonds"": 1000.0, ""close_time"": ""10:17:36"", ""close_price"": 137.649, ""close_quantity_bonds"": 1000.0, ""matched_quantity_bonds"": 1000.0, ""edge"": 0.649, ""gross_edge_cash"": 649.0}","{""open_time"": ""10:17:12"", ""open_price"": 137.0, ""open_quantity_bonds"": 1000.0, ""close_time"": ""10:17:36"", ""close_price"": 137.649, ""close_quantity_bonds"": 1000.0, ""matched_quantity_bonds"": 1000.0, ""edge"": 0.649, ""gross_edge_cash"": 649.0}","{""open_time"": ""10:07:36"", ""open_price"": 136.002, ""open_quantity_bonds"": 1000.0, ""close_time"": ""10:17:36"", ""close_price"": 137.649, ""close_quantity_bonds"": 1000.0, ""matched_quantity_bonds"": 1000.0, ""edge"": 1.647, ""gross_edge_cash"": 1647.0}",economic_pair_within_turn_needs_overlap_review,unreviewed,unreviewed
2026-08-13_132026.SH_T023,2026-08-13,132026.SH,buy_then_sell,10:17:11,137.2,10:17:35,137.66,0.46,100,1000,buy,sell,maker_v01_queue,queue,maker_queue_v1_0,1000.0,2000.0,0.0,0.0,280512.0,280512.0,2000,2000,2000,2000,1000,1,1,"[{""order_id"": 390, ""kind"": ""inventory_replenish"", ""limit_price"": 137.2, ""quantity_bonds"": 1000.0, ""filled_quantity_bonds"": 1000.0, ""created_market_time"": ""10:16:57"", ""updated_market_time"": ""10:17:12"", ""status"": ""filled"", ""cancel_reason"": null, ""initial_queue_ahead_bonds"": 1000.0, ""final_queue_ahead_bonds"": 0.0, ""created_same_second_as_tape"": false}]",best_pair_open_leg_matched_only,"[{""order_id"": 390, ""strategy_id"": ""maker_v01_queue"", ""model_id"": ""maker_queue_v1_0"", ""market_time"": ""10:17:12"", ""side"": ""buy"", ""price"": 137.2, ""quantity_bonds"": 1000.0, ""fill_reason"": ""passive_buy"", ""inventory_after_bonds"": 1000.0, ""reference_tick_id"": 68302, ""crossed_book_residual_price"": 0.0, ""crossed_book_residual_bonds"": 0.0}, {""order_id"": 392, ""strategy_id"": ""maker_v01_queue"", ""model_id"": ""maker_queue_v1_0"", ""market_time"": ""10:17:12"", ""side"": ""buy"", ""price"": 137.0, ""quantity_bonds"": 1000.0, ""fill_reason"": ""active_deep_discount"", ""inventory_after_bonds"": 2000.0, ""reference_tick_id"": 68302, ""crossed_book_residual_price"": 0.0, ""crossed_book_residual_bonds"": 0.0}]",[],"{""open_time"": ""10:17:12"", ""open_price"": 137.0, ""open_quantity_bonds"": 1000.0, ""close_time"": ""10:17:36"", ""close_price"": 137.65, ""close_quantity_bonds"": 1000.0, ""matched_quantity_bonds"": 1000.0, ""edge"": 0.65, ""gross_edge_cash"": 650.0}","{""open_time"": ""10:17:12"", ""open_price"": 137.0, ""open_quantity_bonds"": 1000.0, ""close_time"": ""10:17:36"", ""close_price"": 137.65, ""close_quantity_bonds"": 1000.0, ""matched_quantity_bonds"": 1000.0, ""edge"": 0.65, ""gross_edge_cash"": 650.0}","{""open_time"": ""10:07:45"", ""open_price"": 136.199, ""open_quantity_bonds"": 1000.0, ""close_time"": ""10:17:36"", ""close_price"": 137.65, ""close_quantity_bonds"": 1000.0, ""matched_quantity_bonds"": 1000.0, ""edge"": 1.451, ""gross_edge_cash"": 1451.0}",economic_pair_within_turn_needs_overlap_review,unreviewed,unreviewed
2026-08-13_132026.SH_T024,2026-08-13,132026.SH,sell_then_buy,10:17:35,137.66,10:19:12,137.659,0.001,328,1000,sell,buy,maker_v01_priority,priority,maker_priority_v1_33_candidate,1000.0,2000.0,2000.0,2000.0,7883.0,7883.0,2000,2000,2000,2000,1000,1,1,"[{""order_id"": 395, ""kind"": ""inventory_exit"", ""limit_price"": 137.649, ""quantity_bonds"": 1000.0, ""filled_quantity_bonds"": 1000.0, ""created_market_time"": ""10:17:30"", ""updated_market_time"": ""10:17:36"", ""status"": ""filled"", ""cancel_reason"": null, ""initial_queue_ahead_bonds"": 0.0, ""final_queue_ahead_bonds"": 0.0, ""created_same_second_as_tape"": false}]",not_exactly_matched_needs_causal_execution_audit,[],[],null,null,null,preexisting_reaching_order_needs_execution_audit,unreviewed,unreviewed
2026-08-13_132026.SH_T024,2026-08-13,132026.SH,sell_then_buy,10:17:35,137.66,10:19:12,137.659,0.001,328,1000,sell,buy,maker_v01_queue,queue,maker_queue_v1_0,1000.0,2000.0,2000.0,2000.0,6312.0,6312.0,2000,2000,2000,2000,1000,1,1,"[{""order_id"": 396, ""kind"": ""inventory_exit"", ""limit_price"": 137.65, ""quantity_bonds"": 1000.0, ""filled_quantity_bonds"": 1000.0, ""created_market_time"": ""10:17:30"", ""updated_market_time"": ""10:17:36"", ""status"": ""filled"", ""cancel_reason"": null, ""initial_queue_ahead_bonds"": 1000.0, ""final_queue_ahead_bonds"": 0.0, ""created_same_second_as_tape"": false}]",not_exactly_matched_needs_causal_execution_audit,[],[],null,null,null,preexisting_reaching_order_needs_execution_audit,unreviewed,unreviewed
2026-08-13_132026.SH_T025,2026-08-13,132026.SH,buy_then_sell,10:19:12,137.659,10:19:35,137.66,0.001,645,1000,buy,sell,maker_v01_priority,priority,maker_priority_v1_33_candidate,1000.0,2000.0,1000.0,1000.0,145532.0,145532.0,1000,1000,1000,1000,1000,0,0,[],not_exactly_matched_needs_causal_execution_audit,[],[],null,null,null,causal_mode_in_review_required,unreviewed,unreviewed
2026-08-13_132026.SH_T025,2026-08-13,132026.SH,buy_then_sell,10:19:12,137.659,10:19:35,137.66,0.001,645,1000,buy,sell,maker_v01_queue,queue,maker_queue_v1_0,1000.0,2000.0,1000.0,1000.0,143962.0,143962.0,1000,1000,1000,1000,1000,0,0,[],not_exactly_matched_needs_causal_execution_audit,[],[],null,null,null,causal_mode_in_review_required,unreviewed,unreviewed
2026-08-13_132026.SH_T026,2026-08-13,132026.SH,sell_then_buy,10:19:35,137.66,10:25:36,137.539,0.121,645,1000,sell,buy,maker_v01_priority,priority,maker_priority_v1_33_candidate,1000.0,2000.0,1000.0,1000.0,145532.0,145532.0,1000,1000,1000,1000,1000,0,0,[],not_exactly_matched_needs_causal_execution_audit,[],[],null,null,null,causal_mode_in_review_required,unreviewed,unreviewed
2026-08-13_132026.SH_T026,2026-08-13,132026.SH,sell_then_buy,10:19:35,137.66,10:25:36,137.539,0.121,645,1000,sell,buy,maker_v01_queue,queue,maker_queue_v1_0,1000.0,2000.0,1000.0,1000.0,143962.0,143962.0,1000,1000,1000,1000,1000,0,0,[],not_exactly_matched_needs_causal_execution_audit,[],[],null,null,null,causal_mode_in_review_required,unreviewed,unreviewed
2026-08-13_132026.SH_T027,2026-08-13,132026.SH,buy_then_sell,10:25:36,137.539,10:26:02,137.65,0.111,400,1000,buy,sell,maker_v01_priority,priority,maker_priority_v1_33_candidate,1000.0,2000.0,1000.0,1000.0,145532.0,145532.0,1000,1000,1000,1000,1000,0,0,[],not_exactly_matched_needs_causal_execution_audit,[],[],null,null,null,causal_mode_in_review_required,unreviewed,unreviewed
2026-08-13_132026.SH_T027,2026-08-13,132026.SH,buy_then_sell,10:25:36,137.539,10:26:02,137.65,0.111,400,1000,buy,sell,maker_v01_queue,queue,maker_queue_v1_0,1000.0,2000.0,1000.0,1000.0,143962.0,143962.0,1000,1000,1000,1000,1000,0,0,[],not_exactly_matched_needs_causal_execution_audit,[],[],null,null,null,causal_mode_in_review_required,unreviewed,unreviewed
2026-08-13_132026.SH_T028,2026-08-13,132026.SH,sell_then_buy,10:26:02,137.65,10:27:46,137.514,0.136,100,1000,sell,buy,maker_v01_priority,priority,maker_priority_v1_33_candidate,1000.0,2000.0,1000.0,1000.0,145532.0,145532.0,1000,1000,1000,1000,1000,0,0,[],not_exactly_matched_needs_causal_execution_audit,[],[],null,null,"{""open_time"": ""10:17:36"", ""open_price"": 137.649, ""open_quantity_bonds"": 1000.0, ""close_time"": ""10:37:30"", ""close_price"": 136.16, ""close_quantity_bonds"": 1000.0, ""matched_quantity_bonds"": 1000.0, ""edge"": 1.489, ""gross_edge_cash"": 1489.0}",economic_pair_cross_turn_600s_needs_path_review,unreviewed,unreviewed
2026-08-13_132026.SH_T028,2026-08-13,132026.SH,sell_then_buy,10:26:02,137.65,10:27:46,137.514,0.136,100,1000,sell,buy,maker_v01_queue,queue,maker_queue_v1_0,1000.0,2000.0,1000.0,1000.0,143962.0,143962.0,1000,1000,1000,1000,1000,0,0,[],not_exactly_matched_needs_causal_execution_audit,[],[],null,null,null,causal_mode_in_review_required,unreviewed,unreviewed
2026-08-13_132026.SH_T029,2026-08-13,132026.SH,sell_then_buy,10:28:21,137.511,10:29:13,137.469,0.042,100,1000,sell,buy,maker_v01_priority,priority,maker_priority_v1_33_candidate,1000.0,2000.0,1000.0,1000.0,145532.0,145532.0,1000,1000,1000,1000,1000,0,0,[],not_exactly_matched_needs_causal_execution_audit,[],[],null,null,null,causal_mode_in_review_required,unreviewed,unreviewed
2026-08-13_132026.SH_T029,2026-08-13,132026.SH,sell_then_buy,10:28:21,137.511,10:29:13,137.469,0.042,100,1000,sell,buy,maker_v01_queue,queue,maker_queue_v1_0,1000.0,2000.0,1000.0,1000.0,143962.0,143962.0,1000,1000,1000,1000,1000,0,0,[],not_exactly_matched_needs_causal_execution_audit,[],[],null,null,null,causal_mode_in_review_required,unreviewed,unreviewed
2026-08-13_132026.SH_T030,2026-08-13,132026.SH,sell_then_buy,10:30:46,137.419,10:37:22,137.16,0.259,100,1000,sell,buy,maker_v01_priority,priority,maker_priority_v1_33_candidate,1000.0,2000.0,1000.0,1000.0,145532.0,145532.0,1000,1000,1000,1000,1000,0,0,[],not_exactly_matched_needs_causal_execution_audit,[],[],null,null,null,causal_mode_in_review_required,unreviewed,unreviewed
2026-08-13_132026.SH_T030,2026-08-13,132026.SH,sell_then_buy,10:30:46,137.419,10:37:22,137.16,0.259,100,1000,sell,buy,maker_v01_queue,queue,maker_queue_v1_0,1000.0,2000.0,1000.0,1000.0,143962.0,143962.0,1000,1000,1000,1000,1000,0,0,[],not_exactly_matched_needs_causal_execution_audit,[],[],null,null,null,causal_mode_in_review_required,unreviewed,unreviewed
2026-08-13_132026.SH_T031,2026-08-13,132026.SH,sell_then_buy,10:37:22,137.16,10:37:28,136.159,1.001,100,1000,sell,buy,maker_v01_priority,priority,maker_priority_v1_33_candidate,1000.0,2000.0,1000.0,1000.0,145532.0,145532.0,1000,1000,1000,1000,1000,0,0,[],best_pair_close_leg_matched_only,[],"[{""order_id"": 443, ""strategy_id"": ""maker_v01_priority"", ""model_id"": ""maker_priority_v1_33_candidate"", ""market_time"": ""10:37:30"", ""side"": ""buy"", ""price"": 136.16, ""quantity_bonds"": 1000.0, ""fill_reason"": ""passive_buy"", ""inventory_after_bonds"": 2000.0, ""reference_tick_id"": 69005, ""crossed_book_residual_price"": 0.0, ""crossed_book_residual_bonds"": 0.0}]",null,null,null,causal_mode_in_review_required,unreviewed,unreviewed
2026-08-13_132026.SH_T031,2026-08-13,132026.SH,sell_then_buy,10:37:22,137.16,10:37:28,136.159,1.001,100,1000,sell,buy,maker_v01_queue,queue,maker_queue_v1_0,1000.0,2000.0,1000.0,1000.0,143962.0,143962.0,1000,1000,1000,1000,1000,0,0,[],not_exactly_matched_needs_causal_execution_audit,[],[],null,null,null,causal_mode_in_review_required,unreviewed,unreviewed
2026-08-13_132026.SH_T032,2026-08-13,132026.SH,buy_then_sell,10:37:28,136.159,10:39:51,137.052,0.893,100,1000,buy,sell,maker_v01_priority,priority,maker_priority_v1_33_candidate,1000.0,2000.0,1000.0,1000.0,145532.0,145532.0,1000,1000,1000,1000,1000,1,1,"[{""order_id"": 443, ""kind"": ""low_bid_reversion"", ""limit_price"": 136.16, ""quantity_bonds"": 1000.0, ""filled_quantity_bonds"": 1000.0, ""created_market_time"": ""10:37:24"", ""updated_market_time"": ""10:37:30"", ""status"": ""filled"", ""cancel_reason"": null, ""initial_queue_ahead_bonds"": 0.0, ""final_queue_ahead_bonds"": 0.0, ""created_same_second_as_tape"": false}]",best_pair_open_leg_matched_only,"[{""order_id"": 443, ""strategy_id"": ""maker_v01_priority"", ""model_id"": ""maker_priority_v1_33_candidate"", ""market_time"": ""10:37:30"", ""side"": ""buy"", ""price"": 136.16, ""quantity_bonds"": 1000.0, ""fill_reason"": ""passive_buy"", ""inventory_after_bonds"": 2000.0, ""reference_tick_id"": 69005, ""crossed_book_residual_price"": 0.0, ""crossed_book_residual_bonds"": 0.0}]",[],null,"{""open_time"": ""10:37:30"", ""open_price"": 136.16, ""open_quantity_bonds"": 1000.0, ""close_time"": ""10:41:15"", ""close_price"": 136.701, ""close_quantity_bonds"": 1000.0, ""matched_quantity_bonds"": 1000.0, ""edge"": 0.541, ""gross_edge_cash"": 541.0}","{""open_time"": ""10:37:30"", ""open_price"": 136.16, ""open_quantity_bonds"": 1000.0, ""close_time"": ""10:47:06"", ""close_price"": 137.044, ""close_quantity_bonds"": 1000.0, ""matched_quantity_bonds"": 1000.0, ""edge"": 0.884, ""gross_edge_cash"": 884.0}",economic_pair_nearby_needs_cross_turn_review,unreviewed,unreviewed
2026-08-13_132026.SH_T032,2026-08-13,132026.SH,buy_then_sell,10:37:28,136.159,10:39:51,137.052,0.893,100,1000,buy,sell,maker_v01_queue,queue,maker_queue_v1_0,1000.0,2000.0,1000.0,1000.0,143962.0,143962.0,1000,1000,1000,1000,1000,1,1,"[{""order_id"": 444, ""kind"": ""low_bid_reversion"", ""limit_price"": 136.159, ""quantity_bonds"": 1000.0, ""filled_quantity_bonds"": 0.0, ""created_market_time"": ""10:37:24"", ""updated_market_time"": ""10:37:42"", ""status"": ""cancelled"", ""cancel_reason"": ""maker_reprice"", ""initial_queue_ahead_bonds"": 8000.0, ""final_queue_ahead_bonds"": 7000.0, ""created_same_second_as_tape"": false}]",not_exactly_matched_needs_causal_execution_audit,[],[],null,null,null,preexisting_reaching_order_needs_execution_audit,unreviewed,unreviewed
2026-08-13_132026.SH_T033,2026-08-13,132026.SH,sell_then_buy,10:39:51,137.052,10:41:19,136.72,0.332,100,1000,sell,buy,maker_v01_priority,priority,maker_priority_v1_33_candidate,1000.0,2000.0,2000.0,2000.0,9372.0,9372.0,2000,2000,2000,2000,1000,0,0,[],best_pair_close_leg_matched_only,[],"[{""order_id"": 473, ""strategy_id"": ""maker_v01_priority"", ""model_id"": ""maker_priority_v1_33_candidate"", ""market_time"": ""10:41:18"", ""side"": ""buy"", ""price"": 136.72, ""quantity_bonds"": 1000.0, ""fill_reason"": ""active_deep_discount"", ""inventory_after_bonds"": 2000.0, ""reference_tick_id"": 69167, ""crossed_book_residual_price"": 0.0, ""crossed_book_residual_bonds"": 0.0}]",null,null,null,causal_mode_in_review_required,unreviewed,unreviewed
2026-08-13_132026.SH_T033,2026-08-13,132026.SH,sell_then_buy,10:39:51,137.052,10:41:19,136.72,0.332,100,1000,sell,buy,maker_v01_queue,queue,maker_queue_v1_0,1000.0,2000.0,1000.0,1000.0,143962.0,143962.0,1000,1000,1000,1000,1000,0,0,[],best_pair_close_leg_matched_only,[],"[{""order_id"": 470, ""strategy_id"": ""maker_v01_queue"", ""model_id"": ""maker_queue_v1_0"", ""market_time"": ""10:41:15"", ""side"": ""buy"", ""price"": 136.721, ""quantity_bonds"": 1000.0, ""fill_reason"": ""active_deep_discount"", ""inventory_after_bonds"": 2000.0, ""reference_tick_id"": 69164, ""crossed_book_residual_price"": 0.0, ""crossed_book_residual_bonds"": 0.0}]",null,null,null,causal_mode_in_review_required,unreviewed,unreviewed
2026-08-13_132026.SH_T034,2026-08-13,132026.SH,buy_then_sell,10:41:19,136.72,10:41:19,136.721,0.001,100,1000,buy,sell,maker_v01_priority,priority,maker_priority_v1_33_candidate,1000.0,2000.0,2000.0,2000.0,9353.0,9353.0,0,0,0,0,1000,0,0,[],best_pair_open_leg_matched_only,"[{""order_id"": 473, ""strategy_id"": ""maker_v01_priority"", ""model_id"": ""maker_priority_v1_33_candidate"", ""market_time"": ""10:41:18"", ""side"": ""buy"", ""price"": 136.72, ""quantity_bonds"": 1000.0, ""fill_reason"": ""active_deep_discount"", ""inventory_after_bonds"": 2000.0, ""reference_tick_id"": 69167, ""crossed_book_residual_price"": 0.0, ""crossed_book_residual_bonds"": 0.0}]",[],null,null,"{""open_time"": ""10:37:30"", ""open_price"": 136.16, ""open_quantity_bonds"": 1000.0, ""close_time"": ""10:47:06"", ""close_price"": 137.044, ""close_quantity_bonds"": 1000.0, ""matched_quantity_bonds"": 1000.0, ""edge"": 0.884, ""gross_edge_cash"": 884.0}",economic_pair_cross_turn_600s_needs_path_review,unreviewed,unreviewed
2026-08-13_132026.SH_T034,2026-08-13,132026.SH,buy_then_sell,10:41:19,136.72,10:41:19,136.721,0.001,100,1000,buy,sell,maker_v01_queue,queue,maker_queue_v1_0,1000.0,2000.0,2000.0,2000.0,7241.0,7241.0,0,0,0,0,1000,0,0,[],best_pair_open_leg_matched_only,"[{""order_id"": 470, ""strategy_id"": ""maker_v01_queue"", ""model_id"": ""maker_queue_v1_0"", ""market_time"": ""10:41:15"", ""side"": ""buy"", ""price"": 136.721, ""quantity_bonds"": 1000.0, ""fill_reason"": ""active_deep_discount"", ""inventory_after_bonds"": 2000.0, ""reference_tick_id"": 69164, ""crossed_book_residual_price"": 0.0, ""crossed_book_residual_bonds"": 0.0}]",[],null,null,null,opening_inventory_or_cash_capacity_blocked,unreviewed,unreviewed
2026-08-13_132026.SH_T035,2026-08-13,132026.SH,sell_then_buy,10:41:19,136.721,10:41:46,136.701,0.02,100,1000,sell,buy,maker_v01_priority,priority,maker_priority_v1_33_candidate,1000.0,2000.0,2000.0,2000.0,9353.0,9353.0,2000,2000,2000,2000,1000,0,0,[],not_exactly_matched_needs_causal_execution_audit,[],[],null,null,null,causal_mode_in_review_required,unreviewed,unreviewed
2026-08-13_132026.SH_T035,2026-08-13,132026.SH,sell_then_buy,10:41:19,136.721,10:41:46,136.701,0.02,100,1000,sell,buy,maker_v01_queue,queue,maker_queue_v1_0,1000.0,2000.0,2000.0,2000.0,7241.0,7241.0,2000,2000,2000,2000,1000,0,0,[],not_exactly_matched_needs_causal_execution_audit,[],[],null,null,null,causal_mode_in_review_required,unreviewed,unreviewed
2026-08-13_132026.SH_T036,2026-08-13,132026.SH,buy_then_sell,10:41:46,136.701,10:41:55,137.049,0.348,100,1000,buy,sell,maker_v01_priority,priority,maker_priority_v1_33_candidate,1000.0,2000.0,2000.0,2000.0,9353.0,9353.0,0,0,0,0,1000,0,0,[],not_exactly_matched_needs_causal_execution_audit,[],[],null,null,"{""open_time"": ""10:37:30"", ""open_price"": 136.16, ""open_quantity_bonds"": 1000.0, ""close_time"": ""10:47:06"", ""close_price"": 137.044, ""close_quantity_bonds"": 1000.0, ""matched_quantity_bonds"": 1000.0, ""edge"": 0.884, ""gross_edge_cash"": 884.0}",economic_pair_cross_turn_600s_needs_path_review,unreviewed,unreviewed
2026-08-13_132026.SH_T036,2026-08-13,132026.SH,buy_then_sell,10:41:46,136.701,10:41:55,137.049,0.348,100,1000,buy,sell,maker_v01_queue,queue,maker_queue_v1_0,1000.0,2000.0,2000.0,2000.0,7241.0,7241.0,0,0,0,0,1000,0,0,[],not_exactly_matched_needs_causal_execution_audit,[],[],null,null,null,opening_inventory_or_cash_capacity_blocked,unreviewed,unreviewed
2026-08-13_132026.SH_T037,2026-08-13,132026.SH,sell_then_buy,10:41:55,137.049,10:43:41,136.702,0.347,100,1000,sell,buy,maker_v01_priority,priority,maker_priority_v1_33_candidate,1000.0,2000.0,2000.0,2000.0,9353.0,9353.0,2000,2000,2000,2000,1000,0,0,[],not_exactly_matched_needs_causal_execution_audit,[],[],null,null,null,causal_mode_in_review_required,unreviewed,unreviewed
2026-08-13_132026.SH_T037,2026-08-13,132026.SH,sell_then_buy,10:41:55,137.049,10:43:41,136.702,0.347,100,1000,sell,buy,maker_v01_queue,queue,maker_queue_v1_0,1000.0,2000.0,2000.0,2000.0,7241.0,7241.0,2000,2000,2000,2000,1000,0,0,[],not_exactly_matched_needs_causal_execution_audit,[],[],null,null,null,causal_mode_in_review_required,unreviewed,unreviewed
2026-08-13_132026.SH_T038,2026-08-13,132026.SH,buy_then_sell,10:43:41,136.702,10:45:11,137.045,0.343,100,1000,buy,sell,maker_v01_priority,priority,maker_priority_v1_33_candidate,1000.0,2000.0,2000.0,2000.0,9353.0,9353.0,0,0,0,0,1000,0,0,[],not_exactly_matched_needs_causal_execution_audit,[],[],null,null,"{""open_time"": ""10:37:30"", ""open_price"": 136.16, ""open_quantity_bonds"": 1000.0, ""close_time"": ""10:47:06"", ""close_price"": 137.044, ""close_quantity_bonds"": 1000.0, ""matched_quantity_bonds"": 1000.0, ""edge"": 0.884, ""gross_edge_cash"": 884.0}",economic_pair_cross_turn_600s_needs_path_review,unreviewed,unreviewed
2026-08-13_132026.SH_T038,2026-08-13,132026.SH,buy_then_sell,10:43:41,136.702,10:45:11,137.045,0.343,100,1000,buy,sell,maker_v01_queue,queue,maker_queue_v1_0,1000.0,2000.0,2000.0,2000.0,7241.0,7241.0,0,0,0,0,1000,0,0,[],not_exactly_matched_needs_causal_execution_audit,[],[],null,null,null,opening_inventory_or_cash_capacity_blocked,unreviewed,unreviewed
2026-08-13_132026.SH_T039,2026-08-13,132026.SH,sell_then_buy,10:45:11,137.045,10:45:35,136.704,0.341,100,1000,sell,buy,maker_v01_priority,priority,maker_priority_v1_33_candidate,1000.0,2000.0,2000.0,2000.0,9353.0,9353.0,2000,2000,2000,2000,1000,0,0,[],not_exactly_matched_needs_causal_execution_audit,[],[],null,null,null,causal_mode_in_review_required,unreviewed,unreviewed
2026-08-13_132026.SH_T039,2026-08-13,132026.SH,sell_then_buy,10:45:11,137.045,10:45:35,136.704,0.341,100,1000,sell,buy,maker_v01_queue,queue,maker_queue_v1_0,1000.0,2000.0,2000.0,2000.0,7241.0,7241.0,2000,2000,2000,2000,1000,0,0,[],not_exactly_matched_needs_causal_execution_audit,[],[],null,null,null,causal_mode_in_review_required,unreviewed,unreviewed
2026-08-13_132026.SH_T040,2026-08-13,132026.SH,buy_then_sell,10:45:35,136.704,10:47:04,137.045,0.341,100,1000,buy,sell,maker_v01_priority,priority,maker_priority_v1_33_candidate,1000.0,2000.0,2000.0,2000.0,9353.0,9353.0,0,0,0,0,1000,0,0,[],best_pair_close_leg_matched_only,[],"[{""order_id"": 476, ""strategy_id"": ""maker_v01_priority"", ""model_id"": ""maker_priority_v1_33_candidate"", ""market_time"": ""10:47:06"", ""side"": ""sell"", ""price"": 137.044, ""quantity_bonds"": 1000.0, ""fill_reason"": ""passive_sell"", ""inventory_after_bonds"": 1000.0, ""reference_tick_id"": 69354, ""crossed_book_residual_price"": 0.0, ""crossed_book_residual_bonds"": 0.0}]",null,null,"{""open_time"": ""10:37:30"", ""open_price"": 136.16, ""open_quantity_bonds"": 1000.0, ""close_time"": ""10:47:06"", ""close_price"": 137.044, ""close_quantity_bonds"": 1000.0, ""matched_quantity_bonds"": 1000.0, ""edge"": 0.884, ""gross_edge_cash"": 884.0}",economic_pair_cross_turn_600s_needs_path_review,unreviewed,unreviewed
2026-08-13_132026.SH_T040,2026-08-13,132026.SH,buy_then_sell,10:45:35,136.704,10:47:04,137.045,0.341,100,1000,buy,sell,maker_v01_queue,queue,maker_queue_v1_0,1000.0,2000.0,2000.0,2000.0,7241.0,7241.0,0,0,0,0,1000,0,0,[],not_exactly_matched_needs_causal_execution_audit,[],[],null,null,null,opening_inventory_or_cash_capacity_blocked,unreviewed,unreviewed
2026-08-13_132026.SH_T041,2026-08-13,132026.SH,sell_then_buy,10:47:04,137.045,10:47:33,136.705,0.34,100,1000,sell,buy,maker_v01_priority,priority,maker_priority_v1_33_candidate,1000.0,2000.0,2000.0,2000.0,9353.0,9353.0,2000,2000,2000,2000,1000,1,1,"[{""order_id"": 476, ""kind"": ""inventory_exit"", ""limit_price"": 137.044, ""quantity_bonds"": 1000.0, ""filled_quantity_bonds"": 1000.0, ""created_market_time"": ""10:46:39"", ""updated_market_time"": ""10:47:06"", ""status"": ""filled"", ""cancel_reason"": null, ""initial_queue_ahead_bonds"": 0.0, ""final_queue_ahead_bonds"": 0.0, ""created_same_second_as_tape"": false}]",best_pair_open_leg_matched_only,"[{""order_id"": 476, ""strategy_id"": ""maker_v01_priority"", ""model_id"": ""maker_priority_v1_33_candidate"", ""market_time"": ""10:47:06"", ""side"": ""sell"", ""price"": 137.044, ""quantity_bonds"": 1000.0, ""fill_reason"": ""passive_sell"", ""inventory_after_bonds"": 1000.0, ""reference_tick_id"": 69354, ""crossed_book_residual_price"": 0.0, ""crossed_book_residual_bonds"": 0.0}]",[],null,null,null,preexisting_reaching_order_needs_execution_audit,unreviewed,unreviewed
2026-08-13_132026.SH_T041,2026-08-13,132026.SH,sell_then_buy,10:47:04,137.045,10:47:33,136.705,0.34,100,1000,sell,buy,maker_v01_queue,queue,maker_queue_v1_0,1000.0,2000.0,2000.0,2000.0,7241.0,7241.0,2000,2000,2000,2000,1000,0,0,[],not_exactly_matched_needs_causal_execution_audit,[],[],null,null,null,causal_mode_in_review_required,unreviewed,unreviewed
2026-08-13_132026.SH_T042,2026-08-13,132026.SH,buy_then_sell,10:47:33,136.705,10:48:57,137.044,0.339,200,1000,buy,sell,maker_v01_priority,priority,maker_priority_v1_33_candidate,1000.0,2000.0,1000.0,1000.0,146397.0,146397.0,1000,1000,1000,1000,1000,1,1,"[{""order_id"": 477, ""kind"": ""low_bid_reversion"", ""limit_price"": 136.706, ""quantity_bonds"": 1000.0, ""filled_quantity_bonds"": 0.0, ""created_market_time"": ""10:47:30"", ""updated_market_time"": ""10:47:33"", ""status"": ""cancelled"", ""cancel_reason"": ""entry_context_changed"", ""initial_queue_ahead_bonds"": 0.0, ""final_queue_ahead_bonds"": 0.0, ""created_same_second_as_tape"": false}]",not_exactly_matched_needs_causal_execution_audit,[],[],null,null,"{""open_time"": ""10:41:18"", ""open_price"": 136.72, ""open_quantity_bonds"": 1000.0, ""close_time"": ""11:00:24"", ""close_price"": 136.898, ""close_quantity_bonds"": 1000.0, ""matched_quantity_bonds"": 1000.0, ""edge"": 0.178, ""gross_edge_cash"": 178.0}",economic_pair_cross_turn_600s_needs_path_review,unreviewed,unreviewed
2026-08-13_132026.SH_T042,2026-08-13,132026.SH,buy_then_sell,10:47:33,136.705,10:48:57,137.044,0.339,200,1000,buy,sell,maker_v01_queue,queue,maker_queue_v1_0,1000.0,2000.0,2000.0,2000.0,7241.0,7241.0,0,0,0,0,1000,0,0,[],not_exactly_matched_needs_causal_execution_audit,[],[],null,null,null,opening_inventory_or_cash_capacity_blocked,unreviewed,unreviewed
2026-08-13_132026.SH_T043,2026-08-13,132026.SH,sell_then_buy,10:48:57,137.044,10:56:14,136.85,0.194,300,1000,sell,buy,maker_v01_priority,priority,maker_priority_v1_33_candidate,1000.0,2000.0,1000.0,1000.0,146397.0,146397.0,1000,1000,1000,1000,1000,0,0,[],not_exactly_matched_needs_causal_execution_audit,[],[],null,null,null,causal_mode_in_review_required,unreviewed,unreviewed
2026-08-13_132026.SH_T043,2026-08-13,132026.SH,sell_then_buy,10:48:57,137.044,10:56:14,136.85,0.194,300,1000,sell,buy,maker_v01_queue,queue,maker_queue_v1_0,1000.0,2000.0,2000.0,2000.0,7241.0,7241.0,2000,2000,2000,2000,1000,0,0,[],not_exactly_matched_needs_causal_execution_audit,[],[],null,null,null,causal_mode_in_review_required,unreviewed,unreviewed
2026-08-13_132026.SH_T044,2026-08-13,132026.SH,buy_then_sell,10:56:14,136.85,10:58:29,136.993,0.143,100,1000,buy,sell,maker_v01_priority,priority,maker_priority_v1_33_candidate,1000.0,2000.0,1000.0,1000.0,146397.0,146397.0,1000,1000,1000,1000,1000,0,0,[],not_exactly_matched_needs_causal_execution_audit,[],[],null,null,null,causal_mode_in_review_required,unreviewed,unreviewed
2026-08-13_132026.SH_T044,2026-08-13,132026.SH,buy_then_sell,10:56:14,136.85,10:58:29,136.993,0.143,100,1000,buy,sell,maker_v01_queue,queue,maker_queue_v1_0,1000.0,2000.0,2000.0,2000.0,7241.0,7241.0,0,0,0,0,1000,0,0,[],not_exactly_matched_needs_causal_execution_audit,[],[],null,null,null,opening_inventory_or_cash_capacity_blocked,unreviewed,unreviewed
2026-08-13_132026.SH_T045,2026-08-13,132026.SH,sell_then_buy,10:58:29,136.993,10:58:33,136.501,0.492,300,1000,sell,buy,maker_v01_priority,priority,maker_priority_v1_33_candidate,1000.0,2000.0,1000.0,1000.0,146397.0,146397.0,1000,1000,1000,1000,1000,0,0,[],not_exactly_matched_needs_causal_execution_audit,[],[],null,null,null,causal_mode_in_review_required,unreviewed,unreviewed
2026-08-13_132026.SH_T045,2026-08-13,132026.SH,sell_then_buy,10:58:29,136.993,10:58:33,136.501,0.492,300,1000,sell,buy,maker_v01_queue,queue,maker_queue_v1_0,1000.0,2000.0,2000.0,2000.0,7241.0,7241.0,2000,2000,2000,2000,1000,1,1,"[{""order_id"": 502, ""kind"": ""inventory_exit"", ""limit_price"": 136.993, ""quantity_bonds"": 1000.0, ""filled_quantity_bonds"": 0.0, ""created_market_time"": ""10:57:54"", ""updated_market_time"": ""10:58:30"", ""status"": ""cancelled"", ""cancel_reason"": ""maker_reprice"", ""initial_queue_ahead_bonds"": 1000.0, ""final_queue_ahead_bonds"": 0.0, ""created_same_second_as_tape"": false}]",not_exactly_matched_needs_causal_execution_audit,[],[],null,null,null,preexisting_reaching_order_needs_execution_audit,unreviewed,unreviewed
2026-08-13_132026.SH_T046,2026-08-13,132026.SH,buy_then_sell,10:58:33,136.501,11:00:21,136.899,0.398,100,1000,buy,sell,maker_v01_priority,priority,maker_priority_v1_33_candidate,1000.0,2000.0,1000.0,1000.0,146397.0,146397.0,1000,1000,1000,1000,1000,0,0,[],best_pair_close_leg_matched_only,[],"[{""order_id"": 512, ""strategy_id"": ""maker_v01_priority"", ""model_id"": ""maker_priority_v1_33_candidate"", ""market_time"": ""11:00:24"", ""side"": ""sell"", ""price"": 136.898, ""quantity_bonds"": 1000.0, ""fill_reason"": ""passive_sell"", ""inventory_after_bonds"": 0.0, ""reference_tick_id"": 69855, ""crossed_book_residual_price"": 0.0, ""crossed_book_residual_bonds"": 0.0}]",null,null,null,causal_mode_in_review_required,unreviewed,unreviewed
2026-08-13_132026.SH_T046,2026-08-13,132026.SH,buy_then_sell,10:58:33,136.501,11:00:21,136.899,0.398,100,1000,buy,sell,maker_v01_queue,queue,maker_queue_v1_0,1000.0,2000.0,2000.0,2000.0,7241.0,7241.0,0,0,0,0,1000,0,0,[],not_exactly_matched_needs_causal_execution_audit,[],[],null,null,null,opening_inventory_or_cash_capacity_blocked,unreviewed,unreviewed
2026-08-13_132026.SH_T047,2026-08-13,132026.SH,sell_then_buy,11:00:21,136.899,11:00:25,136.76,0.139,100,1000,sell,buy,maker_v01_priority,priority,maker_priority_v1_33_candidate,1000.0,2000.0,1000.0,1000.0,146397.0,146397.0,1000,1000,1000,1000,1000,1,1,"[{""order_id"": 512, ""kind"": ""inventory_exit"", ""limit_price"": 136.898, ""quantity_bonds"": 1000.0, ""filled_quantity_bonds"": 1000.0, ""created_market_time"": ""11:00:18"", ""updated_market_time"": ""11:00:24"", ""status"": ""filled"", ""cancel_reason"": null, ""initial_queue_ahead_bonds"": 0.0, ""final_queue_ahead_bonds"": 0.0, ""created_same_second_as_tape"": false}]",best_pair_open_leg_matched_only,"[{""order_id"": 512, ""strategy_id"": ""maker_v01_priority"", ""model_id"": ""maker_priority_v1_33_candidate"", ""market_time"": ""11:00:24"", ""side"": ""sell"", ""price"": 136.898, ""quantity_bonds"": 1000.0, ""fill_reason"": ""passive_sell"", ""inventory_after_bonds"": 0.0, ""reference_tick_id"": 69855, ""crossed_book_residual_price"": 0.0, ""crossed_book_residual_bonds"": 0.0}]",[],null,null,"{""open_time"": ""11:00:24"", ""open_price"": 136.898, ""open_quantity_bonds"": 1000.0, ""close_time"": ""11:07:21"", ""close_price"": 136.602, ""close_quantity_bonds"": 380.0, ""matched_quantity_bonds"": 380.0, ""edge"": 0.296, ""gross_edge_cash"": 112.48}",economic_pair_cross_turn_600s_needs_path_review,unreviewed,unreviewed
2026-08-13_132026.SH_T047,2026-08-13,132026.SH,sell_then_buy,11:00:21,136.899,11:00:25,136.76,0.139,100,1000,sell,buy,maker_v01_queue,queue,maker_queue_v1_0,1000.0,2000.0,2000.0,2000.0,7241.0,7241.0,2000,2000,2000,2000,1000,0,0,[],not_exactly_matched_needs_causal_execution_audit,[],[],null,null,null,causal_mode_in_review_required,unreviewed,unreviewed
2026-08-13_132026.SH_T048,2026-08-13,132026.SH,buy_then_sell,11:00:25,136.76,11:02:48,136.987,0.227,485,1000,buy,sell,maker_v01_priority,priority,maker_priority_v1_33_candidate,1000.0,2000.0,0.0,0.0,283295.0,283295.0,2000,2000,2000,2000,1000,0,0,[],not_exactly_matched_needs_causal_execution_audit,[],[],null,null,null,causal_mode_in_review_required,unreviewed,unreviewed
2026-08-13_132026.SH_T048,2026-08-13,132026.SH,buy_then_sell,11:00:25,136.76,11:02:48,136.987,0.227,485,1000,buy,sell,maker_v01_queue,queue,maker_queue_v1_0,1000.0,2000.0,2000.0,2000.0,7241.0,7241.0,0,0,0,0,1000,0,0,[],not_exactly_matched_needs_causal_execution_audit,[],[],null,null,null,opening_inventory_or_cash_capacity_blocked,unreviewed,unreviewed
2026-08-13_132026.SH_T049,2026-08-13,132026.SH,sell_then_buy,11:02:48,136.987,11:05:02,136.76,0.227,409,1000,sell,buy,maker_v01_priority,priority,maker_priority_v1_33_candidate,1000.0,2000.0,0.0,0.0,283295.0,283295.0,0,0,0,0,1000,0,0,[],not_exactly_matched_needs_causal_execution_audit,[],[],null,null,"{""open_time"": ""11:00:24"", ""open_price"": 136.898, ""open_quantity_bonds"": 1000.0, ""close_time"": ""11:07:21"", ""close_price"": 136.602, ""close_quantity_bonds"": 380.0, ""matched_quantity_bonds"": 380.0, ""edge"": 0.296, ""gross_edge_cash"": 112.48}",economic_pair_cross_turn_600s_needs_path_review,unreviewed,unreviewed
2026-08-13_132026.SH_T049,2026-08-13,132026.SH,sell_then_buy,11:02:48,136.987,11:05:02,136.76,0.227,409,1000,sell,buy,maker_v01_queue,queue,maker_queue_v1_0,1000.0,2000.0,2000.0,2000.0,7241.0,7241.0,2000,2000,2000,2000,1000,1,1,"[{""order_id"": 515, ""kind"": ""inventory_exit"", ""limit_price"": 136.987, ""quantity_bonds"": 1000.0, ""filled_quantity_bonds"": 0.0, ""created_market_time"": ""11:02:42"", ""updated_market_time"": ""11:03:00"", ""status"": ""cancelled"", ""cancel_reason"": ""maker_reprice"", ""initial_queue_ahead_bonds"": 2000.0, ""final_queue_ahead_bonds"": 0.0, ""created_same_second_as_tape"": false}]",not_exactly_matched_needs_causal_execution_audit,[],[],null,null,null,preexisting_reaching_order_needs_execution_audit,unreviewed,unreviewed
2026-08-13_132026.SH_T050,2026-08-13,132026.SH,buy_then_sell,11:05:02,136.76,11:06:38,136.987,0.227,100,1000,buy,sell,maker_v01_priority,priority,maker_priority_v1_33_candidate,1000.0,2000.0,0.0,0.0,283295.0,283295.0,2000,2000,2000,2000,1000,0,0,[],not_exactly_matched_needs_causal_execution_audit,[],[],null,null,null,causal_mode_in_review_required,unreviewed,unreviewed
2026-08-13_132026.SH_T050,2026-08-13,132026.SH,buy_then_sell,11:05:02,136.76,11:06:38,136.987,0.227,100,1000,buy,sell,maker_v01_queue,queue,maker_queue_v1_0,1000.0,2000.0,1620.0,1620.0,59295.68,59295.68,380,380,380,380,1000,0,0,[],not_exactly_matched_needs_causal_execution_audit,[],[],null,null,null,opening_capacity_partial,unreviewed,unreviewed
2026-08-13_132026.SH_T051,2026-08-13,132026.SH,sell_then_buy,11:06:38,136.987,11:07:45,136.601,0.386,100,1000,sell,buy,maker_v01_priority,priority,maker_priority_v1_33_candidate,1000.0,2000.0,0.0,0.0,283295.0,283295.0,0,0,0,0,1000,0,0,[],best_pair_close_leg_matched_only,[],"[{""order_id"": 528, ""strategy_id"": ""maker_v01_priority"", ""model_id"": ""maker_priority_v1_33_candidate"", ""market_time"": ""11:07:48"", ""side"": ""buy"", ""price"": 136.602, ""quantity_bonds"": 380.0, ""fill_reason"": ""passive_buy"", ""inventory_after_bonds"": 760.0, ""reference_tick_id"": 70116, ""crossed_book_residual_price"": 0.0, ""crossed_book_residual_bonds"": 0.0}]",null,null,"{""open_time"": ""11:00:24"", ""open_price"": 136.898, ""open_quantity_bonds"": 1000.0, ""close_time"": ""11:17:09"", ""close_price"": 136.668, ""close_quantity_bonds"": 1000.0, ""matched_quantity_bonds"": 1000.0, ""edge"": 0.23, ""gross_edge_cash"": 230.0}",economic_pair_cross_turn_600s_needs_path_review,unreviewed,unreviewed
2026-08-13_132026.SH_T051,2026-08-13,132026.SH,sell_then_buy,11:06:38,136.987,11:07:45,136.601,0.386,100,1000,sell,buy,maker_v01_queue,queue,maker_queue_v1_0,1000.0,2000.0,1620.0,1620.0,59295.68,59295.68,1620,1620,1620,1620,1000,1,1,"[{""order_id"": 524, ""kind"": ""inventory_exit"", ""limit_price"": 136.987, ""quantity_bonds"": 620.0, ""filled_quantity_bonds"": 0.0, ""created_market_time"": ""11:05:15"", ""updated_market_time"": ""11:06:39"", ""status"": ""cancelled"", ""cancel_reason"": ""maker_reprice"", ""initial_queue_ahead_bonds"": 1000.0, ""final_queue_ahead_bonds"": 0.0, ""created_same_second_as_tape"": false}]",not_exactly_matched_needs_causal_execution_audit,[],[],null,null,null,preexisting_reaching_order_needs_execution_audit,unreviewed,unreviewed
2026-08-13_132026.SH_T052,2026-08-13,132026.SH,buy_then_sell,11:07:45,136.601,11:09:12,136.985,0.384,300,1000,buy,sell,maker_v01_priority,priority,maker_priority_v1_33_candidate,1000.0,2000.0,380.0,380.0,231386.24,231386.24,1620,1620,1620,1620,1000,1,1,"[{""order_id"": 528, ""kind"": ""inventory_replenish"", ""limit_price"": 136.602, ""quantity_bonds"": 1000.0, ""filled_quantity_bonds"": 1000.0, ""created_market_time"": ""11:06:39"", ""updated_market_time"": ""11:07:57"", ""status"": ""filled"", ""cancel_reason"": null, ""initial_queue_ahead_bonds"": 0.0, ""final_queue_ahead_bonds"": 0.0, ""created_same_second_as_tape"": false}]",best_pair_open_leg_matched_only,"[{""order_id"": 528, ""strategy_id"": ""maker_v01_priority"", ""model_id"": ""maker_priority_v1_33_candidate"", ""market_time"": ""11:07:48"", ""side"": ""buy"", ""price"": 136.602, ""quantity_bonds"": 380.0, ""fill_reason"": ""passive_buy"", ""inventory_after_bonds"": 760.0, ""reference_tick_id"": 70116, ""crossed_book_residual_price"": 0.0, ""crossed_book_residual_bonds"": 0.0}]",[],null,null,null,preexisting_reaching_order_needs_execution_audit,unreviewed,unreviewed
2026-08-13_132026.SH_T052,2026-08-13,132026.SH,buy_then_sell,11:07:45,136.601,11:09:12,136.985,0.384,300,1000,buy,sell,maker_v01_queue,queue,maker_queue_v1_0,1000.0,2000.0,1620.0,1620.0,59295.68,59295.68,380,380,380,380,1000,1,1,"[{""order_id"": 529, ""kind"": ""low_bid_reversion"", ""limit_price"": 136.601, ""quantity_bonds"": 380.0, ""filled_quantity_bonds"": 0.0, ""created_market_time"": ""11:06:39"", ""updated_market_time"": ""11:08:12"", ""status"": ""cancelled"", ""cancel_reason"": ""maker_reprice"", ""initial_queue_ahead_bonds"": 2000.0, ""final_queue_ahead_bonds"": 240.0, ""created_same_second_as_tape"": false}]",best_pair_close_leg_matched_only,[],"[{""order_id"": 551, ""strategy_id"": ""maker_v01_queue"", ""model_id"": ""maker_queue_v1_0"", ""market_time"": ""11:09:12"", ""side"": ""sell"", ""price"": 136.983, ""quantity_bonds"": 620.0, ""fill_reason"": ""passive_sell"", ""inventory_after_bonds"": 1000.0, ""reference_tick_id"": 70177, ""crossed_book_residual_price"": 0.0, ""crossed_book_residual_bonds"": 0.0}]",null,null,null,opening_capacity_partial,unreviewed,unreviewed
2026-08-13_132026.SH_T053,2026-08-13,132026.SH,sell_then_buy,11:09:12,136.985,11:11:16,136.801,0.184,100,1000,sell,buy,maker_v01_priority,priority,maker_priority_v1_33_candidate,1000.0,2000.0,1000.0,1000.0,146693.0,146693.0,1000,1000,1000,1000,1000,0,0,[],not_exactly_matched_needs_causal_execution_audit,[],[],null,null,"{""open_time"": ""11:00:24"", ""open_price"": 136.898, ""open_quantity_bonds"": 1000.0, ""close_time"": ""11:17:09"", ""close_price"": 136.668, ""close_quantity_bonds"": 1000.0, ""matched_quantity_bonds"": 1000.0, ""edge"": 0.23, ""gross_edge_cash"": 230.0}",economic_pair_cross_turn_600s_needs_path_review,unreviewed,unreviewed
2026-08-13_132026.SH_T053,2026-08-13,132026.SH,sell_then_buy,11:09:12,136.985,11:11:16,136.801,0.184,100,1000,sell,buy,maker_v01_queue,queue,maker_queue_v1_0,1000.0,2000.0,1620.0,1000.0,59295.68,144225.14,1620,1000,1000,1620,1000,1,1,"[{""order_id"": 551, ""kind"": ""inventory_exit"", ""limit_price"": 136.983, ""quantity_bonds"": 620.0, ""filled_quantity_bonds"": 620.0, ""created_market_time"": ""11:08:57"", ""updated_market_time"": ""11:09:12"", ""status"": ""filled"", ""cancel_reason"": null, ""initial_queue_ahead_bonds"": 1000.0, ""final_queue_ahead_bonds"": 0.0, ""created_same_second_as_tape"": false}]",best_pair_open_leg_matched_only,"[{""order_id"": 551, ""strategy_id"": ""maker_v01_queue"", ""model_id"": ""maker_queue_v1_0"", ""market_time"": ""11:09:12"", ""side"": ""sell"", ""price"": 136.983, ""quantity_bonds"": 620.0, ""fill_reason"": ""passive_sell"", ""inventory_after_bonds"": 1000.0, ""reference_tick_id"": 70177, ""crossed_book_residual_price"": 0.0, ""crossed_book_residual_bonds"": 0.0}]",[],null,null,null,preexisting_reaching_order_needs_execution_audit,unreviewed,unreviewed
2026-08-13_132026.SH_T054,2026-08-13,132026.SH,buy_then_sell,11:11:16,136.801,11:12:09,136.984,0.183,100,480,buy,sell,maker_v01_priority,priority,maker_priority_v1_33_candidate,1000.0,2000.0,1000.0,1000.0,146693.0,146693.0,1000,1000,1000,1000,480,0,0,[],not_exactly_matched_needs_causal_execution_audit,[],[],null,null,"{""open_time"": ""11:07:21"", ""open_price"": 136.602, ""open_quantity_bonds"": 380.0, ""close_time"": ""11:21:15"", ""close_price"": 136.892, ""close_quantity_bonds"": 1000.0, ""matched_quantity_bonds"": 380.0, ""edge"": 0.29, ""gross_edge_cash"": 110.2}",economic_pair_cross_turn_600s_needs_path_review,unreviewed,unreviewed
2026-08-13_132026.SH_T054,2026-08-13,132026.SH,buy_then_sell,11:11:16,136.801,11:12:09,136.984,0.183,100,480,buy,sell,maker_v01_queue,queue,maker_queue_v1_0,1000.0,2000.0,1000.0,1000.0,144225.14,144225.14,1000,1000,1000,1000,480,0,0,[],not_exactly_matched_needs_causal_execution_audit,[],[],null,null,null,causal_mode_in_review_required,unreviewed,unreviewed
2026-08-13_132026.SH_T055,2026-08-13,132026.SH,sell_then_buy,11:12:09,136.984,11:12:52,136.901,0.083,100,480,sell,buy,maker_v01_priority,priority,maker_priority_v1_33_candidate,1000.0,2000.0,1000.0,1000.0,146693.0,146693.0,1000,1000,1000,1000,480,0,0,[],not_exactly_matched_needs_causal_execution_audit,[],[],null,null,null,causal_mode_in_review_required,unreviewed,unreviewed
2026-08-13_132026.SH_T055,2026-08-13,132026.SH,sell_then_buy,11:12:09,136.984,11:12:52,136.901,0.083,100,480,sell,buy,maker_v01_queue,queue,maker_queue_v1_0,1000.0,2000.0,1000.0,1000.0,144225.14,144225.14,1000,1000,1000,1000,480,0,0,[],not_exactly_matched_needs_causal_execution_audit,[],[],null,null,"{""open_time"": ""11:04:54"", ""open_price"": 136.986, ""open_quantity_bonds"": 380.0, ""close_time"": ""11:22:30"", ""close_price"": 136.601, ""close_quantity_bonds"": 380.0, ""matched_quantity_bonds"": 380.0, ""edge"": 0.385, ""gross_edge_cash"": 146.3}",economic_pair_cross_turn_600s_needs_path_review,unreviewed,unreviewed
2026-08-13_132026.SH_T056,2026-08-13,132026.SH,buy_then_sell,11:12:52,136.901,11:13:41,136.984,0.083,100,520,buy,sell,maker_v01_priority,priority,maker_priority_v1_33_candidate,1000.0,2000.0,1000.0,1000.0,146693.0,146693.0,1000,1000,1000,1000,520,0,0,[],not_exactly_matched_needs_causal_execution_audit,[],[],null,null,"{""open_time"": ""11:07:21"", ""open_price"": 136.602, ""open_quantity_bonds"": 380.0, ""close_time"": ""11:21:15"", ""close_price"": 136.892, ""close_quantity_bonds"": 1000.0, ""matched_quantity_bonds"": 380.0, ""edge"": 0.29, ""gross_edge_cash"": 110.2}",economic_pair_cross_turn_600s_needs_path_review,unreviewed,unreviewed
2026-08-13_132026.SH_T056,2026-08-13,132026.SH,buy_then_sell,11:12:52,136.901,11:13:41,136.984,0.083,100,520,buy,sell,maker_v01_queue,queue,maker_queue_v1_0,1000.0,2000.0,1000.0,1000.0,144225.14,144225.14,1000,1000,1000,1000,520,0,0,[],not_exactly_matched_needs_causal_execution_audit,[],[],null,null,null,causal_mode_in_review_required,unreviewed,unreviewed
2026-08-13_132026.SH_T057,2026-08-13,132026.SH,sell_then_buy,11:13:41,136.984,11:13:43,136.901,0.083,100,520,sell,buy,maker_v01_priority,priority,maker_priority_v1_33_candidate,1000.0,2000.0,1000.0,1000.0,146693.0,146693.0,1000,1000,1000,1000,520,0,0,[],not_exactly_matched_needs_causal_execution_audit,[],[],null,null,null,causal_mode_in_review_required,unreviewed,unreviewed
2026-08-13_132026.SH_T057,2026-08-13,132026.SH,sell_then_buy,11:13:41,136.984,11:13:43,136.901,0.083,100,520,sell,buy,maker_v01_queue,queue,maker_queue_v1_0,1000.0,2000.0,1000.0,1000.0,144225.14,144225.14,1000,1000,1000,1000,520,0,0,[],not_exactly_matched_needs_causal_execution_audit,[],[],null,null,"{""open_time"": ""11:04:54"", ""open_price"": 136.986, ""open_quantity_bonds"": 380.0, ""close_time"": ""11:22:30"", ""close_price"": 136.601, ""close_quantity_bonds"": 380.0, ""matched_quantity_bonds"": 380.0, ""edge"": 0.385, ""gross_edge_cash"": 146.3}",economic_pair_cross_turn_600s_needs_path_review,unreviewed,unreviewed
2026-08-13_132026.SH_T058,2026-08-13,132026.SH,sell_then_buy,11:14:38,136.901,11:14:38,136.9,0.001,100,240,sell,buy,maker_v01_priority,priority,maker_priority_v1_33_candidate,1000.0,2000.0,1000.0,1000.0,146693.0,146693.0,1000,1000,1000,1000,240,0,0,[],not_exactly_matched_needs_causal_execution_audit,[],[],null,null,null,causal_mode_in_review_required,unreviewed,unreviewed
2026-08-13_132026.SH_T058,2026-08-13,132026.SH,sell_then_buy,11:14:38,136.901,11:14:38,136.9,0.001,100,240,sell,buy,maker_v01_queue,queue,maker_queue_v1_0,1000.0,2000.0,1000.0,1000.0,144225.14,144225.14,1000,1000,1000,1000,240,0,0,[],not_exactly_matched_needs_causal_execution_audit,[],[],null,null,"{""open_time"": ""11:04:54"", ""open_price"": 136.986, ""open_quantity_bonds"": 380.0, ""close_time"": ""11:22:30"", ""close_price"": 136.601, ""close_quantity_bonds"": 380.0, ""matched_quantity_bonds"": 380.0, ""edge"": 0.385, ""gross_edge_cash"": 146.3}",economic_pair_cross_turn_600s_needs_path_review,unreviewed,unreviewed
2026-08-13_132026.SH_T059,2026-08-13,132026.SH,sell_then_buy,11:14:38,136.9,11:17:07,136.667,0.233,100,1000,sell,buy,maker_v01_priority,priority,maker_priority_v1_33_candidate,1000.0,2000.0,1000.0,1000.0,146693.0,146693.0,1000,1000,1000,1000,1000,0,0,[],best_pair_close_leg_matched_only,[],"[{""order_id"": 552, ""strategy_id"": ""maker_v01_priority"", ""model_id"": ""maker_priority_v1_33_candidate"", ""market_time"": ""11:17:09"", ""side"": ""buy"", ""price"": 136.668, ""quantity_bonds"": 1000.0, ""fill_reason"": ""passive_buy"", ""inventory_after_bonds"": 2000.0, ""reference_tick_id"": 70431, ""crossed_book_residual_price"": 0.0, ""crossed_book_residual_bonds"": 0.0}]",null,null,null,causal_mode_in_review_required,unreviewed,unreviewed
2026-08-13_132026.SH_T059,2026-08-13,132026.SH,sell_then_buy,11:14:38,136.9,11:17:07,136.667,0.233,100,1000,sell,buy,maker_v01_queue,queue,maker_queue_v1_0,1000.0,2000.0,1000.0,1000.0,144225.14,144225.14,1000,1000,1000,1000,1000,0,0,[],not_exactly_matched_needs_causal_execution_audit,[],[],null,null,"{""open_time"": ""11:09:12"", ""open_price"": 136.983, ""open_quantity_bonds"": 620.0, ""close_time"": ""11:25:21"", ""close_price"": 136.601, ""close_quantity_bonds"": 620.0, ""matched_quantity_bonds"": 620.0, ""edge"": 0.382, ""gross_edge_cash"": 236.84}",economic_pair_cross_turn_600s_needs_path_review,unreviewed,unreviewed
2026-08-13_132026.SH_T060,2026-08-13,132026.SH,buy_then_sell,11:17:07,136.667,11:21:14,136.893,0.226,200,1000,buy,sell,maker_v01_priority,priority,maker_priority_v1_33_candidate,1000.0,2000.0,1000.0,1000.0,146693.0,146693.0,1000,1000,1000,1000,1000,1,1,"[{""order_id"": 552, ""kind"": ""low_bid_reversion"", ""limit_price"": 136.668, ""quantity_bonds"": 1000.0, ""filled_quantity_bonds"": 1000.0, ""created_market_time"": ""11:16:51"", ""updated_market_time"": ""11:17:09"", ""status"": ""filled"", ""cancel_reason"": null, ""initial_queue_ahead_bonds"": 0.0, ""final_queue_ahead_bonds"": 0.0, ""created_same_second_as_tape"": false}]",best_pair_both_legs_matched,"[{""order_id"": 552, ""strategy_id"": ""maker_v01_priority"", ""model_id"": ""maker_priority_v1_33_candidate"", ""market_time"": ""11:17:09"", ""side"": ""buy"", ""price"": 136.668, ""quantity_bonds"": 1000.0, ""fill_reason"": ""passive_buy"", ""inventory_after_bonds"": 2000.0, ""reference_tick_id"": 70431, ""crossed_book_residual_price"": 0.0, ""crossed_book_residual_bonds"": 0.0}]","[{""order_id"": 567, ""strategy_id"": ""maker_v01_priority"", ""model_id"": ""maker_priority_v1_33_candidate"", ""market_time"": ""11:21:15"", ""side"": ""sell"", ""price"": 136.892, ""quantity_bonds"": 1000.0, ""fill_reason"": ""passive_sell"", ""inventory_after_bonds"": 1000.0, ""reference_tick_id"": 70562, ""crossed_book_residual_price"": 0.0, ""crossed_book_residual_bonds"": 0.0}]",null,"{""open_time"": ""11:17:09"", ""open_price"": 136.668, ""open_quantity_bonds"": 1000.0, ""close_time"": ""11:21:15"", ""close_price"": 136.892, ""close_quantity_bonds"": 1000.0, ""matched_quantity_bonds"": 1000.0, ""edge"": 0.224, ""gross_edge_cash"": 224.0}","{""open_time"": ""11:17:09"", ""open_price"": 136.668, ""open_quantity_bonds"": 1000.0, ""close_time"": ""11:21:15"", ""close_price"": 136.892, ""close_quantity_bonds"": 1000.0, ""matched_quantity_bonds"": 1000.0, ""edge"": 0.224, ""gross_edge_cash"": 224.0}",exact_best_pair_capture,unreviewed,unreviewed
2026-08-13_132026.SH_T060,2026-08-13,132026.SH,buy_then_sell,11:17:07,136.667,11:21:14,136.893,0.226,200,1000,buy,sell,maker_v01_queue,queue,maker_queue_v1_0,1000.0,2000.0,1000.0,1000.0,144225.14,144225.14,1000,1000,1000,1000,1000,1,1,"[{""order_id"": 553, ""kind"": ""low_bid_reversion"", ""limit_price"": 136.667, ""quantity_bonds"": 1000.0, ""filled_quantity_bonds"": 0.0, ""created_market_time"": ""11:16:51"", ""updated_market_time"": ""11:17:30"", ""status"": ""cancelled"", ""cancel_reason"": ""maker_reprice"", ""initial_queue_ahead_bonds"": 1000.0, ""final_queue_ahead_bonds"": 0.0, ""created_same_second_as_tape"": false}]",not_exactly_matched_needs_causal_execution_audit,[],[],null,null,null,preexisting_reaching_order_needs_execution_audit,unreviewed,unreviewed
2026-08-13_132026.SH_T061,2026-08-13,132026.SH,sell_then_buy,11:21:14,136.893,11:21:51,136.612,0.281,200,2000,sell,buy,maker_v01_priority,priority,maker_priority_v1_33_candidate,1000.0,2000.0,2000.0,2000.0,10025.0,10025.0,2000,2000,2000,2000,1000,1,1,"[{""order_id"": 567, ""kind"": ""inventory_exit"", ""limit_price"": 136.892, ""quantity_bonds"": 1000.0, ""filled_quantity_bonds"": 1000.0, ""created_market_time"": ""11:19:33"", ""updated_market_time"": ""11:21:15"", ""status"": ""filled"", ""cancel_reason"": null, ""initial_queue_ahead_bonds"": 0.0, ""final_queue_ahead_bonds"": 0.0, ""created_same_second_as_tape"": false}]",best_pair_both_legs_matched,"[{""order_id"": 567, ""strategy_id"": ""maker_v01_priority"", ""model_id"": ""maker_priority_v1_33_candidate"", ""market_time"": ""11:21:15"", ""side"": ""sell"", ""price"": 136.892, ""quantity_bonds"": 1000.0, ""fill_reason"": ""passive_sell"", ""inventory_after_bonds"": 1000.0, ""reference_tick_id"": 70562, ""crossed_book_residual_price"": 0.0, ""crossed_book_residual_bonds"": 0.0}]","[{""order_id"": 582, ""strategy_id"": ""maker_v01_priority"", ""model_id"": ""maker_priority_v1_33_candidate"", ""market_time"": ""11:21:51"", ""side"": ""buy"", ""price"": 136.612, ""quantity_bonds"": 380.0, ""fill_reason"": ""passive_buy"", ""inventory_after_bonds"": 1380.0, ""reference_tick_id"": 70584, ""crossed_book_residual_price"": 0.0, ""crossed_book_residual_bonds"": 0.0}]","{""open_time"": ""11:21:15"", ""open_price"": 136.892, ""open_quantity_bonds"": 1000.0, ""close_time"": ""11:21:51"", ""close_price"": 136.612, ""close_quantity_bonds"": 380.0, ""matched_quantity_bonds"": 380.0, ""edge"": 0.28, ""gross_edge_cash"": 106.4}","{""open_time"": ""11:21:15"", ""open_price"": 136.892, ""open_quantity_bonds"": 1000.0, ""close_time"": ""11:22:30"", ""close_price"": 136.602, ""close_quantity_bonds"": 620.0, ""matched_quantity_bonds"": 620.0, ""edge"": 0.29, ""gross_edge_cash"": 179.8}","{""open_time"": ""11:21:15"", ""open_price"": 136.892, ""open_quantity_bonds"": 1000.0, ""close_time"": ""11:28:18"", ""close_price"": 136.002, ""close_quantity_bonds"": 1000.0, ""matched_quantity_bonds"": 1000.0, ""edge"": 0.89, ""gross_edge_cash"": 890.0}",exact_best_pair_capture,unreviewed,unreviewed
2026-08-13_132026.SH_T061,2026-08-13,132026.SH,sell_then_buy,11:21:14,136.893,11:21:51,136.612,0.281,200,2000,sell,buy,maker_v01_queue,queue,maker_queue_v1_0,1000.0,2000.0,1000.0,1000.0,144225.14,144225.14,1000,1000,1000,1000,1000,0,0,[],not_exactly_matched_needs_causal_execution_audit,[],[],null,null,null,causal_mode_in_review_required,unreviewed,unreviewed
2026-08-13_132026.SH_T062,2026-08-13,132026.SH,buy_then_sell,11:21:51,136.612,11:22:05,136.893,0.281,100,1000,buy,sell,maker_v01_priority,priority,maker_priority_v1_33_candidate,1000.0,2000.0,1000.0,1380.0,146917.0,95004.44,1000,620,620,1000,1000,2,1,"[{""order_id"": 582, ""kind"": ""low_bid_reversion"", ""limit_price"": 136.612, ""quantity_bonds"": 1000.0, ""filled_quantity_bonds"": 380.0, ""created_market_time"": ""11:21:36"", ""updated_market_time"": ""11:21:51"", ""status"": ""cancelled"", ""cancel_reason"": ""maker_reprice"", ""initial_queue_ahead_bonds"": 0.0, ""final_queue_ahead_bonds"": 0.0, ""created_same_second_as_tape"": false}, {""order_id"": 584, ""kind"": ""low_bid_reversion"", ""limit_price"": 136.613, ""quantity_bonds"": 620.0, ""filled_quantity_bonds"": 0.0, ""created_market_time"": ""11:21:51"", ""updated_market_time"": ""11:22:06"", ""status"": ""cancelled"", ""cancel_reason"": ""maker_reprice"", ""initial_queue_ahead_bonds"": 0.0, ""final_queue_ahead_bonds"": 0.0, ""created_same_second_as_tape"": true}]",best_pair_both_legs_matched,"[{""order_id"": 582, ""strategy_id"": ""maker_v01_priority"", ""model_id"": ""maker_priority_v1_33_candidate"", ""market_time"": ""11:21:51"", ""side"": ""buy"", ""price"": 136.612, ""quantity_bonds"": 380.0, ""fill_reason"": ""passive_buy"", ""inventory_after_bonds"": 1380.0, ""reference_tick_id"": 70584, ""crossed_book_residual_price"": 0.0, ""crossed_book_residual_bonds"": 0.0}]","[{""order_id"": 585, ""strategy_id"": ""maker_v01_priority"", ""model_id"": ""maker_priority_v1_33_candidate"", ""market_time"": ""11:22:06"", ""side"": ""sell"", ""price"": 136.892, ""quantity_bonds"": 380.0, ""fill_reason"": ""passive_sell"", ""inventory_after_bonds"": 1000.0, ""reference_tick_id"": 70592, ""crossed_book_residual_price"": 0.0, ""crossed_book_residual_bonds"": 0.0}]",null,"{""open_time"": ""11:21:51"", ""open_price"": 136.612, ""open_quantity_bonds"": 380.0, ""close_time"": ""11:22:06"", ""close_price"": 136.892, ""close_quantity_bonds"": 380.0, ""matched_quantity_bonds"": 380.0, ""edge"": 0.28, ""gross_edge_cash"": 106.4}","{""open_time"": ""11:17:09"", ""open_price"": 136.668, ""open_quantity_bonds"": 1000.0, ""close_time"": ""11:25:36"", ""close_price"": 136.888, ""close_quantity_bonds"": 620.0, ""matched_quantity_bonds"": 620.0, ""edge"": 0.22, ""gross_edge_cash"": 136.4}",exact_best_pair_capture,unreviewed,unreviewed
2026-08-13_132026.SH_T062,2026-08-13,132026.SH,buy_then_sell,11:21:51,136.612,11:22:05,136.893,0.281,100,1000,buy,sell,maker_v01_queue,queue,maker_queue_v1_0,1000.0,2000.0,1000.0,1000.0,144225.14,144225.14,1000,1000,1000,1000,1000,1,0,"[{""order_id"": 586, ""kind"": ""low_bid_reversion"", ""limit_price"": 136.612, ""quantity_bonds"": 1000.0, ""filled_quantity_bonds"": 0.0, ""created_market_time"": ""11:21:51"", ""updated_market_time"": ""11:22:15"", ""status"": ""cancelled"", ""cancel_reason"": ""maker_reprice"", ""initial_queue_ahead_bonds"": 620.0, ""final_queue_ahead_bonds"": 620.0, ""created_same_second_as_tape"": true}]",not_exactly_matched_needs_causal_execution_audit,[],[],null,null,null,causal_mode_in_review_required,unreviewed,unreviewed
2026-08-13_132026.SH_T063,2026-08-13,132026.SH,sell_then_buy,11:22:05,136.893,11:23:10,136.551,0.342,100,1000,sell,buy,maker_v01_priority,priority,maker_priority_v1_33_candidate,1000.0,2000.0,1380.0,1380.0,95004.44,95004.44,1380,1380,1380,1380,1000,1,1,"[{""order_id"": 585, ""kind"": ""inventory_exit"", ""limit_price"": 136.892, ""quantity_bonds"": 380.0, ""filled_quantity_bonds"": 380.0, ""created_market_time"": ""11:21:51"", ""updated_market_time"": ""11:22:06"", ""status"": ""filled"", ""cancel_reason"": null, ""initial_queue_ahead_bonds"": 0.0, ""final_queue_ahead_bonds"": 0.0, ""created_same_second_as_tape"": false}]",best_pair_open_leg_matched_only,"[{""order_id"": 585, ""strategy_id"": ""maker_v01_priority"", ""model_id"": ""maker_priority_v1_33_candidate"", ""market_time"": ""11:22:06"", ""side"": ""sell"", ""price"": 136.892, ""quantity_bonds"": 380.0, ""fill_reason"": ""passive_sell"", ""inventory_after_bonds"": 1000.0, ""reference_tick_id"": 70592, ""crossed_book_residual_price"": 0.0, ""crossed_book_residual_bonds"": 0.0}]",[],"{""open_time"": ""11:22:06"", ""open_price"": 136.892, ""open_quantity_bonds"": 380.0, ""close_time"": ""11:22:24"", ""close_price"": 136.602, ""close_quantity_bonds"": 380.0, ""matched_quantity_bonds"": 380.0, ""edge"": 0.29, ""gross_edge_cash"": 110.2}","{""open_time"": ""11:21:15"", ""open_price"": 136.892, ""open_quantity_bonds"": 1000.0, ""close_time"": ""11:22:30"", ""close_price"": 136.602, ""close_quantity_bonds"": 620.0, ""matched_quantity_bonds"": 620.0, ""edge"": 0.29, ""gross_edge_cash"": 179.8}","{""open_time"": ""11:21:15"", ""open_price"": 136.892, ""open_quantity_bonds"": 1000.0, ""close_time"": ""11:28:18"", ""close_price"": 136.002, ""close_quantity_bonds"": 1000.0, ""matched_quantity_bonds"": 1000.0, ""edge"": 0.89, ""gross_edge_cash"": 890.0}",economic_pair_within_turn_needs_overlap_review,unreviewed,unreviewed
2026-08-13_132026.SH_T063,2026-08-13,132026.SH,sell_then_buy,11:22:05,136.893,11:23:10,136.551,0.342,100,1000,sell,buy,maker_v01_queue,queue,maker_queue_v1_0,1000.0,2000.0,1000.0,1000.0,144225.14,144225.14,1000,1000,1000,1000,1000,0,0,[],not_exactly_matched_needs_causal_execution_audit,[],[],null,null,null,causal_mode_in_review_required,unreviewed,unreviewed
2026-08-13_132026.SH_T064,2026-08-13,132026.SH,buy_then_sell,11:23:10,136.551,11:25:33,136.889,0.338,100,1000,buy,sell,maker_v01_priority,priority,maker_priority_v1_33_candidate,1000.0,2000.0,2000.0,2000.0,10421.4,10421.4,0,0,0,0,1000,0,0,[],best_pair_close_leg_matched_only,[],"[{""order_id"": 613, ""strategy_id"": ""maker_v01_priority"", ""model_id"": ""maker_priority_v1_33_candidate"", ""market_time"": ""11:25:36"", ""side"": ""sell"", ""price"": 136.888, ""quantity_bonds"": 380.0, ""fill_reason"": ""passive_sell"", ""inventory_after_bonds"": 1620.0, ""reference_tick_id"": 70716, ""crossed_book_residual_price"": 0.0, ""crossed_book_residual_bonds"": 0.0}, {""order_id"": 614, ""strategy_id"": ""maker_v01_priority"", ""model_id"": ""maker_priority_v1_33_candidate"", ""market_time"": ""11:25:36"", ""side"": ""sell"", ""price"": 136.888, ""quantity_bonds"": 620.0, ""fill_reason"": ""passive_sell"", ""inventory_after_bonds"": 1000.0, ""reference_tick_id"": 70716, ""crossed_book_residual_price"": 0.0, ""crossed_book_residual_bonds"": 0.0}]",null,"{""open_time"": ""11:22:30"", ""open_price"": 136.602, ""open_quantity_bonds"": 620.0, ""close_time"": ""11:25:36"", ""close_price"": 136.888, ""close_quantity_bonds"": 620.0, ""matched_quantity_bonds"": 620.0, ""edge"": 0.286, ""gross_edge_cash"": 177.32}","{""open_time"": ""11:22:30"", ""open_price"": 136.602, ""open_quantity_bonds"": 620.0, ""close_time"": ""11:25:36"", ""close_price"": 136.888, ""close_quantity_bonds"": 620.0, ""matched_quantity_bonds"": 620.0, ""edge"": 0.286, ""gross_edge_cash"": 177.32}",economic_pair_nearby_needs_cross_turn_review,unreviewed,unreviewed
2026-08-13_132026.SH_T064,2026-08-13,132026.SH,buy_then_sell,11:23:10,136.551,11:25:33,136.889,0.338,100,1000,buy,sell,maker_v01_queue,queue,maker_queue_v1_0,1000.0,2000.0,1380.0,1380.0,92316.76,92316.76,620,620,620,620,1000,1,1,"[{""order_id"": 603, ""kind"": ""low_bid_reversion"", ""limit_price"": 136.551, ""quantity_bonds"": 620.0, ""filled_quantity_bonds"": 0.0, ""created_market_time"": ""11:22:54"", ""updated_market_time"": ""11:23:12"", ""status"": ""cancelled"", ""cancel_reason"": ""maker_reprice"", ""initial_queue_ahead_bonds"": 1000.0, ""final_queue_ahead_bonds"": 620.0, ""created_same_second_as_tape"": false}]",not_exactly_matched_needs_causal_execution_audit,[],[],null,null,null,opening_capacity_partial,unreviewed,unreviewed
2026-08-13_132026.SH_T065,2026-08-13,132026.SH,sell_then_buy,11:25:33,136.889,11:28:17,136.001,0.888,100,1000,sell,buy,maker_v01_priority,priority,maker_priority_v1_33_candidate,1000.0,2000.0,2000.0,2000.0,10421.4,10421.4,2000,2000,2000,2000,1000,4,2,"[{""order_id"": 609, ""kind"": ""inventory_exit"", ""limit_price"": 136.889, ""quantity_bonds"": 380.0, ""filled_quantity_bonds"": 0.0, ""created_market_time"": ""11:25:30"", ""updated_market_time"": ""11:25:33"", ""status"": ""cancelled"", ""cancel_reason"": ""maker_reprice"", ""initial_queue_ahead_bonds"": 0.0, ""final_queue_ahead_bonds"": 0.0, ""created_same_second_as_tape"": false}, {""order_id"": 610, ""kind"": ""inventory_exit"", ""limit_price"": 136.889, ""quantity_bonds"": 620.0, ""filled_quantity_bonds"": 0.0, ""created_market_time"": ""11:25:30"", ""updated_market_time"": ""11:25:33"", ""status"": ""cancelled"", ""cancel_reason"": ""maker_reprice"", ""initial_queue_ahead_bonds"": 0.0, ""final_queue_ahead_bonds"": 0.0, ""created_same_second_as_tape"": false}, {""order_id"": 613, ""kind"": ""inventory_exit"", ""limit_price"": 136.888, ""quantity_bonds"": 380.0, ""filled_quantity_bonds"": 380.0, ""created_market_time"": ""11:25:33"", ""updated_market_time"": ""11:25:36"", ""status"": ""filled"", ""cancel_reason"": null, ""initial_queue_ahead_bonds"": 0.0, ""final_queue_ahead_bonds"": 0.0, ""created_same_second_as_tape"": true}, {""order_id"": 614, ""kind"": ""inventory_exit"", ""limit_price"": 136.888, ""quantity_bonds"": 620.0, ""filled_quantity_bonds"": 620.0, ""created_market_time"": ""11:25:33"", ""updated_market_time"": ""11:25:36"", ""status"": ""filled"", ""cancel_reason"": null, ""initial_queue_ahead_bonds"": 0.0, ""final_queue_ahead_bonds"": 0.0, ""created_same_second_as_tape"": true}]",best_pair_both_legs_matched,"[{""order_id"": 613, ""strategy_id"": ""maker_v01_priority"", ""model_id"": ""maker_priority_v1_33_candidate"", ""market_time"": ""11:25:36"", ""side"": ""sell"", ""price"": 136.888, ""quantity_bonds"": 380.0, ""fill_reason"": ""passive_sell"", ""inventory_after_bonds"": 1620.0, ""reference_tick_id"": 70716, ""crossed_book_residual_price"": 0.0, ""crossed_book_residual_bonds"": 0.0}, {""order_id"": 614, ""strategy_id"": ""maker_v01_priority"", ""model_id"": ""maker_priority_v1_33_candidate"", ""market_time"": ""11:25:36"", ""side"": ""sell"", ""price"": 136.888, ""quantity_bonds"": 620.0, ""fill_reason"": ""passive_sell"", ""inventory_after_bonds"": 1000.0, ""reference_tick_id"": 70716, ""crossed_book_residual_price"": 0.0, ""crossed_book_residual_bonds"": 0.0}]","[{""order_id"": 635, ""strategy_id"": ""maker_v01_priority"", ""model_id"": ""maker_priority_v1_33_candidate"", ""market_time"": ""11:28:18"", ""side"": ""buy"", ""price"": 136.002, ""quantity_bonds"": 1000.0, ""fill_reason"": ""passive_buy"", ""inventory_after_bonds"": 2000.0, ""reference_tick_id"": 70825, ""crossed_book_residual_price"": 0.0, ""crossed_book_residual_bonds"": 0.0}]",null,"{""open_time"": ""11:25:36"", ""open_price"": 136.888, ""open_quantity_bonds"": 620.0, ""close_time"": ""11:28:18"", ""close_price"": 136.002, ""close_quantity_bonds"": 1000.0, ""matched_quantity_bonds"": 620.0, ""edge"": 0.886, ""gross_edge_cash"": 549.32}","{""open_time"": ""11:21:15"", ""open_price"": 136.892, ""open_quantity_bonds"": 1000.0, ""close_time"": ""11:28:18"", ""close_price"": 136.002, ""close_quantity_bonds"": 1000.0, ""matched_quantity_bonds"": 1000.0, ""edge"": 0.89, ""gross_edge_cash"": 890.0}",exact_best_pair_capture,unreviewed,unreviewed
2026-08-13_132026.SH_T065,2026-08-13,132026.SH,sell_then_buy,11:25:33,136.889,11:28:17,136.001,0.888,100,1000,sell,buy,maker_v01_queue,queue,maker_queue_v1_0,1000.0,2000.0,2000.0,2000.0,7624.14,7624.14,2000,2000,2000,2000,1000,2,0,"[{""order_id"": 615, ""kind"": ""inventory_exit"", ""limit_price"": 136.889, ""quantity_bonds"": 380.0, ""filled_quantity_bonds"": 0.0, ""created_market_time"": ""11:25:33"", ""updated_market_time"": ""11:25:48"", ""status"": ""cancelled"", ""cancel_reason"": ""maker_reprice"", ""initial_queue_ahead_bonds"": 2000.0, ""final_queue_ahead_bonds"": 1000.0, ""created_same_second_as_tape"": true}, {""order_id"": 616, ""kind"": ""inventory_exit"", ""limit_price"": 136.889, ""quantity_bonds"": 620.0, ""filled_quantity_bonds"": 0.0, ""created_market_time"": ""11:25:33"", ""updated_market_time"": ""11:25:48"", ""status"": ""cancelled"", ""cancel_reason"": ""maker_reprice"", ""initial_queue_ahead_bonds"": 2000.0, ""final_queue_ahead_bonds"": 2000.0, ""created_same_second_as_tape"": true}]",not_exactly_matched_needs_causal_execution_audit,[],[],null,null,null,causal_mode_in_review_required,unreviewed,unreviewed
2026-08-13_132026.SH_T066,2026-08-13,132026.SH,buy_then_sell,11:28:17,136.001,11:28:23,136.599,0.598,128,1280,buy,sell,maker_v01_priority,priority,maker_priority_v1_33_candidate,1000.0,2000.0,1000.0,1000.0,147309.4,147309.4,1000,1000,1000,1000,1000,1,1,"[{""order_id"": 635, ""kind"": ""low_bid_reversion"", ""limit_price"": 136.002, ""quantity_bonds"": 1000.0, ""filled_quantity_bonds"": 1000.0, ""created_market_time"": ""11:27:36"", ""updated_market_time"": ""11:28:18"", ""status"": ""filled"", ""cancel_reason"": null, ""initial_queue_ahead_bonds"": 0.0, ""final_queue_ahead_bonds"": 0.0, ""created_same_second_as_tape"": false}]",best_pair_both_legs_matched,"[{""order_id"": 635, ""strategy_id"": ""maker_v01_priority"", ""model_id"": ""maker_priority_v1_33_candidate"", ""market_time"": ""11:28:18"", ""side"": ""buy"", ""price"": 136.002, ""quantity_bonds"": 1000.0, ""fill_reason"": ""passive_buy"", ""inventory_after_bonds"": 2000.0, ""reference_tick_id"": 70825, ""crossed_book_residual_price"": 0.0, ""crossed_book_residual_bonds"": 0.0}]","[{""order_id"": 636, ""strategy_id"": ""maker_v01_priority"", ""model_id"": ""maker_priority_v1_33_candidate"", ""market_time"": ""11:28:24"", ""side"": ""sell"", ""price"": 136.597, ""quantity_bonds"": 1000.0, ""fill_reason"": ""passive_sell"", ""inventory_after_bonds"": 1000.0, ""reference_tick_id"": 70829, ""crossed_book_residual_price"": 0.0, ""crossed_book_residual_bonds"": 0.0}]",null,"{""open_time"": ""11:28:18"", ""open_price"": 136.002, ""open_quantity_bonds"": 1000.0, ""close_time"": ""11:28:24"", ""close_price"": 136.597, ""close_quantity_bonds"": 1000.0, ""matched_quantity_bonds"": 1000.0, ""edge"": 0.595, ""gross_edge_cash"": 595.0}","{""open_time"": ""11:28:18"", ""open_price"": 136.002, ""open_quantity_bonds"": 1000.0, ""close_time"": ""11:28:24"", ""close_price"": 136.597, ""close_quantity_bonds"": 1000.0, ""matched_quantity_bonds"": 1000.0, ""edge"": 0.595, ""gross_edge_cash"": 595.0}",exact_best_pair_capture,unreviewed,unreviewed
2026-08-13_132026.SH_T066,2026-08-13,132026.SH,buy_then_sell,11:28:17,136.001,11:28:23,136.599,0.598,128,1280,buy,sell,maker_v01_queue,queue,maker_queue_v1_0,1000.0,2000.0,2000.0,2000.0,7624.14,7624.14,0,0,0,0,1000,0,0,[],not_exactly_matched_needs_causal_execution_audit,[],[],null,null,null,opening_inventory_or_cash_capacity_blocked,unreviewed,unreviewed
2026-08-13_132026.SH_T067,2026-08-13,132026.SH,sell_then_buy,11:28:23,136.599,11:28:45,136.204,0.395,128,380,sell,buy,maker_v01_priority,priority,maker_priority_v1_33_candidate,1000.0,2000.0,2000.0,2000.0,11307.4,11307.4,2000,2000,2000,2000,380,1,1,"[{""order_id"": 636, ""kind"": ""inventory_exit"", ""limit_price"": 136.597, ""quantity_bonds"": 1000.0, ""filled_quantity_bonds"": 1000.0, ""created_market_time"": ""11:28:18"", ""updated_market_time"": ""11:28:24"", ""status"": ""filled"", ""cancel_reason"": null, ""initial_queue_ahead_bonds"": 0.0, ""final_queue_ahead_bonds"": 0.0, ""created_same_second_as_tape"": false}]",best_pair_open_leg_matched_only,"[{""order_id"": 636, ""strategy_id"": ""maker_v01_priority"", ""model_id"": ""maker_priority_v1_33_candidate"", ""market_time"": ""11:28:24"", ""side"": ""sell"", ""price"": 136.597, ""quantity_bonds"": 1000.0, ""fill_reason"": ""passive_sell"", ""inventory_after_bonds"": 1000.0, ""reference_tick_id"": 70829, ""crossed_book_residual_price"": 0.0, ""crossed_book_residual_bonds"": 0.0}]",[],"{""open_time"": ""11:28:24"", ""open_price"": 136.597, ""open_quantity_bonds"": 1000.0, ""close_time"": ""13:00:42"", ""close_price"": 136.302, ""close_quantity_bonds"": 620.0, ""matched_quantity_bonds"": 620.0, ""edge"": 0.295, ""gross_edge_cash"": 182.9}","{""open_time"": ""11:28:24"", ""open_price"": 136.597, ""open_quantity_bonds"": 1000.0, ""close_time"": ""13:00:42"", ""close_price"": 136.302, ""close_quantity_bonds"": 620.0, ""matched_quantity_bonds"": 620.0, ""edge"": 0.295, ""gross_edge_cash"": 182.9}","{""open_time"": ""11:21:15"", ""open_price"": 136.892, ""open_quantity_bonds"": 1000.0, ""close_time"": ""13:00:42"", ""close_price"": 136.302, ""close_quantity_bonds"": 620.0, ""matched_quantity_bonds"": 620.0, ""edge"": 0.59, ""gross_edge_cash"": 365.8}",economic_pair_within_turn_needs_overlap_review,unreviewed,unreviewed
2026-08-13_132026.SH_T067,2026-08-13,132026.SH,sell_then_buy,11:28:23,136.599,11:28:45,136.204,0.395,128,380,sell,buy,maker_v01_queue,queue,maker_queue_v1_0,1000.0,2000.0,2000.0,2000.0,7624.14,7624.14,2000,2000,2000,2000,380,0,0,[],not_exactly_matched_needs_causal_execution_audit,[],[],null,null,null,causal_mode_in_review_required,unreviewed,unreviewed
2026-08-13_132026.SH_T068,2026-08-13,132026.SH,buy_then_sell,11:28:45,136.204,13:01:29,136.6,0.396,100,380,buy,sell,maker_v01_priority,priority,maker_priority_v1_33_candidate,1000.0,2000.0,1000.0,1000.0,147904.4,147904.4,1000,1000,1000,1000,380,0,0,[],best_pair_close_leg_matched_only,[],"[{""order_id"": 701, ""strategy_id"": ""maker_v01_priority"", ""model_id"": ""maker_priority_v1_33_candidate"", ""market_time"": ""13:01:30"", ""side"": ""sell"", ""price"": 136.599, ""quantity_bonds"": 380.0, ""fill_reason"": ""passive_sell"", ""inventory_after_bonds"": 1620.0, ""reference_tick_id"": 70980, ""crossed_book_residual_price"": 0.0, ""crossed_book_residual_bonds"": 0.0}, {""order_id"": 702, ""strategy_id"": ""maker_v01_priority"", ""model_id"": ""maker_priority_v1_33_candidate"", ""market_time"": ""13:01:30"", ""side"": ""sell"", ""price"": 136.599, ""quantity_bonds"": 620.0, ""fill_reason"": ""passive_sell"", ""inventory_after_bonds"": 1000.0, ""reference_tick_id"": 70980, ""crossed_book_residual_price"": 0.0, ""crossed_book_residual_bonds"": 0.0}]",null,"{""open_time"": ""11:28:18"", ""open_price"": 136.002, ""open_quantity_bonds"": 1000.0, ""close_time"": ""13:01:30"", ""close_price"": 136.599, ""close_quantity_bonds"": 620.0, ""matched_quantity_bonds"": 620.0, ""edge"": 0.597, ""gross_edge_cash"": 370.14}","{""open_time"": ""11:28:18"", ""open_price"": 136.002, ""open_quantity_bonds"": 1000.0, ""close_time"": ""13:01:30"", ""close_price"": 136.599, ""close_quantity_bonds"": 620.0, ""matched_quantity_bonds"": 620.0, ""edge"": 0.597, ""gross_edge_cash"": 370.14}",economic_pair_nearby_needs_cross_turn_review,unreviewed,unreviewed
2026-08-13_132026.SH_T068,2026-08-13,132026.SH,buy_then_sell,11:28:45,136.204,13:01:29,136.6,0.396,100,380,buy,sell,maker_v01_queue,queue,maker_queue_v1_0,1000.0,2000.0,2000.0,2000.0,7624.14,7624.14,0,0,0,0,380,0,0,[],not_exactly_matched_needs_causal_execution_audit,[],[],null,null,null,opening_inventory_or_cash_capacity_blocked,unreviewed,unreviewed
2026-08-13_132026.SH_T069,2026-08-13,132026.SH,sell_then_buy,13:01:29,136.6,13:05:48,136.061,0.539,100,1000,sell,buy,maker_v01_priority,priority,maker_priority_v1_33_candidate,1000.0,2000.0,2000.0,2000.0,11602.4,11602.4,2000,2000,2000,2000,1000,2,2,"[{""order_id"": 701, ""kind"": ""inventory_exit"", ""limit_price"": 136.599, ""quantity_bonds"": 380.0, ""filled_quantity_bonds"": 380.0, ""created_market_time"": ""13:01:12"", ""updated_market_time"": ""13:01:30"", ""status"": ""filled"", ""cancel_reason"": null, ""initial_queue_ahead_bonds"": 0.0, ""final_queue_ahead_bonds"": 0.0, ""created_same_second_as_tape"": false}, {""order_id"": 702, ""kind"": ""inventory_exit"", ""limit_price"": 136.599, ""quantity_bonds"": 620.0, ""filled_quantity_bonds"": 620.0, ""created_market_time"": ""13:01:12"", ""updated_market_time"": ""13:01:30"", ""status"": ""filled"", ""cancel_reason"": null, ""initial_queue_ahead_bonds"": 0.0, ""final_queue_ahead_bonds"": 0.0, ""created_same_second_as_tape"": false}]",best_pair_both_legs_matched,"[{""order_id"": 701, ""strategy_id"": ""maker_v01_priority"", ""model_id"": ""maker_priority_v1_33_candidate"", ""market_time"": ""13:01:30"", ""side"": ""sell"", ""price"": 136.599, ""quantity_bonds"": 380.0, ""fill_reason"": ""passive_sell"", ""inventory_after_bonds"": 1620.0, ""reference_tick_id"": 70980, ""crossed_book_residual_price"": 0.0, ""crossed_book_residual_bonds"": 0.0}, {""order_id"": 702, ""strategy_id"": ""maker_v01_priority"", ""model_id"": ""maker_priority_v1_33_candidate"", ""market_time"": ""13:01:30"", ""side"": ""sell"", ""price"": 136.599, ""quantity_bonds"": 620.0, ""fill_reason"": ""passive_sell"", ""inventory_after_bonds"": 1000.0, ""reference_tick_id"": 70980, ""crossed_book_residual_price"": 0.0, ""crossed_book_residual_bonds"": 0.0}]","[{""order_id"": 736, ""strategy_id"": ""maker_v01_priority"", ""model_id"": ""maker_priority_v1_33_candidate"", ""market_time"": ""13:05:51"", ""side"": ""buy"", ""price"": 136.062, ""quantity_bonds"": 380.0, ""fill_reason"": ""passive_buy"", ""inventory_after_bonds"": 1760.0, ""reference_tick_id"": 71128, ""crossed_book_residual_price"": 0.0, ""crossed_book_residual_bonds"": 0.0}]","{""open_time"": ""13:01:30"", ""open_price"": 136.599, ""open_quantity_bonds"": 380.0, ""close_time"": ""13:05:51"", ""close_price"": 136.062, ""close_quantity_bonds"": 380.0, ""matched_quantity_bonds"": 380.0, ""edge"": 0.537, ""gross_edge_cash"": 204.06}","{""open_time"": ""13:01:30"", ""open_price"": 136.599, ""open_quantity_bonds"": 380.0, ""close_time"": ""13:05:51"", ""close_price"": 136.062, ""close_quantity_bonds"": 380.0, ""matched_quantity_bonds"": 380.0, ""edge"": 0.537, ""gross_edge_cash"": 204.06}","{""open_time"": ""13:01:30"", ""open_price"": 136.599, ""open_quantity_bonds"": 380.0, ""close_time"": ""13:05:51"", ""close_price"": 136.062, ""close_quantity_bonds"": 380.0, ""matched_quantity_bonds"": 380.0, ""edge"": 0.537, ""gross_edge_cash"": 204.06}",exact_best_pair_capture,unreviewed,unreviewed
2026-08-13_132026.SH_T069,2026-08-13,132026.SH,sell_then_buy,13:01:29,136.6,13:05:48,136.061,0.539,100,1000,sell,buy,maker_v01_queue,queue,maker_queue_v1_0,1000.0,2000.0,2000.0,2000.0,7624.14,7624.14,2000,2000,2000,2000,1000,0,0,[],not_exactly_matched_needs_causal_execution_audit,[],[],null,null,null,causal_mode_in_review_required,unreviewed,unreviewed
2026-08-13_132026.SH_T070,2026-08-13,132026.SH,buy_then_sell,13:05:48,136.061,13:16:10,136.204,0.143,160,380,buy,sell,maker_v01_priority,priority,maker_priority_v1_33_candidate,1000.0,2000.0,1380.0,1380.0,96440.84,96440.84,620,620,620,620,380,2,1,"[{""order_id"": 735, ""kind"": ""low_bid_reversion"", ""limit_price"": 136.061, ""quantity_bonds"": 620.0, ""filled_quantity_bonds"": 0.0, ""created_market_time"": ""13:05:42"", ""updated_market_time"": ""13:05:48"", ""status"": ""cancelled"", ""cancel_reason"": ""maker_reprice"", ""initial_queue_ahead_bonds"": 0.0, ""final_queue_ahead_bonds"": 0.0, ""created_same_second_as_tape"": false}, {""order_id"": 736, ""kind"": ""low_bid_reversion"", ""limit_price"": 136.062, ""quantity_bonds"": 620.0, ""filled_quantity_bonds"": 380.0, ""created_market_time"": ""13:05:48"", ""updated_market_time"": ""13:05:51"", ""status"": ""cancelled"", ""cancel_reason"": ""entry_context_changed"", ""initial_queue_ahead_bonds"": 0.0, ""final_queue_ahead_bonds"": 0.0, ""created_same_second_as_tape"": true}]",best_pair_both_legs_matched,"[{""order_id"": 736, ""strategy_id"": ""maker_v01_priority"", ""model_id"": ""maker_priority_v1_33_candidate"", ""market_time"": ""13:05:51"", ""side"": ""buy"", ""price"": 136.062, ""quantity_bonds"": 380.0, ""fill_reason"": ""passive_buy"", ""inventory_after_bonds"": 1760.0, ""reference_tick_id"": 71128, ""crossed_book_residual_price"": 0.0, ""crossed_book_residual_bonds"": 0.0}]","[{""order_id"": 775, ""strategy_id"": ""maker_v01_priority"", ""model_id"": ""maker_priority_v1_33_candidate"", ""market_time"": ""13:16:12"", ""side"": ""sell"", ""price"": 136.203, ""quantity_bonds"": 380.0, ""fill_reason"": ""passive_sell"", ""inventory_after_bonds"": 1620.0, ""reference_tick_id"": 71446, ""crossed_book_residual_price"": 0.0, ""crossed_book_residual_bonds"": 0.0}]",null,"{""open_time"": ""13:05:51"", ""open_price"": 136.062, ""open_quantity_bonds"": 380.0, ""close_time"": ""13:16:12"", ""close_price"": 136.203, ""close_quantity_bonds"": 380.0, ""matched_quantity_bonds"": 380.0, ""edge"": 0.141, ""gross_edge_cash"": 53.58}","{""open_time"": ""13:05:51"", ""open_price"": 136.062, ""open_quantity_bonds"": 380.0, ""close_time"": ""13:16:12"", ""close_price"": 136.203, ""close_quantity_bonds"": 380.0, ""matched_quantity_bonds"": 380.0, ""edge"": 0.141, ""gross_edge_cash"": 53.58}",exact_best_pair_capture,unreviewed,unreviewed
2026-08-13_132026.SH_T070,2026-08-13,132026.SH,buy_then_sell,13:05:48,136.061,13:16:10,136.204,0.143,160,380,buy,sell,maker_v01_queue,queue,maker_queue_v1_0,1000.0,2000.0,2000.0,2000.0,7624.14,7624.14,0,0,0,0,380,0,0,[],not_exactly_matched_needs_causal_execution_audit,[],[],null,null,null,opening_inventory_or_cash_capacity_blocked,unreviewed,unreviewed
2026-08-13_132026.SH_T071,2026-08-13,132026.SH,sell_then_buy,13:16:10,136.204,13:19:11,136.131,0.073,38,380,sell,buy,maker_v01_priority,priority,maker_priority_v1_33_candidate,1000.0,2000.0,2000.0,2000.0,12082.4,12082.4,2000,2000,2000,2000,380,2,2,"[{""order_id"": 775, ""kind"": ""inventory_exit"", ""limit_price"": 136.203, ""quantity_bonds"": 380.0, ""filled_quantity_bonds"": 380.0, ""created_market_time"": ""13:15:12"", ""updated_market_time"": ""13:16:12"", ""status"": ""filled"", ""cancel_reason"": null, ""initial_queue_ahead_bonds"": 0.0, ""final_queue_ahead_bonds"": 0.0, ""created_same_second_as_tape"": false}, {""order_id"": 776, ""kind"": ""inventory_exit"", ""limit_price"": 136.203, ""quantity_bonds"": 240.0, ""filled_quantity_bonds"": 0.0, ""created_market_time"": ""13:15:12"", ""updated_market_time"": ""13:16:12"", ""status"": ""cancelled"", ""cancel_reason"": ""maker_reprice"", ""initial_queue_ahead_bonds"": 0.0, ""final_queue_ahead_bonds"": 0.0, ""created_same_second_as_tape"": false}]",best_pair_open_leg_matched_only,"[{""order_id"": 775, ""strategy_id"": ""maker_v01_priority"", ""model_id"": ""maker_priority_v1_33_candidate"", ""market_time"": ""13:16:12"", ""side"": ""sell"", ""price"": 136.203, ""quantity_bonds"": 380.0, ""fill_reason"": ""passive_sell"", ""inventory_after_bonds"": 1620.0, ""reference_tick_id"": 71446, ""crossed_book_residual_price"": 0.0, ""crossed_book_residual_bonds"": 0.0}]",[],null,null,null,preexisting_reaching_order_needs_execution_audit,unreviewed,unreviewed
2026-08-13_132026.SH_T071,2026-08-13,132026.SH,sell_then_buy,13:16:10,136.204,13:19:11,136.131,0.073,38,380,sell,buy,maker_v01_queue,queue,maker_queue_v1_0,1000.0,2000.0,2000.0,2000.0,7624.14,7624.14,2000,2000,2000,2000,380,0,0,[],not_exactly_matched_needs_causal_execution_audit,[],[],null,null,null,causal_mode_in_review_required,unreviewed,unreviewed
2026-08-13_132026.SH_T072,2026-08-13,132026.SH,buy_then_sell,13:19:11,136.131,13:28:41,136.6,0.469,226,1000,buy,sell,maker_v01_priority,priority,maker_priority_v1_33_candidate,1000.0,2000.0,1620.0,1620.0,63839.54,63839.54,380,380,380,380,1000,0,0,[],best_pair_close_leg_matched_only,[],"[{""order_id"": 848, ""strategy_id"": ""maker_v01_priority"", ""model_id"": ""maker_priority_v1_33_candidate"", ""market_time"": ""13:28:42"", ""side"": ""sell"", ""price"": 136.599, ""quantity_bonds"": 380.0, ""fill_reason"": ""passive_sell"", ""inventory_after_bonds"": 1240.0, ""reference_tick_id"": 71836, ""crossed_book_residual_price"": 0.0, ""crossed_book_residual_bonds"": 0.0}, {""order_id"": 849, ""strategy_id"": ""maker_v01_priority"", ""model_id"": ""maker_priority_v1_33_candidate"", ""market_time"": ""13:28:42"", ""side"": ""sell"", ""price"": 136.599, ""quantity_bonds"": 240.0, ""fill_reason"": ""passive_sell"", ""inventory_after_bonds"": 1000.0, ""reference_tick_id"": 71836, ""crossed_book_residual_price"": 0.0, ""crossed_book_residual_bonds"": 0.0}]",null,null,null,opening_capacity_partial,unreviewed,unreviewed
2026-08-13_132026.SH_T072,2026-08-13,132026.SH,buy_then_sell,13:19:11,136.131,13:28:41,136.6,0.469,226,1000,buy,sell,maker_v01_queue,queue,maker_queue_v1_0,1000.0,2000.0,2000.0,2000.0,7624.14,7624.14,0,0,0,0,1000,0,0,[],not_exactly_matched_needs_causal_execution_audit,[],[],null,null,null,opening_inventory_or_cash_capacity_blocked,unreviewed,unreviewed
2026-08-13_132026.SH_T073,2026-08-13,132026.SH,sell_then_buy,13:28:41,136.6,13:37:49,136.223,0.377,226,1000,sell,buy,maker_v01_priority,priority,maker_priority_v1_33_candidate,1000.0,2000.0,1620.0,1620.0,63839.54,63839.54,1620,1620,1620,1620,1000,2,2,"[{""order_id"": 848, ""kind"": ""inventory_exit"", ""limit_price"": 136.599, ""quantity_bonds"": 380.0, ""filled_quantity_bonds"": 380.0, ""created_market_time"": ""13:28:36"", ""updated_market_time"": ""13:28:42"", ""status"": ""filled"", ""cancel_reason"": null, ""initial_queue_ahead_bonds"": 0.0, ""final_queue_ahead_bonds"": 0.0, ""created_same_second_as_tape"": false}, {""order_id"": 849, ""kind"": ""inventory_exit"", ""limit_price"": 136.599, ""quantity_bonds"": 240.0, ""filled_quantity_bonds"": 240.0, ""created_market_time"": ""13:28:36"", ""updated_market_time"": ""13:28:42"", ""status"": ""filled"", ""cancel_reason"": null, ""initial_queue_ahead_bonds"": 0.0, ""final_queue_ahead_bonds"": 0.0, ""created_same_second_as_tape"": false}]",best_pair_both_legs_matched,"[{""order_id"": 848, ""strategy_id"": ""maker_v01_priority"", ""model_id"": ""maker_priority_v1_33_candidate"", ""market_time"": ""13:28:42"", ""side"": ""sell"", ""price"": 136.599, ""quantity_bonds"": 380.0, ""fill_reason"": ""passive_sell"", ""inventory_after_bonds"": 1240.0, ""reference_tick_id"": 71836, ""crossed_book_residual_price"": 0.0, ""crossed_book_residual_bonds"": 0.0}, {""order_id"": 849, ""strategy_id"": ""maker_v01_priority"", ""model_id"": ""maker_priority_v1_33_candidate"", ""market_time"": ""13:28:42"", ""side"": ""sell"", ""price"": 136.599, ""quantity_bonds"": 240.0, ""fill_reason"": ""passive_sell"", ""inventory_after_bonds"": 1000.0, ""reference_tick_id"": 71836, ""crossed_book_residual_price"": 0.0, ""crossed_book_residual_bonds"": 0.0}]","[{""order_id"": 871, ""strategy_id"": ""maker_v01_priority"", ""model_id"": ""maker_priority_v1_33_candidate"", ""market_time"": ""13:37:51"", ""side"": ""buy"", ""price"": 136.224, ""quantity_bonds"": 240.0, ""fill_reason"": ""passive_buy"", ""inventory_after_bonds"": 2000.0, ""reference_tick_id"": 72156, ""crossed_book_residual_price"": 0.0, ""crossed_book_residual_bonds"": 0.0}]","{""open_time"": ""13:28:42"", ""open_price"": 136.599, ""open_quantity_bonds"": 380.0, ""close_time"": ""13:37:42"", ""close_price"": 136.224, ""close_quantity_bonds"": 380.0, ""matched_quantity_bonds"": 380.0, ""edge"": 0.375, ""gross_edge_cash"": 142.5}","{""open_time"": ""13:28:42"", ""open_price"": 136.599, ""open_quantity_bonds"": 380.0, ""close_time"": ""13:37:42"", ""close_price"": 136.224, ""close_quantity_bonds"": 380.0, ""matched_quantity_bonds"": 380.0, ""edge"": 0.375, ""gross_edge_cash"": 142.5}","{""open_time"": ""13:28:42"", ""open_price"": 136.599, ""open_quantity_bonds"": 380.0, ""close_time"": ""13:37:42"", ""close_price"": 136.224, ""close_quantity_bonds"": 380.0, ""matched_quantity_bonds"": 380.0, ""edge"": 0.375, ""gross_edge_cash"": 142.5}",exact_best_pair_capture,unreviewed,unreviewed
2026-08-13_132026.SH_T073,2026-08-13,132026.SH,sell_then_buy,13:28:41,136.6,13:37:49,136.223,0.377,226,1000,sell,buy,maker_v01_queue,queue,maker_queue_v1_0,1000.0,2000.0,2000.0,2000.0,7624.14,7624.14,2000,2000,2000,2000,1000,0,0,[],not_exactly_matched_needs_causal_execution_audit,[],[],null,null,null,causal_mode_in_review_required,unreviewed,unreviewed
2026-08-13_132026.SH_T074,2026-08-13,132026.SH,buy_then_sell,13:37:49,136.223,13:44:52,137.348,1.125,1876,1000,buy,sell,maker_v01_priority,priority,maker_priority_v1_33_candidate,1000.0,2000.0,1760.0,1760.0,44895.04,44895.04,240,240,240,240,1000,1,1,"[{""order_id"": 871, ""kind"": ""low_bid_reversion"", ""limit_price"": 136.224, ""quantity_bonds"": 620.0, ""filled_quantity_bonds"": 620.0, ""created_market_time"": ""13:34:48"", ""updated_market_time"": ""13:37:51"", ""status"": ""filled"", ""cancel_reason"": null, ""initial_queue_ahead_bonds"": 0.0, ""final_queue_ahead_bonds"": 0.0, ""created_same_second_as_tape"": false}]",best_pair_both_legs_matched,"[{""order_id"": 871, ""strategy_id"": ""maker_v01_priority"", ""model_id"": ""maker_priority_v1_33_candidate"", ""market_time"": ""13:37:51"", ""side"": ""buy"", ""price"": 136.224, ""quantity_bonds"": 240.0, ""fill_reason"": ""passive_buy"", ""inventory_after_bonds"": 2000.0, ""reference_tick_id"": 72156, ""crossed_book_residual_price"": 0.0, ""crossed_book_residual_bonds"": 0.0}]","[{""order_id"": 902, ""strategy_id"": ""maker_v01_priority"", ""model_id"": ""maker_priority_v1_33_candidate"", ""market_time"": ""13:44:54"", ""side"": ""sell"", ""price"": 137.347, ""quantity_bonds"": 380.0, ""fill_reason"": ""priority_book_side_passive_sell"", ""inventory_after_bonds"": 620.0, ""reference_tick_id"": 72400, ""crossed_book_residual_price"": 0.0, ""crossed_book_residual_bonds"": 0.0}, {""order_id"": 903, ""strategy_id"": ""maker_v01_priority"", ""model_id"": ""maker_priority_v1_33_candidate"", ""market_time"": ""13:44:54"", ""side"": ""sell"", ""price"": 137.347, ""quantity_bonds"": 380.0, ""fill_reason"": ""priority_book_side_passive_sell"", ""inventory_after_bonds"": 240.0, ""reference_tick_id"": 72400, ""crossed_book_residual_price"": 0.0, ""crossed_book_residual_bonds"": 0.0}, {""order_id"": 904, ""strategy_id"": ""maker_v01_priority"", ""model_id"": ""maker_priority_v1_33_candidate"", ""market_time"": ""13:44:54"", ""side"": ""sell"", ""price"": 137.347, ""quantity_bonds"": 240.0, ""fill_reason"": ""priority_book_side_passive_sell"", ""inventory_after_bonds"": 0.0, ""reference_tick_id"": 72400, ""crossed_book_residual_price"": 0.0, ""crossed_book_residual_bonds"": 0.0}]","{""open_time"": ""13:37:42"", ""open_price"": 136.224, ""open_quantity_bonds"": 380.0, ""close_time"": ""13:42:33"", ""close_price"": 136.898, ""close_quantity_bonds"": 380.0, ""matched_quantity_bonds"": 380.0, ""edge"": 0.674, ""gross_edge_cash"": 256.12}","{""open_time"": ""13:37:42"", ""open_price"": 136.224, ""open_quantity_bonds"": 380.0, ""close_time"": ""13:44:54"", ""close_price"": 137.347, ""close_quantity_bonds"": 380.0, ""matched_quantity_bonds"": 380.0, ""edge"": 1.123, ""gross_edge_cash"": 426.74}","{""open_time"": ""13:37:42"", ""open_price"": 136.224, ""open_quantity_bonds"": 380.0, ""close_time"": ""13:44:54"", ""close_price"": 137.347, ""close_quantity_bonds"": 380.0, ""matched_quantity_bonds"": 380.0, ""edge"": 1.123, ""gross_edge_cash"": 426.74}",exact_best_pair_capture,unreviewed,unreviewed
2026-08-13_132026.SH_T074,2026-08-13,132026.SH,buy_then_sell,13:37:49,136.223,13:44:52,137.348,1.125,1876,1000,buy,sell,maker_v01_queue,queue,maker_queue_v1_0,1000.0,2000.0,2000.0,2000.0,7624.14,7624.14,0,0,0,0,1000,0,0,[],not_exactly_matched_needs_causal_execution_audit,[],[],null,null,null,opening_inventory_or_cash_capacity_blocked,unreviewed,unreviewed
2026-08-13_132026.SH_T075,2026-08-13,132026.SH,sell_then_buy,13:44:52,137.348,13:45:13,137.336,0.012,100,1000,sell,buy,maker_v01_priority,priority,maker_priority_v1_33_candidate,1000.0,2000.0,1000.0,1000.0,148912.66,148912.66,1000,1000,1000,1000,1000,3,3,"[{""order_id"": 902, ""kind"": ""inventory_exit"", ""limit_price"": 137.347, ""quantity_bonds"": 380.0, ""filled_quantity_bonds"": 380.0, ""created_market_time"": ""13:43:57"", ""updated_market_time"": ""13:44:54"", ""status"": ""filled"", ""cancel_reason"": null, ""initial_queue_ahead_bonds"": 0.0, ""final_queue_ahead_bonds"": 0.0, ""created_same_second_as_tape"": false}, {""order_id"": 903, ""kind"": ""inventory_exit"", ""limit_price"": 137.347, ""quantity_bonds"": 380.0, ""filled_quantity_bonds"": 380.0, ""created_market_time"": ""13:43:57"", ""updated_market_time"": ""13:44:54"", ""status"": ""filled"", ""cancel_reason"": null, ""initial_queue_ahead_bonds"": 0.0, ""final_queue_ahead_bonds"": 0.0, ""created_same_second_as_tape"": false}, {""order_id"": 904, ""kind"": ""inventory_exit"", ""limit_price"": 137.347, ""quantity_bonds"": 240.0, ""filled_quantity_bonds"": 240.0, ""created_market_time"": ""13:43:57"", ""updated_market_time"": ""13:44:54"", ""status"": ""filled"", ""cancel_reason"": null, ""initial_queue_ahead_bonds"": 0.0, ""final_queue_ahead_bonds"": 0.0, ""created_same_second_as_tape"": false}]",best_pair_open_leg_matched_only,"[{""order_id"": 902, ""strategy_id"": ""maker_v01_priority"", ""model_id"": ""maker_priority_v1_33_candidate"", ""market_time"": ""13:44:54"", ""side"": ""sell"", ""price"": 137.347, ""quantity_bonds"": 380.0, ""fill_reason"": ""priority_book_side_passive_sell"", ""inventory_after_bonds"": 620.0, ""reference_tick_id"": 72400, ""crossed_book_residual_price"": 0.0, ""crossed_book_residual_bonds"": 0.0}, {""order_id"": 903, ""strategy_id"": ""maker_v01_priority"", ""model_id"": ""maker_priority_v1_33_candidate"", ""market_time"": ""13:44:54"", ""side"": ""sell"", ""price"": 137.347, ""quantity_bonds"": 380.0, ""fill_reason"": ""priority_book_side_passive_sell"", ""inventory_after_bonds"": 240.0, ""reference_tick_id"": 72400, ""crossed_book_residual_price"": 0.0, ""crossed_book_residual_bonds"": 0.0}, {""order_id"": 904, ""strategy_id"": ""maker_v01_priority"", ""model_id"": ""maker_priority_v1_33_candidate"", ""market_time"": ""13:44:54"", ""side"": ""sell"", ""price"": 137.347, ""quantity_bonds"": 240.0, ""fill_reason"": ""priority_book_side_passive_sell"", ""inventory_after_bonds"": 0.0, ""reference_tick_id"": 72400, ""crossed_book_residual_price"": 0.0, ""crossed_book_residual_bonds"": 0.0}]",[],null,null,null,preexisting_reaching_order_needs_execution_audit,unreviewed,unreviewed
2026-08-13_132026.SH_T075,2026-08-13,132026.SH,sell_then_buy,13:44:52,137.348,13:45:13,137.336,0.012,100,1000,sell,buy,maker_v01_queue,queue,maker_queue_v1_0,1000.0,2000.0,2000.0,2000.0,7624.14,7624.14,2000,2000,2000,2000,1000,0,0,[],not_exactly_matched_needs_causal_execution_audit,[],[],null,null,null,causal_mode_in_review_required,unreviewed,unreviewed
2026-08-13_132026.SH_T076,2026-08-13,132026.SH,buy_then_sell,13:45:13,137.336,13:46:38,137.378,0.042,200,1000,buy,sell,maker_v01_priority,priority,maker_priority_v1_33_candidate,1000.0,2000.0,0.0,0.0,286259.66,286259.66,2000,2000,2000,2000,1000,0,0,[],not_exactly_matched_needs_causal_execution_audit,[],[],null,null,null,causal_mode_in_review_required,unreviewed,unreviewed
2026-08-13_132026.SH_T076,2026-08-13,132026.SH,buy_then_sell,13:45:13,137.336,13:46:38,137.378,0.042,200,1000,buy,sell,maker_v01_queue,queue,maker_queue_v1_0,1000.0,2000.0,2000.0,2000.0,7624.14,7624.14,0,0,0,0,1000,0,0,[],not_exactly_matched_needs_causal_execution_audit,[],[],null,null,null,opening_inventory_or_cash_capacity_blocked,unreviewed,unreviewed
2026-08-13_132026.SH_T077,2026-08-13,132026.SH,sell_then_buy,13:46:38,137.378,13:53:41,137.006,0.372,100,1000,sell,buy,maker_v01_priority,priority,maker_priority_v1_33_candidate,1000.0,2000.0,0.0,0.0,286259.66,286259.66,0,0,0,0,1000,0,0,[],not_exactly_matched_needs_causal_execution_audit,[],[],null,null,null,opening_inventory_or_cash_capacity_blocked,unreviewed,unreviewed
2026-08-13_132026.SH_T077,2026-08-13,132026.SH,sell_then_buy,13:46:38,137.378,13:53:41,137.006,0.372,100,1000,sell,buy,maker_v01_queue,queue,maker_queue_v1_0,1000.0,2000.0,2000.0,2000.0,7624.14,7624.14,2000,2000,2000,2000,1000,0,0,[],not_exactly_matched_needs_causal_execution_audit,[],[],null,null,null,causal_mode_in_review_required,unreviewed,unreviewed
2026-08-13_132026.SH_T078,2026-08-13,132026.SH,sell_then_buy,14:00:12,137.001,14:05:07,136.612,0.389,100,1000,sell,buy,maker_v01_priority,priority,maker_priority_v1_33_candidate,1000.0,2000.0,0.0,0.0,286259.66,286259.66,0,0,0,0,1000,0,0,[],best_pair_close_leg_matched_only,[],"[{""order_id"": 943, ""strategy_id"": ""maker_v01_priority"", ""model_id"": ""maker_priority_v1_33_candidate"", ""market_time"": ""14:05:09"", ""side"": ""buy"", ""price"": 136.613, ""quantity_bonds"": 620.0, ""fill_reason"": ""passive_buy"", ""inventory_after_bonds"": 1000.0, ""reference_tick_id"": 73042, ""crossed_book_residual_price"": 0.0, ""crossed_book_residual_bonds"": 0.0}]",null,null,"{""open_time"": ""13:44:54"", ""open_price"": 137.347, ""open_quantity_bonds"": 380.0, ""close_time"": ""14:04:57"", ""close_price"": 136.613, ""close_quantity_bonds"": 380.0, ""matched_quantity_bonds"": 380.0, ""edge"": 0.734, ""gross_edge_cash"": 278.92}",economic_pair_cross_turn_600s_needs_path_review,unreviewed,unreviewed
2026-08-13_132026.SH_T078,2026-08-13,132026.SH,sell_then_buy,14:00:12,137.001,14:05:07,136.612,0.389,100,1000,sell,buy,maker_v01_queue,queue,maker_queue_v1_0,1000.0,2000.0,1000.0,1000.0,144923.76,144923.76,1000,1000,1000,1000,1000,0,0,[],not_exactly_matched_needs_causal_execution_audit,[],[],null,null,"{""open_time"": ""13:49:48"", ""open_price"": 137.3, ""open_quantity_bonds"": 620.0, ""close_time"": ""14:05:00"", ""close_price"": 136.709, ""close_quantity_bonds"": 1000.0, ""matched_quantity_bonds"": 620.0, ""edge"": 0.591, ""gross_edge_cash"": 366.42}",economic_pair_cross_turn_600s_needs_path_review,unreviewed,unreviewed
2026-08-13_132026.SH_T079,2026-08-13,132026.SH,buy_then_sell,14:05:07,136.612,14:05:18,136.999,0.387,100,1000,buy,sell,maker_v01_priority,priority,maker_priority_v1_33_candidate,1000.0,2000.0,380.0,380.0,234346.72,234346.72,1620,1620,1620,1620,1000,1,1,"[{""order_id"": 943, ""kind"": ""profitable_visible_bid_base_replenish"", ""limit_price"": 136.613, ""quantity_bonds"": 1000.0, ""filled_quantity_bonds"": 1000.0, ""created_market_time"": ""14:04:51"", ""updated_market_time"": ""14:05:09"", ""status"": ""filled"", ""cancel_reason"": null, ""initial_queue_ahead_bonds"": 0.0, ""final_queue_ahead_bonds"": 0.0, ""created_same_second_as_tape"": false}]",best_pair_open_leg_matched_only,"[{""order_id"": 943, ""strategy_id"": ""maker_v01_priority"", ""model_id"": ""maker_priority_v1_33_candidate"", ""market_time"": ""14:05:09"", ""side"": ""buy"", ""price"": 136.613, ""quantity_bonds"": 620.0, ""fill_reason"": ""passive_buy"", ""inventory_after_bonds"": 1000.0, ""reference_tick_id"": 73042, ""crossed_book_residual_price"": 0.0, ""crossed_book_residual_bonds"": 0.0}]",[],null,null,"{""open_time"": ""14:05:09"", ""open_price"": 136.613, ""open_quantity_bonds"": 620.0, ""close_time"": ""14:08:51"", ""close_price"": 136.998, ""close_quantity_bonds"": 1000.0, ""matched_quantity_bonds"": 620.0, ""edge"": 0.385, ""gross_edge_cash"": 238.7}",economic_pair_cross_turn_600s_needs_path_review,unreviewed,unreviewed
2026-08-13_132026.SH_T079,2026-08-13,132026.SH,buy_then_sell,14:05:07,136.612,14:05:18,136.999,0.387,100,1000,buy,sell,maker_v01_queue,queue,maker_queue_v1_0,1000.0,2000.0,2000.0,2000.0,8214.76,8214.76,0,0,0,0,1000,0,0,[],not_exactly_matched_needs_causal_execution_audit,[],[],null,null,null,opening_inventory_or_cash_capacity_blocked,unreviewed,unreviewed
2026-08-13_132026.SH_T080,2026-08-13,132026.SH,sell_then_buy,14:05:18,136.999,14:05:21,136.612,0.387,200,1000,sell,buy,maker_v01_priority,priority,maker_priority_v1_33_candidate,1000.0,2000.0,1000.0,1000.0,149646.66,149646.66,1000,1000,1000,1000,1000,0,0,[],best_pair_close_leg_matched_only,[],"[{""order_id"": 947, ""strategy_id"": ""maker_v01_priority"", ""model_id"": ""maker_priority_v1_33_candidate"", ""market_time"": ""14:05:21"", ""side"": ""buy"", ""price"": 136.613, ""quantity_bonds"": 1000.0, ""fill_reason"": ""passive_buy"", ""inventory_after_bonds"": 2000.0, ""reference_tick_id"": 73050, ""crossed_book_residual_price"": 0.0, ""crossed_book_residual_bonds"": 0.0}]",null,null,null,causal_mode_in_review_required,unreviewed,unreviewed
2026-08-13_132026.SH_T080,2026-08-13,132026.SH,sell_then_buy,14:05:18,136.999,14:05:21,136.612,0.387,200,1000,sell,buy,maker_v01_queue,queue,maker_queue_v1_0,1000.0,2000.0,2000.0,2000.0,8214.76,8214.76,2000,2000,2000,2000,1000,0,0,[],not_exactly_matched_needs_causal_execution_audit,[],[],null,null,null,causal_mode_in_review_required,unreviewed,unreviewed
2026-08-13_132026.SH_T081,2026-08-13,132026.SH,buy_then_sell,14:05:21,136.612,14:08:48,137.0,0.388,200,1000,buy,sell,maker_v01_priority,priority,maker_priority_v1_33_candidate,1000.0,2000.0,1000.0,2000.0,149646.66,13033.66,1000,0,0,1000,1000,1,1,"[{""order_id"": 947, ""kind"": ""low_bid_reversion"", ""limit_price"": 136.613, ""quantity_bonds"": 1000.0, ""filled_quantity_bonds"": 1000.0, ""created_market_time"": ""14:05:18"", ""updated_market_time"": ""14:05:21"", ""status"": ""filled"", ""cancel_reason"": null, ""initial_queue_ahead_bonds"": 0.0, ""final_queue_ahead_bonds"": 0.0, ""created_same_second_as_tape"": false}]",best_pair_both_legs_matched,"[{""order_id"": 947, ""strategy_id"": ""maker_v01_priority"", ""model_id"": ""maker_priority_v1_33_candidate"", ""market_time"": ""14:05:21"", ""side"": ""buy"", ""price"": 136.613, ""quantity_bonds"": 1000.0, ""fill_reason"": ""passive_buy"", ""inventory_after_bonds"": 2000.0, ""reference_tick_id"": 73050, ""crossed_book_residual_price"": 0.0, ""crossed_book_residual_bonds"": 0.0}]","[{""order_id"": 954, ""strategy_id"": ""maker_v01_priority"", ""model_id"": ""maker_priority_v1_33_candidate"", ""market_time"": ""14:08:51"", ""side"": ""sell"", ""price"": 136.998, ""quantity_bonds"": 1000.0, ""fill_reason"": ""passive_sell"", ""inventory_after_bonds"": 1000.0, ""reference_tick_id"": 73161, ""crossed_book_residual_price"": 0.0, ""crossed_book_residual_bonds"": 0.0}]",null,"{""open_time"": ""14:05:21"", ""open_price"": 136.613, ""open_quantity_bonds"": 1000.0, ""close_time"": ""14:08:51"", ""close_price"": 136.998, ""close_quantity_bonds"": 1000.0, ""matched_quantity_bonds"": 1000.0, ""edge"": 0.385, ""gross_edge_cash"": 385.0}","{""open_time"": ""14:05:21"", ""open_price"": 136.613, ""open_quantity_bonds"": 1000.0, ""close_time"": ""14:08:51"", ""close_price"": 136.998, ""close_quantity_bonds"": 1000.0, ""matched_quantity_bonds"": 1000.0, ""edge"": 0.385, ""gross_edge_cash"": 385.0}",exact_best_pair_capture,unreviewed,unreviewed
2026-08-13_132026.SH_T081,2026-08-13,132026.SH,buy_then_sell,14:05:21,136.612,14:08:48,137.0,0.388,200,1000,buy,sell,maker_v01_queue,queue,maker_queue_v1_0,1000.0,2000.0,2000.0,2000.0,8214.76,8214.76,0,0,0,0,1000,0,0,[],not_exactly_matched_needs_causal_execution_audit,[],[],null,null,"{""open_time"": ""14:05:00"", ""open_price"": 136.709, ""open_quantity_bonds"": 1000.0, ""close_time"": ""14:15:39"", ""close_price"": 136.899, ""close_quantity_bonds"": 1000.0, ""matched_quantity_bonds"": 1000.0, ""edge"": 0.19, ""gross_edge_cash"": 190.0}",economic_pair_cross_turn_600s_needs_path_review,unreviewed,unreviewed
2026-08-13_132026.SH_T082,2026-08-13,132026.SH,sell_then_buy,14:08:48,137.0,14:08:51,136.801,0.199,200,1000,sell,buy,maker_v01_priority,priority,maker_priority_v1_33_candidate,1000.0,2000.0,2000.0,2000.0,13033.66,13033.66,2000,2000,2000,2000,1000,1,1,"[{""order_id"": 954, ""kind"": ""inventory_exit"", ""limit_price"": 136.998, ""quantity_bonds"": 1000.0, ""filled_quantity_bonds"": 1000.0, ""created_market_time"": ""14:08:30"", ""updated_market_time"": ""14:08:51"", ""status"": ""filled"", ""cancel_reason"": null, ""initial_queue_ahead_bonds"": 0.0, ""final_queue_ahead_bonds"": 0.0, ""created_same_second_as_tape"": false}]",best_pair_open_leg_matched_only,"[{""order_id"": 954, ""strategy_id"": ""maker_v01_priority"", ""model_id"": ""maker_priority_v1_33_candidate"", ""market_time"": ""14:08:51"", ""side"": ""sell"", ""price"": 136.998, ""quantity_bonds"": 1000.0, ""fill_reason"": ""passive_sell"", ""inventory_after_bonds"": 1000.0, ""reference_tick_id"": 73161, ""crossed_book_residual_price"": 0.0, ""crossed_book_residual_bonds"": 0.0}]",[],null,null,null,preexisting_reaching_order_needs_execution_audit,unreviewed,unreviewed
2026-08-13_132026.SH_T082,2026-08-13,132026.SH,sell_then_buy,14:08:48,137.0,14:08:51,136.801,0.199,200,1000,sell,buy,maker_v01_queue,queue,maker_queue_v1_0,1000.0,2000.0,2000.0,2000.0,8214.76,8214.76,2000,2000,2000,2000,1000,0,0,[],not_exactly_matched_needs_causal_execution_audit,[],[],null,null,null,causal_mode_in_review_required,unreviewed,unreviewed
2026-08-13_132026.SH_T083,2026-08-13,132026.SH,buy_then_sell,14:08:51,136.801,14:09:09,136.998,0.197,100,1000,buy,sell,maker_v01_priority,priority,maker_priority_v1_33_candidate,1000.0,2000.0,2000.0,1000.0,13033.66,150031.66,0,1000,0,1000,1000,0,0,[],not_exactly_matched_needs_causal_execution_audit,[],[],null,null,"{""open_time"": ""14:05:21"", ""open_price"": 136.613, ""open_quantity_bonds"": 1000.0, ""close_time"": ""14:08:51"", ""close_price"": 136.998, ""close_quantity_bonds"": 1000.0, ""matched_quantity_bonds"": 1000.0, ""edge"": 0.385, ""gross_edge_cash"": 385.0}",economic_pair_cross_turn_600s_needs_path_review,unreviewed,unreviewed
2026-08-13_132026.SH_T083,2026-08-13,132026.SH,buy_then_sell,14:08:51,136.801,14:09:09,136.998,0.197,100,1000,buy,sell,maker_v01_queue,queue,maker_queue_v1_0,1000.0,2000.0,2000.0,2000.0,8214.76,8214.76,0,0,0,0,1000,0,0,[],not_exactly_matched_needs_causal_execution_audit,[],[],null,null,"{""open_time"": ""14:05:00"", ""open_price"": 136.709, ""open_quantity_bonds"": 1000.0, ""close_time"": ""14:15:39"", ""close_price"": 136.899, ""close_quantity_bonds"": 1000.0, ""matched_quantity_bonds"": 1000.0, ""edge"": 0.19, ""gross_edge_cash"": 190.0}",economic_pair_cross_turn_600s_needs_path_review,unreviewed,unreviewed
2026-08-13_132026.SH_T084,2026-08-13,132026.SH,sell_then_buy,14:09:09,136.998,14:09:12,136.8,0.198,100,1000,sell,buy,maker_v01_priority,priority,maker_priority_v1_33_candidate,1000.0,2000.0,1000.0,1000.0,150031.66,150031.66,1000,1000,1000,1000,1000,0,0,[],not_exactly_matched_needs_causal_execution_audit,[],[],null,null,null,causal_mode_in_review_required,unreviewed,unreviewed
2026-08-13_132026.SH_T084,2026-08-13,132026.SH,sell_then_buy,14:09:09,136.998,14:09:12,136.8,0.198,100,1000,sell,buy,maker_v01_queue,queue,maker_queue_v1_0,1000.0,2000.0,2000.0,2000.0,8214.76,8214.76,2000,2000,2000,2000,1000,0,0,[],not_exactly_matched_needs_causal_execution_audit,[],[],null,null,null,causal_mode_in_review_required,unreviewed,unreviewed
2026-08-13_132026.SH_T085,2026-08-13,132026.SH,buy_then_sell,14:09:12,136.8,14:09:15,136.998,0.198,100,1000,buy,sell,maker_v01_priority,priority,maker_priority_v1_33_candidate,1000.0,2000.0,1000.0,1000.0,150031.66,150031.66,1000,1000,1000,1000,1000,0,0,[],not_exactly_matched_needs_causal_execution_audit,[],[],null,null,null,causal_mode_in_review_required,unreviewed,unreviewed
2026-08-13_132026.SH_T085,2026-08-13,132026.SH,buy_then_sell,14:09:12,136.8,14:09:15,136.998,0.198,100,1000,buy,sell,maker_v01_queue,queue,maker_queue_v1_0,1000.0,2000.0,2000.0,2000.0,8214.76,8214.76,0,0,0,0,1000,0,0,[],not_exactly_matched_needs_causal_execution_audit,[],[],null,null,"{""open_time"": ""14:05:00"", ""open_price"": 136.709, ""open_quantity_bonds"": 1000.0, ""close_time"": ""14:15:39"", ""close_price"": 136.899, ""close_quantity_bonds"": 1000.0, ""matched_quantity_bonds"": 1000.0, ""edge"": 0.19, ""gross_edge_cash"": 190.0}",economic_pair_cross_turn_600s_needs_path_review,unreviewed,unreviewed
2026-08-13_132026.SH_T086,2026-08-13,132026.SH,sell_then_buy,14:09:15,136.998,14:09:24,136.8,0.198,100,1000,sell,buy,maker_v01_priority,priority,maker_priority_v1_33_candidate,1000.0,2000.0,1000.0,1000.0,150031.66,150031.66,1000,1000,1000,1000,1000,0,0,[],not_exactly_matched_needs_causal_execution_audit,[],[],null,null,null,causal_mode_in_review_required,unreviewed,unreviewed
2026-08-13_132026.SH_T086,2026-08-13,132026.SH,sell_then_buy,14:09:15,136.998,14:09:24,136.8,0.198,100,1000,sell,buy,maker_v01_queue,queue,maker_queue_v1_0,1000.0,2000.0,2000.0,2000.0,8214.76,8214.76,2000,2000,2000,2000,1000,0,0,[],not_exactly_matched_needs_causal_execution_audit,[],[],null,null,null,causal_mode_in_review_required,unreviewed,unreviewed
2026-08-13_132026.SH_T087,2026-08-13,132026.SH,buy_then_sell,14:11:09,136.799,14:11:12,136.8,0.001,100,1000,buy,sell,maker_v01_priority,priority,maker_priority_v1_33_candidate,1000.0,2000.0,1000.0,1000.0,150031.66,150031.66,1000,1000,1000,1000,1000,0,0,[],not_exactly_matched_needs_causal_execution_audit,[],[],null,null,null,causal_mode_in_review_required,unreviewed,unreviewed
2026-08-13_132026.SH_T087,2026-08-13,132026.SH,buy_then_sell,14:11:09,136.799,14:11:12,136.8,0.001,100,1000,buy,sell,maker_v01_queue,queue,maker_queue_v1_0,1000.0,2000.0,2000.0,2000.0,8214.76,8214.76,0,0,0,0,1000,0,0,[],not_exactly_matched_needs_causal_execution_audit,[],[],null,null,"{""open_time"": ""14:05:00"", ""open_price"": 136.709, ""open_quantity_bonds"": 1000.0, ""close_time"": ""14:15:39"", ""close_price"": 136.899, ""close_quantity_bonds"": 1000.0, ""matched_quantity_bonds"": 1000.0, ""edge"": 0.19, ""gross_edge_cash"": 190.0}",economic_pair_cross_turn_600s_needs_path_review,unreviewed,unreviewed
2026-08-13_132026.SH_T088,2026-08-13,132026.SH,sell_then_buy,14:11:12,136.8,14:12:08,136.799,0.001,100,1000,sell,buy,maker_v01_priority,priority,maker_priority_v1_33_candidate,1000.0,2000.0,1000.0,1000.0,150031.66,150031.66,1000,1000,1000,1000,1000,0,0,[],not_exactly_matched_needs_causal_execution_audit,[],[],null,null,null,causal_mode_in_review_required,unreviewed,unreviewed
2026-08-13_132026.SH_T088,2026-08-13,132026.SH,sell_then_buy,14:11:12,136.8,14:12:08,136.799,0.001,100,1000,sell,buy,maker_v01_queue,queue,maker_queue_v1_0,1000.0,2000.0,2000.0,2000.0,8214.76,8214.76,2000,2000,2000,2000,1000,0,0,[],not_exactly_matched_needs_causal_execution_audit,[],[],null,null,null,causal_mode_in_review_required,unreviewed,unreviewed
2026-08-13_132026.SH_T089,2026-08-13,132026.SH,buy_then_sell,14:12:08,136.799,14:13:06,136.8,0.001,100,1000,buy,sell,maker_v01_priority,priority,maker_priority_v1_33_candidate,1000.0,2000.0,1000.0,1000.0,150031.66,150031.66,1000,1000,1000,1000,1000,0,0,[],not_exactly_matched_needs_causal_execution_audit,[],[],null,null,null,causal_mode_in_review_required,unreviewed,unreviewed
2026-08-13_132026.SH_T089,2026-08-13,132026.SH,buy_then_sell,14:12:08,136.799,14:13:06,136.8,0.001,100,1000,buy,sell,maker_v01_queue,queue,maker_queue_v1_0,1000.0,2000.0,2000.0,2000.0,8214.76,8214.76,0,0,0,0,1000,0,0,[],not_exactly_matched_needs_causal_execution_audit,[],[],null,null,"{""open_time"": ""14:05:00"", ""open_price"": 136.709, ""open_quantity_bonds"": 1000.0, ""close_time"": ""14:15:39"", ""close_price"": 136.899, ""close_quantity_bonds"": 1000.0, ""matched_quantity_bonds"": 1000.0, ""edge"": 0.19, ""gross_edge_cash"": 190.0}",economic_pair_cross_turn_600s_needs_path_review,unreviewed,unreviewed
2026-08-13_132026.SH_T090,2026-08-13,132026.SH,buy_then_sell,14:13:06,136.8,14:13:09,136.896,0.096,100,1000,buy,sell,maker_v01_priority,priority,maker_priority_v1_33_candidate,1000.0,2000.0,1000.0,1000.0,150031.66,150031.66,1000,1000,1000,1000,1000,0,0,[],not_exactly_matched_needs_causal_execution_audit,[],[],null,null,null,causal_mode_in_review_required,unreviewed,unreviewed
2026-08-13_132026.SH_T090,2026-08-13,132026.SH,buy_then_sell,14:13:06,136.8,14:13:09,136.896,0.096,100,1000,buy,sell,maker_v01_queue,queue,maker_queue_v1_0,1000.0,2000.0,2000.0,2000.0,8214.76,8214.76,0,0,0,0,1000,0,0,[],not_exactly_matched_needs_causal_execution_audit,[],[],null,null,"{""open_time"": ""14:05:00"", ""open_price"": 136.709, ""open_quantity_bonds"": 1000.0, ""close_time"": ""14:15:39"", ""close_price"": 136.899, ""close_quantity_bonds"": 1000.0, ""matched_quantity_bonds"": 1000.0, ""edge"": 0.19, ""gross_edge_cash"": 190.0}",economic_pair_cross_turn_600s_needs_path_review,unreviewed,unreviewed
2026-08-13_132026.SH_T091,2026-08-13,132026.SH,sell_then_buy,14:13:09,136.896,14:13:19,136.811,0.085,100,1000,sell,buy,maker_v01_priority,priority,maker_priority_v1_33_candidate,1000.0,2000.0,1000.0,1000.0,150031.66,150031.66,1000,1000,1000,1000,1000,0,0,[],not_exactly_matched_needs_causal_execution_audit,[],[],null,null,null,causal_mode_in_review_required,unreviewed,unreviewed
2026-08-13_132026.SH_T091,2026-08-13,132026.SH,sell_then_buy,14:13:09,136.896,14:13:19,136.811,0.085,100,1000,sell,buy,maker_v01_queue,queue,maker_queue_v1_0,1000.0,2000.0,2000.0,2000.0,8214.76,8214.76,2000,2000,2000,2000,1000,0,0,[],not_exactly_matched_needs_causal_execution_audit,[],[],null,null,null,causal_mode_in_review_required,unreviewed,unreviewed
2026-08-13_132026.SH_T092,2026-08-13,132026.SH,buy_then_sell,14:13:19,136.811,14:14:36,136.9,0.089,385,3850,buy,sell,maker_v01_priority,priority,maker_priority_v1_33_candidate,1000.0,2000.0,1000.0,1000.0,150031.66,150031.66,1000,1000,1000,1000,1000,0,0,[],not_exactly_matched_needs_causal_execution_audit,[],[],null,null,null,causal_mode_in_review_required,unreviewed,unreviewed
2026-08-13_132026.SH_T092,2026-08-13,132026.SH,buy_then_sell,14:13:19,136.811,14:14:36,136.9,0.089,385,3850,buy,sell,maker_v01_queue,queue,maker_queue_v1_0,1000.0,2000.0,2000.0,2000.0,8214.76,8214.76,0,0,0,0,1000,0,0,[],not_exactly_matched_needs_causal_execution_audit,[],[],null,null,"{""open_time"": ""14:05:00"", ""open_price"": 136.709, ""open_quantity_bonds"": 1000.0, ""close_time"": ""14:15:39"", ""close_price"": 136.899, ""close_quantity_bonds"": 1000.0, ""matched_quantity_bonds"": 1000.0, ""edge"": 0.19, ""gross_edge_cash"": 190.0}",economic_pair_cross_turn_600s_needs_path_review,unreviewed,unreviewed
2026-08-13_132026.SH_T093,2026-08-13,132026.SH,sell_then_buy,14:14:36,136.9,14:14:37,136.811,0.089,38,380,sell,buy,maker_v01_priority,priority,maker_priority_v1_33_candidate,1000.0,2000.0,1000.0,1000.0,150031.66,150031.66,1000,1000,1000,1000,380,0,0,[],not_exactly_matched_needs_causal_execution_audit,[],[],null,null,null,causal_mode_in_review_required,unreviewed,unreviewed
2026-08-13_132026.SH_T093,2026-08-13,132026.SH,sell_then_buy,14:14:36,136.9,14:14:37,136.811,0.089,38,380,sell,buy,maker_v01_queue,queue,maker_queue_v1_0,1000.0,2000.0,2000.0,2000.0,8214.76,8214.76,2000,2000,2000,2000,380,1,1,"[{""order_id"": 958, ""kind"": ""inventory_exit"", ""limit_price"": 136.897, ""quantity_bonds"": 1000.0, ""filled_quantity_bonds"": 0.0, ""created_market_time"": ""14:14:30"", ""updated_market_time"": ""14:14:39"", ""status"": ""cancelled"", ""cancel_reason"": ""maker_reprice"", ""initial_queue_ahead_bonds"": 2000.0, ""final_queue_ahead_bonds"": 2000.0, ""created_same_second_as_tape"": false}]",not_exactly_matched_needs_causal_execution_audit,[],[],null,null,null,preexisting_reaching_order_needs_execution_audit,unreviewed,unreviewed
2026-08-13_132026.SH_T094,2026-08-13,132026.SH,buy_then_sell,14:14:37,136.811,14:15:21,136.899,0.088,38,380,buy,sell,maker_v01_priority,priority,maker_priority_v1_33_candidate,1000.0,2000.0,1000.0,1000.0,150031.66,150031.66,1000,1000,1000,1000,380,0,0,[],not_exactly_matched_needs_causal_execution_audit,[],[],null,null,null,causal_mode_in_review_required,unreviewed,unreviewed
2026-08-13_132026.SH_T094,2026-08-13,132026.SH,buy_then_sell,14:14:37,136.811,14:15:21,136.899,0.088,38,380,buy,sell,maker_v01_queue,queue,maker_queue_v1_0,1000.0,2000.0,2000.0,2000.0,8214.76,8214.76,0,0,0,0,380,0,0,[],not_exactly_matched_needs_causal_execution_audit,[],[],null,null,"{""open_time"": ""14:05:00"", ""open_price"": 136.709, ""open_quantity_bonds"": 1000.0, ""close_time"": ""14:15:39"", ""close_price"": 136.899, ""close_quantity_bonds"": 1000.0, ""matched_quantity_bonds"": 1000.0, ""edge"": 0.19, ""gross_edge_cash"": 190.0}",economic_pair_cross_turn_600s_needs_path_review,unreviewed,unreviewed
2026-08-13_132026.SH_T095,2026-08-13,132026.SH,sell_then_buy,14:15:21,136.899,14:15:28,136.82,0.079,200,2000,sell,buy,maker_v01_priority,priority,maker_priority_v1_33_candidate,1000.0,2000.0,1000.0,1000.0,150031.66,150031.66,1000,1000,1000,1000,1000,0,0,[],not_exactly_matched_needs_causal_execution_audit,[],[],null,null,null,causal_mode_in_review_required,unreviewed,unreviewed
2026-08-13_132026.SH_T095,2026-08-13,132026.SH,sell_then_buy,14:15:21,136.899,14:15:28,136.82,0.079,200,2000,sell,buy,maker_v01_queue,queue,maker_queue_v1_0,1000.0,2000.0,2000.0,2000.0,8214.76,8214.76,2000,2000,2000,2000,1000,1,1,"[{""order_id"": 961, ""kind"": ""inventory_exit"", ""limit_price"": 136.899, ""quantity_bonds"": 1000.0, ""filled_quantity_bonds"": 1000.0, ""created_market_time"": ""14:14:45"", ""updated_market_time"": ""14:15:39"", ""status"": ""filled"", ""cancel_reason"": null, ""initial_queue_ahead_bonds"": 2000.0, ""final_queue_ahead_bonds"": 0.0, ""created_same_second_as_tape"": false}]",not_exactly_matched_needs_causal_execution_audit,[],[],null,null,null,preexisting_reaching_order_needs_execution_audit,unreviewed,unreviewed
2026-08-13_132026.SH_T096,2026-08-13,132026.SH,buy_then_sell,14:15:28,136.82,14:15:38,136.899,0.079,300,1000,buy,sell,maker_v01_priority,priority,maker_priority_v1_33_candidate,1000.0,2000.0,1000.0,1000.0,150031.66,150031.66,1000,1000,1000,1000,1000,0,0,[],not_exactly_matched_needs_causal_execution_audit,[],[],null,null,null,causal_mode_in_review_required,unreviewed,unreviewed
2026-08-13_132026.SH_T096,2026-08-13,132026.SH,buy_then_sell,14:15:28,136.82,14:15:38,136.899,0.079,300,1000,buy,sell,maker_v01_queue,queue,maker_queue_v1_0,1000.0,2000.0,2000.0,2000.0,8214.76,8214.76,0,0,0,0,1000,0,0,[],best_pair_close_leg_matched_only,[],"[{""order_id"": 961, ""strategy_id"": ""maker_v01_queue"", ""model_id"": ""maker_queue_v1_0"", ""market_time"": ""14:15:39"", ""side"": ""sell"", ""price"": 136.899, ""quantity_bonds"": 1000.0, ""fill_reason"": ""passive_sell"", ""inventory_after_bonds"": 1000.0, ""reference_tick_id"": 73423, ""crossed_book_residual_price"": 0.0, ""crossed_book_residual_bonds"": 0.0}]",null,null,null,opening_inventory_or_cash_capacity_blocked,unreviewed,unreviewed
2026-08-13_132026.SH_T097,2026-08-13,132026.SH,sell_then_buy,14:15:38,136.899,14:15:46,136.82,0.079,300,1000,sell,buy,maker_v01_priority,priority,maker_priority_v1_33_candidate,1000.0,2000.0,1000.0,1000.0,150031.66,150031.66,1000,1000,1000,1000,1000,0,0,[],not_exactly_matched_needs_causal_execution_audit,[],[],null,null,null,causal_mode_in_review_required,unreviewed,unreviewed
2026-08-13_132026.SH_T097,2026-08-13,132026.SH,sell_then_buy,14:15:38,136.899,14:15:46,136.82,0.079,300,1000,sell,buy,maker_v01_queue,queue,maker_queue_v1_0,1000.0,2000.0,2000.0,2000.0,8214.76,8214.76,2000,2000,2000,2000,1000,1,1,"[{""order_id"": 961, ""kind"": ""inventory_exit"", ""limit_price"": 136.899, ""quantity_bonds"": 1000.0, ""filled_quantity_bonds"": 1000.0, ""created_market_time"": ""14:14:45"", ""updated_market_time"": ""14:15:39"", ""status"": ""filled"", ""cancel_reason"": null, ""initial_queue_ahead_bonds"": 2000.0, ""final_queue_ahead_bonds"": 0.0, ""created_same_second_as_tape"": false}]",best_pair_open_leg_matched_only,"[{""order_id"": 961, ""strategy_id"": ""maker_v01_queue"", ""model_id"": ""maker_queue_v1_0"", ""market_time"": ""14:15:39"", ""side"": ""sell"", ""price"": 136.899, ""quantity_bonds"": 1000.0, ""fill_reason"": ""passive_sell"", ""inventory_after_bonds"": 1000.0, ""reference_tick_id"": 73423, ""crossed_book_residual_price"": 0.0, ""crossed_book_residual_bonds"": 0.0}]",[],null,null,null,preexisting_reaching_order_needs_execution_audit,unreviewed,unreviewed
2026-08-13_132026.SH_T098,2026-08-13,132026.SH,buy_then_sell,14:15:46,136.82,14:22:57,137.011,0.191,770,1000,buy,sell,maker_v01_priority,priority,maker_priority_v1_33_candidate,1000.0,2000.0,1000.0,1000.0,150031.66,150031.66,1000,1000,1000,1000,1000,0,0,[],not_exactly_matched_needs_causal_execution_audit,[],[],null,null,null,causal_mode_in_review_required,unreviewed,unreviewed
2026-08-13_132026.SH_T098,2026-08-13,132026.SH,buy_then_sell,14:15:46,136.82,14:22:57,137.011,0.191,770,1000,buy,sell,maker_v01_queue,queue,maker_queue_v1_0,1000.0,2000.0,1000.0,1000.0,145113.76,145113.76,1000,1000,1000,1000,1000,0,0,[],not_exactly_matched_needs_causal_execution_audit,[],[],null,null,null,causal_mode_in_review_required,unreviewed,unreviewed
2026-08-13_132026.SH_T099,2026-08-13,132026.SH,sell_then_buy,14:22:57,137.011,14:28:50,136.801,0.21,770,1000,sell,buy,maker_v01_priority,priority,maker_priority_v1_33_candidate,1000.0,2000.0,1000.0,1000.0,150031.66,150031.66,1000,1000,1000,1000,1000,0,0,[],not_exactly_matched_needs_causal_execution_audit,[],[],null,null,"{""open_time"": ""14:08:51"", ""open_price"": 136.998, ""open_quantity_bonds"": 1000.0, ""close_time"": ""14:35:21"", ""close_price"": 136.611, ""close_quantity_bonds"": 380.0, ""matched_quantity_bonds"": 380.0, ""edge"": 0.387, ""gross_edge_cash"": 147.06}",economic_pair_cross_turn_600s_needs_path_review,unreviewed,unreviewed
2026-08-13_132026.SH_T099,2026-08-13,132026.SH,sell_then_buy,14:22:57,137.011,14:28:50,136.801,0.21,770,1000,sell,buy,maker_v01_queue,queue,maker_queue_v1_0,1000.0,2000.0,1000.0,1000.0,145113.76,145113.76,1000,1000,1000,1000,1000,0,0,[],not_exactly_matched_needs_causal_execution_audit,[],[],null,null,"{""open_time"": ""14:15:39"", ""open_price"": 136.899, ""open_quantity_bonds"": 1000.0, ""close_time"": ""14:37:15"", ""close_price"": 136.708, ""close_quantity_bonds"": 1000.0, ""matched_quantity_bonds"": 1000.0, ""edge"": 0.191, ""gross_edge_cash"": 191.0}",economic_pair_cross_turn_600s_needs_path_review,unreviewed,unreviewed
2026-08-13_132026.SH_T100,2026-08-13,132026.SH,buy_then_sell,14:28:50,136.801,14:29:00,136.999,0.198,100,1000,buy,sell,maker_v01_priority,priority,maker_priority_v1_33_candidate,1000.0,2000.0,1000.0,1000.0,150031.66,150031.66,1000,1000,1000,1000,1000,0,0,[],not_exactly_matched_needs_causal_execution_audit,[],[],null,null,null,causal_mode_in_review_required,unreviewed,unreviewed
2026-08-13_132026.SH_T100,2026-08-13,132026.SH,buy_then_sell,14:28:50,136.801,14:29:00,136.999,0.198,100,1000,buy,sell,maker_v01_queue,queue,maker_queue_v1_0,1000.0,2000.0,1000.0,1000.0,145113.76,145113.76,1000,1000,1000,1000,1000,0,0,[],not_exactly_matched_needs_causal_execution_audit,[],[],null,null,null,causal_mode_in_review_required,unreviewed,unreviewed
2026-08-13_132026.SH_T101,2026-08-13,132026.SH,sell_then_buy,14:29:00,136.999,14:29:03,136.801,0.198,100,1000,sell,buy,maker_v01_priority,priority,maker_priority_v1_33_candidate,1000.0,2000.0,1000.0,1000.0,150031.66,150031.66,1000,1000,1000,1000,1000,0,0,[],not_exactly_matched_needs_causal_execution_audit,[],[],null,null,null,causal_mode_in_review_required,unreviewed,unreviewed
2026-08-13_132026.SH_T101,2026-08-13,132026.SH,sell_then_buy,14:29:00,136.999,14:29:03,136.801,0.198,100,1000,sell,buy,maker_v01_queue,queue,maker_queue_v1_0,1000.0,2000.0,1000.0,1000.0,145113.76,145113.76,1000,1000,1000,1000,1000,0,0,[],not_exactly_matched_needs_causal_execution_audit,[],[],null,null,null,causal_mode_in_review_required,unreviewed,unreviewed
2026-08-13_132026.SH_T102,2026-08-13,132026.SH,buy_then_sell,14:29:03,136.801,14:29:18,137.0,0.199,700,1450,buy,sell,maker_v01_priority,priority,maker_priority_v1_33_candidate,1000.0,2000.0,1000.0,1000.0,150031.66,150031.66,1000,1000,1000,1000,1000,0,0,[],not_exactly_matched_needs_causal_execution_audit,[],[],null,null,null,causal_mode_in_review_required,unreviewed,unreviewed
2026-08-13_132026.SH_T102,2026-08-13,132026.SH,buy_then_sell,14:29:03,136.801,14:29:18,137.0,0.199,700,1450,buy,sell,maker_v01_queue,queue,maker_queue_v1_0,1000.0,2000.0,1000.0,1000.0,145113.76,145113.76,1000,1000,1000,1000,1000,0,0,[],not_exactly_matched_needs_causal_execution_audit,[],[],null,null,null,causal_mode_in_review_required,unreviewed,unreviewed
2026-08-13_132026.SH_T103,2026-08-13,132026.SH,sell_then_buy,14:29:18,137.0,14:30:23,136.901,0.099,385,3000,sell,buy,maker_v01_priority,priority,maker_priority_v1_33_candidate,1000.0,2000.0,1000.0,1000.0,150031.66,150031.66,1000,1000,1000,1000,1000,0,0,[],not_exactly_matched_needs_causal_execution_audit,[],[],null,null,null,causal_mode_in_review_required,unreviewed,unreviewed
2026-08-13_132026.SH_T103,2026-08-13,132026.SH,sell_then_buy,14:29:18,137.0,14:30:23,136.901,0.099,385,3000,sell,buy,maker_v01_queue,queue,maker_queue_v1_0,1000.0,2000.0,1000.0,1000.0,145113.76,145113.76,1000,1000,1000,1000,1000,0,0,[],not_exactly_matched_needs_causal_execution_audit,[],[],null,null,null,causal_mode_in_review_required,unreviewed,unreviewed
2026-08-13_132026.SH_T104,2026-08-13,132026.SH,buy_then_sell,14:30:23,136.901,14:30:48,137.289,0.388,385,1000,buy,sell,maker_v01_priority,priority,maker_priority_v1_33_candidate,1000.0,2000.0,1000.0,1000.0,150031.66,150031.66,1000,1000,1000,1000,1000,0,0,[],best_pair_close_leg_matched_only,[],"[{""order_id"": 971, ""strategy_id"": ""maker_v01_priority"", ""model_id"": ""maker_priority_v1_33_candidate"", ""market_time"": ""14:30:51"", ""side"": ""sell"", ""price"": 137.288, ""quantity_bonds"": 380.0, ""fill_reason"": ""passive_sell"", ""inventory_after_bonds"": 620.0, ""reference_tick_id"": 73935, ""crossed_book_residual_price"": 0.0, ""crossed_book_residual_bonds"": 0.0}, {""order_id"": 972, ""strategy_id"": ""maker_v01_priority"", ""model_id"": ""maker_priority_v1_33_candidate"", ""market_time"": ""14:30:51"", ""side"": ""sell"", ""price"": 137.288, ""quantity_bonds"": 620.0, ""fill_reason"": ""passive_sell"", ""inventory_after_bonds"": 0.0, ""reference_tick_id"": 73935, ""crossed_book_residual_price"": 0.0, ""crossed_book_residual_bonds"": 0.0}]",null,"{""open_time"": ""14:33:54"", ""open_price"": 137.069, ""open_quantity_bonds"": 380.0, ""close_time"": ""14:34:03"", ""close_price"": 137.288, ""close_quantity_bonds"": 380.0, ""matched_quantity_bonds"": 380.0, ""edge"": 0.219, ""gross_edge_cash"": 83.22}","{""open_time"": ""14:33:54"", ""open_price"": 137.069, ""open_quantity_bonds"": 380.0, ""close_time"": ""14:34:03"", ""close_price"": 137.288, ""close_quantity_bonds"": 380.0, ""matched_quantity_bonds"": 380.0, ""edge"": 0.219, ""gross_edge_cash"": 83.22}",economic_pair_nearby_needs_cross_turn_review,unreviewed,unreviewed
2026-08-13_132026.SH_T104,2026-08-13,132026.SH,buy_then_sell,14:30:23,136.901,14:30:48,137.289,0.388,385,1000,buy,sell,maker_v01_queue,queue,maker_queue_v1_0,1000.0,2000.0,1000.0,1000.0,145113.76,145113.76,1000,1000,1000,1000,1000,0,0,[],not_exactly_matched_needs_causal_execution_audit,[],[],null,null,null,causal_mode_in_review_required,unreviewed,unreviewed
2026-08-13_132026.SH_T105,2026-08-13,132026.SH,sell_then_buy,14:30:48,137.289,14:34:09,137.068,0.221,76,380,sell,buy,maker_v01_priority,priority,maker_priority_v1_33_candidate,1000.0,2000.0,1000.0,1000.0,150031.66,150031.66,1000,1000,1000,1000,380,2,0,"[{""order_id"": 971, ""kind"": ""inventory_exit"", ""limit_price"": 137.288, ""quantity_bonds"": 380.0, ""filled_quantity_bonds"": 380.0, ""created_market_time"": ""14:30:48"", ""updated_market_time"": ""14:30:51"", ""status"": ""filled"", ""cancel_reason"": null, ""initial_queue_ahead_bonds"": 0.0, ""final_queue_ahead_bonds"": 0.0, ""created_same_second_as_tape"": true}, {""order_id"": 972, ""kind"": ""inventory_exit"", ""limit_price"": 137.288, ""quantity_bonds"": 620.0, ""filled_quantity_bonds"": 620.0, ""created_market_time"": ""14:30:48"", ""updated_market_time"": ""14:30:51"", ""status"": ""filled"", ""cancel_reason"": null, ""initial_queue_ahead_bonds"": 0.0, ""final_queue_ahead_bonds"": 0.0, ""created_same_second_as_tape"": true}]",best_pair_both_legs_matched,"[{""order_id"": 971, ""strategy_id"": ""maker_v01_priority"", ""model_id"": ""maker_priority_v1_33_candidate"", ""market_time"": ""14:30:51"", ""side"": ""sell"", ""price"": 137.288, ""quantity_bonds"": 380.0, ""fill_reason"": ""passive_sell"", ""inventory_after_bonds"": 620.0, ""reference_tick_id"": 73935, ""crossed_book_residual_price"": 0.0, ""crossed_book_residual_bonds"": 0.0}, {""order_id"": 972, ""strategy_id"": ""maker_v01_priority"", ""model_id"": ""maker_priority_v1_33_candidate"", ""market_time"": ""14:30:51"", ""side"": ""sell"", ""price"": 137.288, ""quantity_bonds"": 620.0, ""fill_reason"": ""passive_sell"", ""inventory_after_bonds"": 0.0, ""reference_tick_id"": 73935, ""crossed_book_residual_price"": 0.0, ""crossed_book_residual_bonds"": 0.0}]","[{""order_id"": 979, ""strategy_id"": ""maker_v01_priority"", ""model_id"": ""maker_priority_v1_33_candidate"", ""market_time"": ""14:34:12"", ""side"": ""buy"", ""price"": 137.069, ""quantity_bonds"": 380.0, ""fill_reason"": ""passive_buy"", ""inventory_after_bonds"": 380.0, ""reference_tick_id"": 74073, ""crossed_book_residual_price"": 0.0, ""crossed_book_residual_bonds"": 0.0}]","{""open_time"": ""14:30:51"", ""open_price"": 137.288, ""open_quantity_bonds"": 380.0, ""close_time"": ""14:33:54"", ""close_price"": 137.069, ""close_quantity_bonds"": 380.0, ""matched_quantity_bonds"": 380.0, ""edge"": 0.219, ""gross_edge_cash"": 83.22}","{""open_time"": ""14:30:51"", ""open_price"": 137.288, ""open_quantity_bonds"": 380.0, ""close_time"": ""14:35:21"", ""close_price"": 136.611, ""close_quantity_bonds"": 380.0, ""matched_quantity_bonds"": 380.0, ""edge"": 0.677, ""gross_edge_cash"": 257.26}","{""open_time"": ""14:30:51"", ""open_price"": 137.288, ""open_quantity_bonds"": 380.0, ""close_time"": ""14:35:21"", ""close_price"": 136.611, ""close_quantity_bonds"": 380.0, ""matched_quantity_bonds"": 380.0, ""edge"": 0.677, ""gross_edge_cash"": 257.26}",exact_best_pair_capture,unreviewed,unreviewed
2026-08-13_132026.SH_T105,2026-08-13,132026.SH,sell_then_buy,14:30:48,137.289,14:34:09,137.068,0.221,76,380,sell,buy,maker_v01_queue,queue,maker_queue_v1_0,1000.0,2000.0,1000.0,1000.0,145113.76,145113.76,1000,1000,1000,1000,380,1,0,"[{""order_id"": 973, ""kind"": ""inventory_exit"", ""limit_price"": 137.289, ""quantity_bonds"": 1000.0, ""filled_quantity_bonds"": 1000.0, ""created_market_time"": ""14:30:48"", ""updated_market_time"": ""14:33:09"", ""status"": ""filled"", ""cancel_reason"": null, ""initial_queue_ahead_bonds"": 3340.0, ""final_queue_ahead_bonds"": 0.0, ""created_same_second_as_tape"": true}]",not_exactly_matched_needs_causal_execution_audit,[],[],null,"{""open_time"": ""14:32:30"", ""open_price"": 137.289, ""open_quantity_bonds"": 660.0, ""close_time"": ""14:35:39"", ""close_price"": 137.0, ""close_quantity_bonds"": 1000.0, ""matched_quantity_bonds"": 660.0, ""edge"": 0.289, ""gross_edge_cash"": 190.74}","{""open_time"": ""14:32:30"", ""open_price"": 137.289, ""open_quantity_bonds"": 660.0, ""close_time"": ""14:37:15"", ""close_price"": 136.708, ""close_quantity_bonds"": 1000.0, ""matched_quantity_bonds"": 660.0, ""edge"": 0.581, ""gross_edge_cash"": 383.46}",economic_pair_nearby_needs_cross_turn_review,unreviewed,unreviewed
2026-08-13_132026.SH_T106,2026-08-13,132026.SH,buy_then_sell,14:34:09,137.068,14:34:40,137.289,0.221,76,380,buy,sell,maker_v01_priority,priority,maker_priority_v1_33_candidate,1000.0,2000.0,0.0,0.0,287402.88,287402.88,2000,2000,2000,2000,380,1,1,"[{""order_id"": 979, ""kind"": ""inventory_replenish"", ""limit_price"": 137.069, ""quantity_bonds"": 1000.0, ""filled_quantity_bonds"": 760.0, ""created_market_time"": ""14:34:03"", ""updated_market_time"": ""14:34:21"", ""status"": ""cancelled"", ""cancel_reason"": ""maker_reprice"", ""initial_queue_ahead_bonds"": 0.0, ""final_queue_ahead_bonds"": 0.0, ""created_same_second_as_tape"": false}]",best_pair_open_leg_matched_only,"[{""order_id"": 979, ""strategy_id"": ""maker_v01_priority"", ""model_id"": ""maker_priority_v1_33_candidate"", ""market_time"": ""14:34:12"", ""side"": ""buy"", ""price"": 137.069, ""quantity_bonds"": 380.0, ""fill_reason"": ""passive_buy"", ""inventory_after_bonds"": 380.0, ""reference_tick_id"": 74073, ""crossed_book_residual_price"": 0.0, ""crossed_book_residual_bonds"": 0.0}]",[],null,null,null,preexisting_reaching_order_needs_execution_audit,unreviewed,unreviewed
2026-08-13_132026.SH_T106,2026-08-13,132026.SH,buy_then_sell,14:34:09,137.068,14:34:40,137.289,0.221,76,380,buy,sell,maker_v01_queue,queue,maker_queue_v1_0,1000.0,2000.0,0.0,0.0,282402.76,282402.76,2000,2000,2000,2000,380,1,1,"[{""order_id"": 977, ""kind"": ""inventory_replenish"", ""limit_price"": 137.068, ""quantity_bonds"": 1000.0, ""filled_quantity_bonds"": 0.0, ""created_market_time"": ""14:33:39"", ""updated_market_time"": ""14:34:21"", ""status"": ""cancelled"", ""cancel_reason"": ""maker_reprice"", ""initial_queue_ahead_bonds"": 2000.0, ""final_queue_ahead_bonds"": 860.0, ""created_same_second_as_tape"": false}]",not_exactly_matched_needs_causal_execution_audit,[],[],null,null,null,preexisting_reaching_order_needs_execution_audit,unreviewed,unreviewed
2026-08-13_132026.SH_T107,2026-08-13,132026.SH,sell_then_buy,14:34:40,137.289,14:35:09,137.101,0.188,200,1000,sell,buy,maker_v01_priority,priority,maker_priority_v1_33_candidate,1000.0,2000.0,1000.0,1000.0,150333.4,150333.4,1000,1000,1000,1000,1000,0,0,[],not_exactly_matched_needs_causal_execution_audit,[],[],null,"{""open_time"": ""14:34:03"", ""open_price"": 137.288, ""open_quantity_bonds"": 380.0, ""close_time"": ""14:35:21"", ""close_price"": 136.611, ""close_quantity_bonds"": 380.0, ""matched_quantity_bonds"": 380.0, ""edge"": 0.677, ""gross_edge_cash"": 257.26}","{""open_time"": ""14:30:51"", ""open_price"": 137.288, ""open_quantity_bonds"": 380.0, ""close_time"": ""14:35:21"", ""close_price"": 136.611, ""close_quantity_bonds"": 380.0, ""matched_quantity_bonds"": 380.0, ""edge"": 0.677, ""gross_edge_cash"": 257.26}",economic_pair_nearby_needs_cross_turn_review,unreviewed,unreviewed
2026-08-13_132026.SH_T107,2026-08-13,132026.SH,sell_then_buy,14:34:40,137.289,14:35:09,137.101,0.188,200,1000,sell,buy,maker_v01_queue,queue,maker_queue_v1_0,1000.0,2000.0,0.0,0.0,282402.76,282402.76,0,0,0,0,1000,0,0,[],not_exactly_matched_needs_causal_execution_audit,[],[],null,"{""open_time"": ""14:33:09"", ""open_price"": 137.289, ""open_quantity_bonds"": 340.0, ""close_time"": ""14:35:39"", ""close_price"": 137.0, ""close_quantity_bonds"": 1000.0, ""matched_quantity_bonds"": 340.0, ""edge"": 0.289, ""gross_edge_cash"": 98.26}","{""open_time"": ""14:32:30"", ""open_price"": 137.289, ""open_quantity_bonds"": 660.0, ""close_time"": ""14:37:15"", ""close_price"": 136.708, ""close_quantity_bonds"": 1000.0, ""matched_quantity_bonds"": 660.0, ""edge"": 0.581, ""gross_edge_cash"": 383.46}",economic_pair_nearby_needs_cross_turn_review,unreviewed,unreviewed
2026-08-13_132026.SH_T108,2026-08-13,132026.SH,buy_then_sell,14:35:09,137.101,14:35:11,137.289,0.188,100,420,buy,sell,maker_v01_priority,priority,maker_priority_v1_33_candidate,1000.0,2000.0,1000.0,1000.0,150333.4,150333.4,1000,1000,1000,1000,420,0,0,[],not_exactly_matched_needs_causal_execution_audit,[],[],null,null,null,causal_mode_in_review_required,unreviewed,unreviewed
2026-08-13_132026.SH_T108,2026-08-13,132026.SH,buy_then_sell,14:35:09,137.101,14:35:11,137.289,0.188,100,420,buy,sell,maker_v01_queue,queue,maker_queue_v1_0,1000.0,2000.0,0.0,0.0,282402.76,282402.76,2000,2000,2000,2000,420,0,0,[],not_exactly_matched_needs_causal_execution_audit,[],[],null,null,null,causal_mode_in_review_required,unreviewed,unreviewed
2026-08-13_132026.SH_T109,2026-08-13,132026.SH,sell_then_buy,14:35:11,137.289,14:35:18,136.61,0.679,100,380,sell,buy,maker_v01_priority,priority,maker_priority_v1_33_candidate,1000.0,2000.0,1000.0,1000.0,150333.4,150333.4,1000,1000,1000,1000,380,0,0,[],best_pair_close_leg_matched_only,[],"[{""order_id"": 986, ""strategy_id"": ""maker_v01_priority"", ""model_id"": ""maker_priority_v1_33_candidate"", ""market_time"": ""14:35:21"", ""side"": ""buy"", ""price"": 136.611, ""quantity_bonds"": 380.0, ""fill_reason"": ""passive_buy"", ""inventory_after_bonds"": 1380.0, ""reference_tick_id"": 74126, ""crossed_book_residual_price"": 0.0, ""crossed_book_residual_bonds"": 0.0}]",null,"{""open_time"": ""14:34:03"", ""open_price"": 137.288, ""open_quantity_bonds"": 380.0, ""close_time"": ""14:35:21"", ""close_price"": 136.611, ""close_quantity_bonds"": 380.0, ""matched_quantity_bonds"": 380.0, ""edge"": 0.677, ""gross_edge_cash"": 257.26}","{""open_time"": ""14:30:51"", ""open_price"": 137.288, ""open_quantity_bonds"": 620.0, ""close_time"": ""14:45:15"", ""close_price"": 136.611, ""close_quantity_bonds"": 1000.0, ""matched_quantity_bonds"": 620.0, ""edge"": 0.677, ""gross_edge_cash"": 419.74}",economic_pair_nearby_needs_cross_turn_review,unreviewed,unreviewed
2026-08-13_132026.SH_T109,2026-08-13,132026.SH,sell_then_buy,14:35:11,137.289,14:35:18,136.61,0.679,100,380,sell,buy,maker_v01_queue,queue,maker_queue_v1_0,1000.0,2000.0,0.0,0.0,282402.76,282402.76,0,0,0,0,380,0,0,[],not_exactly_matched_needs_causal_execution_audit,[],[],null,null,"{""open_time"": ""14:32:30"", ""open_price"": 137.289, ""open_quantity_bonds"": 660.0, ""close_time"": ""14:37:15"", ""close_price"": 136.708, ""close_quantity_bonds"": 1000.0, ""matched_quantity_bonds"": 660.0, ""edge"": 0.581, ""gross_edge_cash"": 383.46}",economic_pair_cross_turn_600s_needs_path_review,unreviewed,unreviewed
2026-08-13_132026.SH_T110,2026-08-13,132026.SH,buy_then_sell,14:35:18,136.61,14:35:23,137.0,0.39,38,380,buy,sell,maker_v01_priority,priority,maker_priority_v1_33_candidate,1000.0,2000.0,1000.0,1000.0,150333.4,150333.4,1000,1000,1000,1000,380,1,0,"[{""order_id"": 986, ""kind"": ""low_bid_reversion"", ""limit_price"": 136.611, ""quantity_bonds"": 1000.0, ""filled_quantity_bonds"": 380.0, ""created_market_time"": ""14:35:18"", ""updated_market_time"": ""14:35:21"", ""status"": ""cancelled"", ""cancel_reason"": ""entry_context_changed"", ""initial_queue_ahead_bonds"": 0.0, ""final_queue_ahead_bonds"": 0.0, ""created_same_second_as_tape"": true}]",best_pair_both_legs_matched,"[{""order_id"": 986, ""strategy_id"": ""maker_v01_priority"", ""model_id"": ""maker_priority_v1_33_candidate"", ""market_time"": ""14:35:21"", ""side"": ""buy"", ""price"": 136.611, ""quantity_bonds"": 380.0, ""fill_reason"": ""passive_buy"", ""inventory_after_bonds"": 1380.0, ""reference_tick_id"": 74126, ""crossed_book_residual_price"": 0.0, ""crossed_book_residual_bonds"": 0.0}]","[{""order_id"": 988, ""strategy_id"": ""maker_v01_priority"", ""model_id"": ""maker_priority_v1_33_candidate"", ""market_time"": ""14:35:24"", ""side"": ""sell"", ""price"": 136.999, ""quantity_bonds"": 380.0, ""fill_reason"": ""passive_sell"", ""inventory_after_bonds"": 1000.0, ""reference_tick_id"": 74129, ""crossed_book_residual_price"": 0.0, ""crossed_book_residual_bonds"": 0.0}]","{""open_time"": ""14:35:21"", ""open_price"": 136.611, ""open_quantity_bonds"": 380.0, ""close_time"": ""14:35:24"", ""close_price"": 136.999, ""close_quantity_bonds"": 380.0, ""matched_quantity_bonds"": 380.0, ""edge"": 0.388, ""gross_edge_cash"": 147.44}","{""open_time"": ""14:35:21"", ""open_price"": 136.611, ""open_quantity_bonds"": 380.0, ""close_time"": ""14:35:24"", ""close_price"": 136.999, ""close_quantity_bonds"": 380.0, ""matched_quantity_bonds"": 380.0, ""edge"": 0.388, ""gross_edge_cash"": 147.44}","{""open_time"": ""14:35:21"", ""open_price"": 136.611, ""open_quantity_bonds"": 380.0, ""close_time"": ""14:35:24"", ""close_price"": 136.999, ""close_quantity_bonds"": 380.0, ""matched_quantity_bonds"": 380.0, ""edge"": 0.388, ""gross_edge_cash"": 147.44}",exact_best_pair_capture,unreviewed,unreviewed
2026-08-13_132026.SH_T110,2026-08-13,132026.SH,buy_then_sell,14:35:18,136.61,14:35:23,137.0,0.39,38,380,buy,sell,maker_v01_queue,queue,maker_queue_v1_0,1000.0,2000.0,0.0,0.0,282402.76,282402.76,2000,2000,2000,2000,380,1,0,"[{""order_id"": 987, ""kind"": ""inventory_replenish"", ""limit_price"": 136.61, ""quantity_bonds"": 1000.0, ""filled_quantity_bonds"": 0.0, ""created_market_time"": ""14:35:18"", ""updated_market_time"": ""14:35:21"", ""status"": ""cancelled"", ""cancel_reason"": ""maker_reprice"", ""initial_queue_ahead_bonds"": 3000.0, ""final_queue_ahead_bonds"": 2620.0, ""created_same_second_as_tape"": true}]",not_exactly_matched_needs_causal_execution_audit,[],[],null,null,null,causal_mode_in_review_required,unreviewed,unreviewed
2026-08-13_132026.SH_T111,2026-08-13,132026.SH,sell_then_buy,14:35:23,137.0,14:37:17,136.708,0.292,200,1000,sell,buy,maker_v01_priority,priority,maker_priority_v1_33_candidate,1000.0,2000.0,1380.0,1380.0,98421.22,98421.22,1380,1380,1380,1380,1000,1,1,"[{""order_id"": 988, ""kind"": ""inventory_exit"", ""limit_price"": 136.999, ""quantity_bonds"": 380.0, ""filled_quantity_bonds"": 380.0, ""created_market_time"": ""14:35:21"", ""updated_market_time"": ""14:35:24"", ""status"": ""filled"", ""cancel_reason"": null, ""initial_queue_ahead_bonds"": 0.0, ""final_queue_ahead_bonds"": 0.0, ""created_same_second_as_tape"": false}]",best_pair_open_leg_matched_only,"[{""order_id"": 988, ""strategy_id"": ""maker_v01_priority"", ""model_id"": ""maker_priority_v1_33_candidate"", ""market_time"": ""14:35:24"", ""side"": ""sell"", ""price"": 136.999, ""quantity_bonds"": 380.0, ""fill_reason"": ""passive_sell"", ""inventory_after_bonds"": 1000.0, ""reference_tick_id"": 74129, ""crossed_book_residual_price"": 0.0, ""crossed_book_residual_bonds"": 0.0}]",[],null,null,"{""open_time"": ""14:30:51"", ""open_price"": 137.288, ""open_quantity_bonds"": 620.0, ""close_time"": ""14:45:15"", ""close_price"": 136.611, ""close_quantity_bonds"": 1000.0, ""matched_quantity_bonds"": 620.0, ""edge"": 0.677, ""gross_edge_cash"": 419.74}",economic_pair_cross_turn_600s_needs_path_review,unreviewed,unreviewed
2026-08-13_132026.SH_T111,2026-08-13,132026.SH,sell_then_buy,14:35:23,137.0,14:37:17,136.708,0.292,200,1000,sell,buy,maker_v01_queue,queue,maker_queue_v1_0,1000.0,2000.0,0.0,0.0,282402.76,282402.76,0,0,0,0,1000,0,0,[],best_pair_close_leg_matched_only,[],"[{""order_id"": 996, ""strategy_id"": ""maker_v01_queue"", ""model_id"": ""maker_queue_v1_0"", ""market_time"": ""14:37:15"", ""side"": ""buy"", ""price"": 136.708, ""quantity_bonds"": 1000.0, ""fill_reason"": ""active_deep_discount"", ""inventory_after_bonds"": 2000.0, ""reference_tick_id"": 74197, ""crossed_book_residual_price"": 0.0, ""crossed_book_residual_bonds"": 0.0}]",null,null,"{""open_time"": ""14:32:30"", ""open_price"": 137.289, ""open_quantity_bonds"": 660.0, ""close_time"": ""14:37:15"", ""close_price"": 136.708, ""close_quantity_bonds"": 1000.0, ""matched_quantity_bonds"": 660.0, ""edge"": 0.581, ""gross_edge_cash"": 383.46}",economic_pair_cross_turn_600s_needs_path_review,unreviewed,unreviewed
2026-08-13_132026.SH_T112,2026-08-13,132026.SH,buy_then_sell,14:37:17,136.708,14:38:16,137.0,0.292,200,300,buy,sell,maker_v01_priority,priority,maker_priority_v1_33_candidate,1000.0,2000.0,1000.0,1000.0,150480.84,150480.84,1000,1000,1000,1000,300,0,0,[],not_exactly_matched_needs_causal_execution_audit,[],[],null,null,null,causal_mode_in_review_required,unreviewed,unreviewed
2026-08-13_132026.SH_T112,2026-08-13,132026.SH,buy_then_sell,14:37:17,136.708,14:38:16,137.0,0.292,200,300,buy,sell,maker_v01_queue,queue,maker_queue_v1_0,1000.0,2000.0,2000.0,2000.0,8694.76,8694.76,0,0,0,0,300,0,0,[],best_pair_open_leg_matched_only,"[{""order_id"": 996, ""strategy_id"": ""maker_v01_queue"", ""model_id"": ""maker_queue_v1_0"", ""market_time"": ""14:37:15"", ""side"": ""buy"", ""price"": 136.708, ""quantity_bonds"": 1000.0, ""fill_reason"": ""active_deep_discount"", ""inventory_after_bonds"": 2000.0, ""reference_tick_id"": 74197, ""crossed_book_residual_price"": 0.0, ""crossed_book_residual_bonds"": 0.0}]",[],null,"{""open_time"": ""14:37:15"", ""open_price"": 136.708, ""open_quantity_bonds"": 1000.0, ""close_time"": ""14:38:33"", ""close_price"": 137.0, ""close_quantity_bonds"": 700.0, ""matched_quantity_bonds"": 700.0, ""edge"": 0.292, ""gross_edge_cash"": 204.4}","{""open_time"": ""14:37:15"", ""open_price"": 136.708, ""open_quantity_bonds"": 1000.0, ""close_time"": ""14:38:33"", ""close_price"": 137.0, ""close_quantity_bonds"": 700.0, ""matched_quantity_bonds"": 700.0, ""edge"": 0.292, ""gross_edge_cash"": 204.4}",economic_pair_nearby_needs_cross_turn_review,unreviewed,unreviewed
2026-08-13_132026.SH_T113,2026-08-13,132026.SH,sell_then_buy,14:38:16,137.0,14:45:58,136.411,0.589,470,300,sell,buy,maker_v01_priority,priority,maker_priority_v1_33_candidate,1000.0,2000.0,1000.0,1000.0,150480.84,150480.84,1000,1000,1000,1000,300,0,0,[],not_exactly_matched_needs_causal_execution_audit,[],[],null,"{""open_time"": ""14:35:24"", ""open_price"": 136.999, ""open_quantity_bonds"": 380.0, ""close_time"": ""14:45:15"", ""close_price"": 136.611, ""close_quantity_bonds"": 1000.0, ""matched_quantity_bonds"": 380.0, ""edge"": 0.388, ""gross_edge_cash"": 147.44}","{""open_time"": ""14:30:51"", ""open_price"": 137.288, ""open_quantity_bonds"": 620.0, ""close_time"": ""14:45:15"", ""close_price"": 136.611, ""close_quantity_bonds"": 1000.0, ""matched_quantity_bonds"": 620.0, ""edge"": 0.677, ""gross_edge_cash"": 419.74}",economic_pair_nearby_needs_cross_turn_review,unreviewed,unreviewed
2026-08-13_132026.SH_T113,2026-08-13,132026.SH,sell_then_buy,14:38:16,137.0,14:45:58,136.411,0.589,470,300,sell,buy,maker_v01_queue,queue,maker_queue_v1_0,1000.0,2000.0,2000.0,2000.0,8694.76,8694.76,2000,2000,2000,2000,300,1,1,"[{""order_id"": 997, ""kind"": ""inventory_exit"", ""limit_price"": 137.0, ""quantity_bonds"": 1000.0, ""filled_quantity_bonds"": 700.0, ""created_market_time"": ""14:37:15"", ""updated_market_time"": ""14:38:33"", ""status"": ""cancelled"", ""cancel_reason"": ""maker_reprice"", ""initial_queue_ahead_bonds"": 1000.0, ""final_queue_ahead_bonds"": 0.0, ""created_same_second_as_tape"": false}]",not_exactly_matched_needs_causal_execution_audit,[],[],"{""open_time"": ""14:38:33"", ""open_price"": 137.0, ""open_quantity_bonds"": 700.0, ""close_time"": ""14:45:12"", ""close_price"": 136.614, ""close_quantity_bonds"": 560.0, ""matched_quantity_bonds"": 560.0, ""edge"": 0.386, ""gross_edge_cash"": 216.16}","{""open_time"": ""14:38:33"", ""open_price"": 137.0, ""open_quantity_bonds"": 700.0, ""close_time"": ""14:45:12"", ""close_price"": 136.614, ""close_quantity_bonds"": 560.0, ""matched_quantity_bonds"": 560.0, ""edge"": 0.386, ""gross_edge_cash"": 216.16}","{""open_time"": ""14:32:30"", ""open_price"": 137.289, ""open_quantity_bonds"": 660.0, ""close_time"": ""14:45:12"", ""close_price"": 136.614, ""close_quantity_bonds"": 560.0, ""matched_quantity_bonds"": 560.0, ""edge"": 0.675, ""gross_edge_cash"": 378.0}",economic_pair_within_turn_needs_overlap_review,unreviewed,unreviewed
2026-08-13_132026.SH_T114,2026-08-13,132026.SH,buy_then_sell,14:45:58,136.411,14:46:04,136.422,0.011,76,120,buy,sell,maker_v01_priority,priority,maker_priority_v1_33_candidate,1000.0,2000.0,2000.0,2000.0,13869.84,13869.84,0,0,0,0,120,0,0,[],not_exactly_matched_needs_causal_execution_audit,[],[],null,null,"{""open_time"": ""14:45:15"", ""open_price"": 136.611, ""open_quantity_bonds"": 1000.0, ""close_time"": ""14:53:30"", ""close_price"": 136.898, ""close_quantity_bonds"": 1000.0, ""matched_quantity_bonds"": 1000.0, ""edge"": 0.287, ""gross_edge_cash"": 287.0}",economic_pair_cross_turn_600s_needs_path_review,unreviewed,unreviewed
2026-08-13_132026.SH_T114,2026-08-13,132026.SH,buy_then_sell,14:45:58,136.411,14:46:04,136.422,0.011,76,120,buy,sell,maker_v01_queue,queue,maker_queue_v1_0,1000.0,2000.0,2000.0,2000.0,8938.78,8938.78,0,0,0,0,120,0,0,[],not_exactly_matched_needs_causal_execution_audit,[],[],null,null,null,opening_inventory_or_cash_capacity_blocked,unreviewed,unreviewed
2026-08-13_132026.SH_T115,2026-08-13,132026.SH,buy_then_sell,14:52:57,136.481,14:53:29,136.899,0.418,100,1000,buy,sell,maker_v01_priority,priority,maker_priority_v1_33_candidate,1000.0,2000.0,2000.0,2000.0,13869.84,13869.84,0,0,0,0,1000,0,0,[],best_pair_close_leg_matched_only,[],"[{""order_id"": 1044, ""strategy_id"": ""maker_v01_priority"", ""model_id"": ""maker_priority_v1_33_candidate"", ""market_time"": ""14:53:30"", ""side"": ""sell"", ""price"": 136.898, ""quantity_bonds"": 1000.0, ""fill_reason"": ""passive_sell"", ""inventory_after_bonds"": 1000.0, ""reference_tick_id"": 74796, ""crossed_book_residual_price"": 0.0, ""crossed_book_residual_bonds"": 0.0}]",null,null,"{""open_time"": ""14:45:15"", ""open_price"": 136.611, ""open_quantity_bonds"": 1000.0, ""close_time"": ""14:53:30"", ""close_price"": 136.898, ""close_quantity_bonds"": 1000.0, ""matched_quantity_bonds"": 1000.0, ""edge"": 0.287, ""gross_edge_cash"": 287.0}",economic_pair_cross_turn_600s_needs_path_review,unreviewed,unreviewed
2026-08-13_132026.SH_T115,2026-08-13,132026.SH,buy_then_sell,14:52:57,136.481,14:53:29,136.899,0.418,100,1000,buy,sell,maker_v01_queue,queue,maker_queue_v1_0,1000.0,2000.0,2000.0,2000.0,8938.78,8938.78,0,0,0,0,1000,0,0,[],not_exactly_matched_needs_causal_execution_audit,[],[],null,null,null,opening_inventory_or_cash_capacity_blocked,unreviewed,unreviewed
