turn_id,market_date,code,direction,best_open_time,best_open_price,best_close_time,best_close_price,maximum_edge,maximum_matchable_hands,best_pair_tape_capacity_bonds,expected_open_side,expected_close_side,strategy_id,fill_mode,model_id,initial_inventory_bonds,maximum_inventory_bonds,inventory_before_open_strict_bonds,inventory_after_open_second_bonds,cash_before_open_strict,cash_after_open_second,opening_action_capacity_strict_bonds,opening_action_capacity_including_same_second_bonds,opening_action_capacity_low_bonds,opening_action_capacity_high_bonds,standard_or_tape_required_bonds,active_reaching_open_order_count,preexisting_reaching_open_order_count,active_reaching_open_orders,exact_capture_status,matching_open_fills,matching_close_fills,economic_pair_within_turn,economic_pair_nearby_120s,economic_pair_cross_turn_600s,preliminary_status,causal_mode_in_status,final_capture_class
2026-08-14_132026.SH_T001,2026-08-14,132026.SH,sell_then_buy,09:31:51,137.479,09:37:19,136.9,0.579,100,20,sell,buy,maker_v01_priority,priority,maker_priority_v1_38_candidate,1000.0,2000.0,1000.0,0.0,136800.0,274278.0,1000,0,0,1000,20,1,1,"[{""order_id"": 32, ""kind"": ""inventory_exit"", ""limit_price"": 137.478, ""quantity_bonds"": 1000.0, ""filled_quantity_bonds"": 1000.0, ""created_market_time"": ""09:31:27"", ""updated_market_time"": ""09:31:51"", ""status"": ""filled"", ""cancel_reason"": null, ""initial_queue_ahead_bonds"": 0.0, ""final_queue_ahead_bonds"": 0.0, ""created_same_second_as_tape"": false}]",best_pair_open_leg_matched_only,"[{""order_id"": 32, ""strategy_id"": ""maker_v01_priority"", ""model_id"": ""maker_priority_v1_38_candidate"", ""market_time"": ""09:31:51"", ""side"": ""sell"", ""price"": 137.478, ""quantity_bonds"": 1000.0, ""fill_reason"": ""passive_sell"", ""inventory_after_bonds"": 0.0, ""reference_tick_id"": 77200, ""crossed_book_residual_price"": 0.0, ""crossed_book_residual_bonds"": 0.0}]",[],null,null,"{""open_time"": ""09:31:51"", ""open_price"": 137.478, ""open_quantity_bonds"": 1000.0, ""close_time"": ""09:44:21"", ""close_price"": 136.102, ""close_quantity_bonds"": 1000.0, ""matched_quantity_bonds"": 1000.0, ""edge"": 1.376, ""gross_edge_cash"": 1376.0}",economic_pair_cross_turn_600s_needs_path_review,unreviewed,unreviewed
2026-08-14_132026.SH_T001,2026-08-14,132026.SH,sell_then_buy,09:31:51,137.479,09:37:19,136.9,0.579,100,20,sell,buy,maker_v01_queue,queue,maker_queue_v1_0,1000.0,2000.0,1000.0,1000.0,136800.0,136800.0,1000,1000,1000,1000,20,1,1,"[{""order_id"": 34, ""kind"": ""inventory_exit"", ""limit_price"": 137.479, ""quantity_bonds"": 1000.0, ""filled_quantity_bonds"": 0.0, ""created_market_time"": ""09:31:33"", ""updated_market_time"": ""09:31:51"", ""status"": ""cancelled"", ""cancel_reason"": ""maker_reprice"", ""initial_queue_ahead_bonds"": 1000.0, ""final_queue_ahead_bonds"": 0.0, ""created_same_second_as_tape"": false}]",not_exactly_matched_needs_causal_execution_audit,[],[],null,null,null,preexisting_reaching_order_needs_execution_audit,unreviewed,unreviewed
2026-08-14_132026.SH_T002,2026-08-14,132026.SH,sell_then_buy,09:37:30,136.9,09:40:57,136.003,0.897,114,380,sell,buy,maker_v01_priority,priority,maker_priority_v1_38_candidate,1000.0,2000.0,0.0,0.0,274278.0,274278.0,0,0,0,0,380,0,0,[],best_pair_close_leg_matched_only,[],"[{""order_id"": 142, ""strategy_id"": ""maker_v01_priority"", ""model_id"": ""maker_priority_v1_38_candidate"", ""market_time"": ""09:40:57"", ""side"": ""buy"", ""price"": 136.004, ""quantity_bonds"": 380.0, ""fill_reason"": ""passive_buy"", ""inventory_after_bonds"": 1380.0, ""reference_tick_id"": 75642, ""crossed_book_residual_price"": 0.0, ""crossed_book_residual_bonds"": 0.0}]","{""open_time"": ""09:43:45"", ""open_price"": 136.494, ""open_quantity_bonds"": 380.0, ""close_time"": ""09:44:21"", ""close_price"": 136.102, ""close_quantity_bonds"": 1000.0, ""matched_quantity_bonds"": 380.0, ""edge"": 0.392, ""gross_edge_cash"": 148.96}","{""open_time"": ""09:43:45"", ""open_price"": 136.494, ""open_quantity_bonds"": 380.0, ""close_time"": ""09:44:21"", ""close_price"": 136.102, ""close_quantity_bonds"": 1000.0, ""matched_quantity_bonds"": 380.0, ""edge"": 0.392, ""gross_edge_cash"": 148.96}","{""open_time"": ""09:31:51"", ""open_price"": 137.478, ""open_quantity_bonds"": 1000.0, ""close_time"": ""09:56:06"", ""close_price"": 136.101, ""close_quantity_bonds"": 1000.0, ""matched_quantity_bonds"": 1000.0, ""edge"": 1.377, ""gross_edge_cash"": 1377.0}",economic_pair_within_turn_needs_overlap_review,unreviewed,unreviewed
2026-08-14_132026.SH_T002,2026-08-14,132026.SH,sell_then_buy,09:37:30,136.9,09:40:57,136.003,0.897,114,380,sell,buy,maker_v01_queue,queue,maker_queue_v1_0,1000.0,2000.0,1000.0,1000.0,136800.0,136800.0,1000,1000,1000,1000,380,0,0,[],not_exactly_matched_needs_causal_execution_audit,[],[],null,null,null,causal_mode_in_review_required,unreviewed,unreviewed
2026-08-14_132026.SH_T003,2026-08-14,132026.SH,buy_then_sell,09:40:57,136.003,09:47:50,136.6,0.597,200,380,buy,sell,maker_v01_priority,priority,maker_priority_v1_38_candidate,1000.0,2000.0,1000.0,1380.0,137441.0,85759.48,1000,620,620,1000,380,1,1,"[{""order_id"": 142, ""kind"": ""low_bid_reversion"", ""limit_price"": 136.004, ""quantity_bonds"": 1000.0, ""filled_quantity_bonds"": 1000.0, ""created_market_time"": ""09:40:33"", ""updated_market_time"": ""09:41:15"", ""status"": ""filled"", ""cancel_reason"": null, ""initial_queue_ahead_bonds"": 0.0, ""final_queue_ahead_bonds"": 0.0, ""created_same_second_as_tape"": false}]",best_pair_both_legs_matched,"[{""order_id"": 142, ""strategy_id"": ""maker_v01_priority"", ""model_id"": ""maker_priority_v1_38_candidate"", ""market_time"": ""09:40:57"", ""side"": ""buy"", ""price"": 136.004, ""quantity_bonds"": 380.0, ""fill_reason"": ""passive_buy"", ""inventory_after_bonds"": 1380.0, ""reference_tick_id"": 75642, ""crossed_book_residual_price"": 0.0, ""crossed_book_residual_bonds"": 0.0}]","[{""order_id"": 188, ""strategy_id"": ""maker_v01_priority"", ""model_id"": ""maker_priority_v1_38_candidate"", ""market_time"": ""09:47:48"", ""side"": ""sell"", ""price"": 136.597, ""quantity_bonds"": 1000.0, ""fill_reason"": ""passive_sell"", ""inventory_after_bonds"": 1000.0, ""reference_tick_id"": 75924, ""crossed_book_residual_price"": 0.0, ""crossed_book_residual_bonds"": 0.0}]","{""open_time"": ""09:44:21"", ""open_price"": 136.102, ""open_quantity_bonds"": 1000.0, ""close_time"": ""09:47:48"", ""close_price"": 136.597, ""close_quantity_bonds"": 1000.0, ""matched_quantity_bonds"": 1000.0, ""edge"": 0.495, ""gross_edge_cash"": 495.0}","{""open_time"": ""09:44:21"", ""open_price"": 136.102, ""open_quantity_bonds"": 1000.0, ""close_time"": ""09:47:48"", ""close_price"": 136.597, ""close_quantity_bonds"": 1000.0, ""matched_quantity_bonds"": 1000.0, ""edge"": 0.495, ""gross_edge_cash"": 495.0}","{""open_time"": ""09:44:21"", ""open_price"": 136.102, ""open_quantity_bonds"": 1000.0, ""close_time"": ""09:47:48"", ""close_price"": 136.597, ""close_quantity_bonds"": 1000.0, ""matched_quantity_bonds"": 1000.0, ""edge"": 0.495, ""gross_edge_cash"": 495.0}",exact_best_pair_capture,unreviewed,unreviewed
2026-08-14_132026.SH_T003,2026-08-14,132026.SH,buy_then_sell,09:40:57,136.003,09:47:50,136.6,0.597,200,380,buy,sell,maker_v01_queue,queue,maker_queue_v1_0,1000.0,2000.0,1000.0,1000.0,136800.0,136800.0,1000,1000,1000,1000,380,1,1,"[{""order_id"": 143, ""kind"": ""low_bid_reversion"", ""limit_price"": 136.003, ""quantity_bonds"": 1000.0, ""filled_quantity_bonds"": 140.0, ""created_market_time"": ""09:40:33"", ""updated_market_time"": ""09:41:21"", ""status"": ""cancelled"", ""cancel_reason"": ""maker_reprice"", ""initial_queue_ahead_bonds"": 2000.0, ""final_queue_ahead_bonds"": 0.0, ""created_same_second_as_tape"": false}]",not_exactly_matched_needs_causal_execution_audit,[],[],null,null,null,preexisting_reaching_order_needs_execution_audit,unreviewed,unreviewed
2026-08-14_132026.SH_T004,2026-08-14,132026.SH,sell_then_buy,09:47:50,136.6,09:48:13,136.481,0.119,200,1000,sell,buy,maker_v01_priority,priority,maker_priority_v1_38_candidate,1000.0,2000.0,1000.0,1000.0,138427.44,138427.44,1000,1000,1000,1000,1000,0,0,[],best_pair_open_leg_matched_only,"[{""order_id"": 188, ""strategy_id"": ""maker_v01_priority"", ""model_id"": ""maker_priority_v1_38_candidate"", ""market_time"": ""09:47:48"", ""side"": ""sell"", ""price"": 136.597, ""quantity_bonds"": 1000.0, ""fill_reason"": ""passive_sell"", ""inventory_after_bonds"": 1000.0, ""reference_tick_id"": 75924, ""crossed_book_residual_price"": 0.0, ""crossed_book_residual_bonds"": 0.0}]",[],null,null,"{""open_time"": ""09:47:48"", ""open_price"": 136.597, ""open_quantity_bonds"": 1000.0, ""close_time"": ""09:56:06"", ""close_price"": 136.101, ""close_quantity_bonds"": 1000.0, ""matched_quantity_bonds"": 1000.0, ""edge"": 0.496, ""gross_edge_cash"": 496.0}",economic_pair_cross_turn_600s_needs_path_review,unreviewed,unreviewed
2026-08-14_132026.SH_T004,2026-08-14,132026.SH,sell_then_buy,09:47:50,136.6,09:48:13,136.481,0.119,200,1000,sell,buy,maker_v01_queue,queue,maker_queue_v1_0,1000.0,2000.0,2000.0,2000.0,370.44,370.44,2000,2000,2000,2000,1000,0,0,[],not_exactly_matched_needs_causal_execution_audit,[],[],null,null,null,causal_mode_in_review_required,unreviewed,unreviewed
2026-08-14_132026.SH_T005,2026-08-14,132026.SH,sell_then_buy,09:55:15,136.363,09:56:05,136.101,0.262,138,1000,sell,buy,maker_v01_priority,priority,maker_priority_v1_38_candidate,1000.0,2000.0,1000.0,1000.0,138427.44,138427.44,1000,1000,1000,1000,1000,0,0,[],best_pair_close_leg_matched_only,[],"[{""order_id"": 193, ""strategy_id"": ""maker_v01_priority"", ""model_id"": ""maker_priority_v1_38_candidate"", ""market_time"": ""09:56:06"", ""side"": ""buy"", ""price"": 136.101, ""quantity_bonds"": 1000.0, ""fill_reason"": ""passive_buy"", ""inventory_after_bonds"": 2000.0, ""reference_tick_id"": 76243, ""crossed_book_residual_price"": 0.0, ""crossed_book_residual_bonds"": 0.0}]",null,null,"{""open_time"": ""09:47:48"", ""open_price"": 136.597, ""open_quantity_bonds"": 1000.0, ""close_time"": ""09:56:06"", ""close_price"": 136.101, ""close_quantity_bonds"": 1000.0, ""matched_quantity_bonds"": 1000.0, ""edge"": 0.496, ""gross_edge_cash"": 496.0}",economic_pair_cross_turn_600s_needs_path_review,unreviewed,unreviewed
2026-08-14_132026.SH_T005,2026-08-14,132026.SH,sell_then_buy,09:55:15,136.363,09:56:05,136.101,0.262,138,1000,sell,buy,maker_v01_queue,queue,maker_queue_v1_0,1000.0,2000.0,2000.0,2000.0,370.44,370.44,2000,2000,2000,2000,1000,0,0,[],not_exactly_matched_needs_causal_execution_audit,[],[],null,null,null,causal_mode_in_review_required,unreviewed,unreviewed
2026-08-14_132026.SH_T006,2026-08-14,132026.SH,buy_then_sell,09:56:05,136.101,09:59:04,136.679,0.578,100,1000,buy,sell,maker_v01_priority,priority,maker_priority_v1_38_candidate,1000.0,2000.0,1000.0,1000.0,138427.44,138427.44,1000,1000,1000,1000,1000,1,1,"[{""order_id"": 193, ""kind"": ""low_bid_reversion"", ""limit_price"": 136.101, ""quantity_bonds"": 1000.0, ""filled_quantity_bonds"": 1000.0, ""created_market_time"": ""09:56:00"", ""updated_market_time"": ""09:56:06"", ""status"": ""filled"", ""cancel_reason"": null, ""initial_queue_ahead_bonds"": 0.0, ""final_queue_ahead_bonds"": 0.0, ""created_same_second_as_tape"": false}]",best_pair_both_legs_matched,"[{""order_id"": 193, ""strategy_id"": ""maker_v01_priority"", ""model_id"": ""maker_priority_v1_38_candidate"", ""market_time"": ""09:56:06"", ""side"": ""buy"", ""price"": 136.101, ""quantity_bonds"": 1000.0, ""fill_reason"": ""passive_buy"", ""inventory_after_bonds"": 2000.0, ""reference_tick_id"": 76243, ""crossed_book_residual_price"": 0.0, ""crossed_book_residual_bonds"": 0.0}]","[{""order_id"": 197, ""strategy_id"": ""maker_v01_priority"", ""model_id"": ""maker_priority_v1_38_candidate"", ""market_time"": ""09:59:06"", ""side"": ""sell"", ""price"": 136.678, ""quantity_bonds"": 1000.0, ""fill_reason"": ""passive_sell"", ""inventory_after_bonds"": 1000.0, ""reference_tick_id"": 76370, ""crossed_book_residual_price"": 0.0, ""crossed_book_residual_bonds"": 0.0}]",null,"{""open_time"": ""09:56:06"", ""open_price"": 136.101, ""open_quantity_bonds"": 1000.0, ""close_time"": ""09:59:06"", ""close_price"": 136.678, ""close_quantity_bonds"": 1000.0, ""matched_quantity_bonds"": 1000.0, ""edge"": 0.577, ""gross_edge_cash"": 577.0}","{""open_time"": ""09:56:06"", ""open_price"": 136.101, ""open_quantity_bonds"": 1000.0, ""close_time"": ""09:59:06"", ""close_price"": 136.678, ""close_quantity_bonds"": 1000.0, ""matched_quantity_bonds"": 1000.0, ""edge"": 0.577, ""gross_edge_cash"": 577.0}",exact_best_pair_capture,unreviewed,unreviewed
2026-08-14_132026.SH_T006,2026-08-14,132026.SH,buy_then_sell,09:56:05,136.101,09:59:04,136.679,0.578,100,1000,buy,sell,maker_v01_queue,queue,maker_queue_v1_0,1000.0,2000.0,2000.0,2000.0,370.44,370.44,0,0,0,0,1000,0,0,[],not_exactly_matched_needs_causal_execution_audit,[],[],null,null,null,opening_inventory_or_cash_capacity_blocked,unreviewed,unreviewed
2026-08-14_132026.SH_T007,2026-08-14,132026.SH,sell_then_buy,09:59:04,136.679,10:02:19,136.6,0.079,100,1000,sell,buy,maker_v01_priority,priority,maker_priority_v1_38_candidate,1000.0,2000.0,2000.0,2000.0,2326.44,2326.44,2000,2000,2000,2000,1000,1,1,"[{""order_id"": 197, ""kind"": ""inventory_exit"", ""limit_price"": 136.678, ""quantity_bonds"": 1000.0, ""filled_quantity_bonds"": 1000.0, ""created_market_time"": ""09:57:51"", ""updated_market_time"": ""09:59:06"", ""status"": ""filled"", ""cancel_reason"": null, ""initial_queue_ahead_bonds"": 0.0, ""final_queue_ahead_bonds"": 0.0, ""created_same_second_as_tape"": false}]",best_pair_open_leg_matched_only,"[{""order_id"": 197, ""strategy_id"": ""maker_v01_priority"", ""model_id"": ""maker_priority_v1_38_candidate"", ""market_time"": ""09:59:06"", ""side"": ""sell"", ""price"": 136.678, ""quantity_bonds"": 1000.0, ""fill_reason"": ""passive_sell"", ""inventory_after_bonds"": 1000.0, ""reference_tick_id"": 76370, ""crossed_book_residual_price"": 0.0, ""crossed_book_residual_bonds"": 0.0}]",[],null,null,null,preexisting_reaching_order_needs_execution_audit,unreviewed,unreviewed
2026-08-14_132026.SH_T007,2026-08-14,132026.SH,sell_then_buy,09:59:04,136.679,10:02:19,136.6,0.079,100,1000,sell,buy,maker_v01_queue,queue,maker_queue_v1_0,1000.0,2000.0,2000.0,2000.0,370.44,370.44,2000,2000,2000,2000,1000,0,0,[],not_exactly_matched_needs_causal_execution_audit,[],[],null,null,null,causal_mode_in_review_required,unreviewed,unreviewed
2026-08-14_132026.SH_T008,2026-08-14,132026.SH,buy_then_sell,10:02:19,136.6,10:04:12,136.999,0.399,100,920,buy,sell,maker_v01_priority,priority,maker_priority_v1_38_candidate,1000.0,2000.0,1000.0,1000.0,139004.44,139004.44,1000,1000,1000,1000,920,0,0,[],not_exactly_matched_needs_causal_execution_audit,[],[],null,null,null,causal_mode_in_review_required,unreviewed,unreviewed
2026-08-14_132026.SH_T008,2026-08-14,132026.SH,buy_then_sell,10:02:19,136.6,10:04:12,136.999,0.399,100,920,buy,sell,maker_v01_queue,queue,maker_queue_v1_0,1000.0,2000.0,2000.0,2000.0,370.44,370.44,0,0,0,0,920,0,0,[],not_exactly_matched_needs_causal_execution_audit,[],[],null,null,null,opening_inventory_or_cash_capacity_blocked,unreviewed,unreviewed
2026-08-14_132026.SH_T009,2026-08-14,132026.SH,sell_then_buy,10:04:12,136.999,10:10:26,136.568,0.431,100,920,sell,buy,maker_v01_priority,priority,maker_priority_v1_38_candidate,1000.0,2000.0,1000.0,1000.0,139004.44,139004.44,1000,1000,1000,1000,920,0,0,[],not_exactly_matched_needs_causal_execution_audit,[],[],null,null,"{""open_time"": ""09:59:06"", ""open_price"": 136.678, ""open_quantity_bonds"": 1000.0, ""close_time"": ""10:20:18"", ""close_price"": 136.672, ""close_quantity_bonds"": 1000.0, ""matched_quantity_bonds"": 1000.0, ""edge"": 0.006, ""gross_edge_cash"": 6.0}",economic_pair_cross_turn_600s_needs_path_review,unreviewed,unreviewed
2026-08-14_132026.SH_T009,2026-08-14,132026.SH,sell_then_buy,10:04:12,136.999,10:10:26,136.568,0.431,100,920,sell,buy,maker_v01_queue,queue,maker_queue_v1_0,1000.0,2000.0,2000.0,2000.0,370.44,370.44,2000,2000,2000,2000,920,2,2,"[{""order_id"": 201, ""kind"": ""inventory_exit"", ""limit_price"": 136.999, ""quantity_bonds"": 140.0, ""filled_quantity_bonds"": 0.0, ""created_market_time"": ""10:02:54"", ""updated_market_time"": ""10:04:36"", ""status"": ""cancelled"", ""cancel_reason"": ""exit_context_changed"", ""initial_queue_ahead_bonds"": 1680.0, ""final_queue_ahead_bonds"": 680.0, ""created_same_second_as_tape"": false}, {""order_id"": 202, ""kind"": ""inventory_exit"", ""limit_price"": 136.999, ""quantity_bonds"": 860.0, ""filled_quantity_bonds"": 0.0, ""created_market_time"": ""10:02:54"", ""updated_market_time"": ""10:04:36"", ""status"": ""cancelled"", ""cancel_reason"": ""exit_context_changed"", ""initial_queue_ahead_bonds"": 1680.0, ""final_queue_ahead_bonds"": 1680.0, ""created_same_second_as_tape"": false}]",not_exactly_matched_needs_causal_execution_audit,[],[],null,null,null,preexisting_reaching_order_needs_execution_audit,unreviewed,unreviewed
2026-08-14_132026.SH_T010,2026-08-14,132026.SH,buy_then_sell,10:10:26,136.568,10:14:17,136.799,0.231,100,1000,buy,sell,maker_v01_priority,priority,maker_priority_v1_38_candidate,1000.0,2000.0,1000.0,1000.0,139004.44,139004.44,1000,1000,1000,1000,1000,0,0,[],not_exactly_matched_needs_causal_execution_audit,[],[],null,null,"{""open_time"": ""09:56:06"", ""open_price"": 136.101, ""open_quantity_bonds"": 1000.0, ""close_time"": ""10:18:06"", ""close_price"": 137.373, ""close_quantity_bonds"": 1000.0, ""matched_quantity_bonds"": 1000.0, ""edge"": 1.272, ""gross_edge_cash"": 1272.0}",economic_pair_cross_turn_600s_needs_path_review,unreviewed,unreviewed
2026-08-14_132026.SH_T010,2026-08-14,132026.SH,buy_then_sell,10:10:26,136.568,10:14:17,136.799,0.231,100,1000,buy,sell,maker_v01_queue,queue,maker_queue_v1_0,1000.0,2000.0,2000.0,2000.0,370.44,370.44,0,0,0,0,1000,0,0,[],not_exactly_matched_needs_causal_execution_audit,[],[],null,null,null,opening_inventory_or_cash_capacity_blocked,unreviewed,unreviewed
2026-08-14_132026.SH_T011,2026-08-14,132026.SH,sell_then_buy,10:14:17,136.799,10:15:03,136.591,0.208,100,1000,sell,buy,maker_v01_priority,priority,maker_priority_v1_38_candidate,1000.0,2000.0,1000.0,1000.0,139004.44,139004.44,1000,1000,1000,1000,1000,0,0,[],not_exactly_matched_needs_causal_execution_audit,[],[],null,null,null,causal_mode_in_review_required,unreviewed,unreviewed
2026-08-14_132026.SH_T011,2026-08-14,132026.SH,sell_then_buy,10:14:17,136.799,10:15:03,136.591,0.208,100,1000,sell,buy,maker_v01_queue,queue,maker_queue_v1_0,1000.0,2000.0,2000.0,2000.0,370.44,370.44,2000,2000,2000,2000,1000,2,2,"[{""order_id"": 237, ""kind"": ""inventory_exit"", ""limit_price"": 136.799, ""quantity_bonds"": 140.0, ""filled_quantity_bonds"": 0.0, ""created_market_time"": ""10:10:30"", ""updated_market_time"": ""10:17:30"", ""status"": ""cancelled"", ""cancel_reason"": ""exit_context_changed"", ""initial_queue_ahead_bonds"": 2000.0, ""final_queue_ahead_bonds"": 1000.0, ""created_same_second_as_tape"": false}, {""order_id"": 238, ""kind"": ""inventory_exit"", ""limit_price"": 136.799, ""quantity_bonds"": 860.0, ""filled_quantity_bonds"": 0.0, ""created_market_time"": ""10:10:30"", ""updated_market_time"": ""10:17:30"", ""status"": ""cancelled"", ""cancel_reason"": ""exit_context_changed"", ""initial_queue_ahead_bonds"": 2000.0, ""final_queue_ahead_bonds"": 2000.0, ""created_same_second_as_tape"": false}]",not_exactly_matched_needs_causal_execution_audit,[],[],null,null,null,preexisting_reaching_order_needs_execution_audit,unreviewed,unreviewed
2026-08-14_132026.SH_T012,2026-08-14,132026.SH,buy_then_sell,10:15:03,136.591,10:15:09,136.675,0.084,100,1000,buy,sell,maker_v01_priority,priority,maker_priority_v1_38_candidate,1000.0,2000.0,1000.0,1000.0,139004.44,139004.44,1000,1000,1000,1000,1000,0,0,[],not_exactly_matched_needs_causal_execution_audit,[],[],null,null,null,causal_mode_in_review_required,unreviewed,unreviewed
2026-08-14_132026.SH_T012,2026-08-14,132026.SH,buy_then_sell,10:15:03,136.591,10:15:09,136.675,0.084,100,1000,buy,sell,maker_v01_queue,queue,maker_queue_v1_0,1000.0,2000.0,2000.0,2000.0,370.44,370.44,0,0,0,0,1000,0,0,[],not_exactly_matched_needs_causal_execution_audit,[],[],null,null,null,opening_inventory_or_cash_capacity_blocked,unreviewed,unreviewed
2026-08-14_132026.SH_T013,2026-08-14,132026.SH,sell_then_buy,10:15:09,136.675,10:15:19,136.672,0.003,100,1000,sell,buy,maker_v01_priority,priority,maker_priority_v1_38_candidate,1000.0,2000.0,1000.0,1000.0,139004.44,139004.44,1000,1000,1000,1000,1000,0,0,[],not_exactly_matched_needs_causal_execution_audit,[],[],null,null,null,causal_mode_in_review_required,unreviewed,unreviewed
2026-08-14_132026.SH_T013,2026-08-14,132026.SH,sell_then_buy,10:15:09,136.675,10:15:19,136.672,0.003,100,1000,sell,buy,maker_v01_queue,queue,maker_queue_v1_0,1000.0,2000.0,2000.0,2000.0,370.44,370.44,2000,2000,2000,2000,1000,0,0,[],not_exactly_matched_needs_causal_execution_audit,[],[],null,null,null,causal_mode_in_review_required,unreviewed,unreviewed
2026-08-14_132026.SH_T014,2026-08-14,132026.SH,buy_then_sell,10:15:19,136.672,10:16:11,136.799,0.127,100,1000,buy,sell,maker_v01_priority,priority,maker_priority_v1_38_candidate,1000.0,2000.0,1000.0,1000.0,139004.44,139004.44,1000,1000,1000,1000,1000,0,0,[],not_exactly_matched_needs_causal_execution_audit,[],[],null,null,null,causal_mode_in_review_required,unreviewed,unreviewed
2026-08-14_132026.SH_T014,2026-08-14,132026.SH,buy_then_sell,10:15:19,136.672,10:16:11,136.799,0.127,100,1000,buy,sell,maker_v01_queue,queue,maker_queue_v1_0,1000.0,2000.0,2000.0,2000.0,370.44,370.44,0,0,0,0,1000,0,0,[],not_exactly_matched_needs_causal_execution_audit,[],[],null,null,null,opening_inventory_or_cash_capacity_blocked,unreviewed,unreviewed
2026-08-14_132026.SH_T015,2026-08-14,132026.SH,sell_then_buy,10:16:11,136.799,10:16:18,136.708,0.091,100,1000,sell,buy,maker_v01_priority,priority,maker_priority_v1_38_candidate,1000.0,2000.0,1000.0,1000.0,139004.44,139004.44,1000,1000,1000,1000,1000,0,0,[],not_exactly_matched_needs_causal_execution_audit,[],[],null,null,null,causal_mode_in_review_required,unreviewed,unreviewed
2026-08-14_132026.SH_T015,2026-08-14,132026.SH,sell_then_buy,10:16:11,136.799,10:16:18,136.708,0.091,100,1000,sell,buy,maker_v01_queue,queue,maker_queue_v1_0,1000.0,2000.0,2000.0,2000.0,370.44,370.44,2000,2000,2000,2000,1000,2,2,"[{""order_id"": 237, ""kind"": ""inventory_exit"", ""limit_price"": 136.799, ""quantity_bonds"": 140.0, ""filled_quantity_bonds"": 0.0, ""created_market_time"": ""10:10:30"", ""updated_market_time"": ""10:17:30"", ""status"": ""cancelled"", ""cancel_reason"": ""exit_context_changed"", ""initial_queue_ahead_bonds"": 2000.0, ""final_queue_ahead_bonds"": 1000.0, ""created_same_second_as_tape"": false}, {""order_id"": 238, ""kind"": ""inventory_exit"", ""limit_price"": 136.799, ""quantity_bonds"": 860.0, ""filled_quantity_bonds"": 0.0, ""created_market_time"": ""10:10:30"", ""updated_market_time"": ""10:17:30"", ""status"": ""cancelled"", ""cancel_reason"": ""exit_context_changed"", ""initial_queue_ahead_bonds"": 2000.0, ""final_queue_ahead_bonds"": 2000.0, ""created_same_second_as_tape"": false}]",not_exactly_matched_needs_causal_execution_audit,[],[],null,null,null,preexisting_reaching_order_needs_execution_audit,unreviewed,unreviewed
2026-08-14_132026.SH_T016,2026-08-14,132026.SH,buy_then_sell,10:16:18,136.708,10:17:36,136.8,0.092,100,1000,buy,sell,maker_v01_priority,priority,maker_priority_v1_38_candidate,1000.0,2000.0,1000.0,1000.0,139004.44,139004.44,1000,1000,1000,1000,1000,0,0,[],not_exactly_matched_needs_causal_execution_audit,[],[],null,null,null,causal_mode_in_review_required,unreviewed,unreviewed
2026-08-14_132026.SH_T016,2026-08-14,132026.SH,buy_then_sell,10:16:18,136.708,10:17:36,136.8,0.092,100,1000,buy,sell,maker_v01_queue,queue,maker_queue_v1_0,1000.0,2000.0,2000.0,2000.0,370.44,370.44,0,0,0,0,1000,0,0,[],not_exactly_matched_needs_causal_execution_audit,[],[],null,null,null,opening_inventory_or_cash_capacity_blocked,unreviewed,unreviewed
2026-08-14_132026.SH_T017,2026-08-14,132026.SH,sell_then_buy,10:17:36,136.8,10:17:42,136.709,0.091,200,1000,sell,buy,maker_v01_priority,priority,maker_priority_v1_38_candidate,1000.0,2000.0,1000.0,1000.0,139004.44,139004.44,1000,1000,1000,1000,1000,0,0,[],best_pair_close_leg_matched_only,[],"[{""order_id"": 251, ""strategy_id"": ""maker_v01_priority"", ""model_id"": ""maker_priority_v1_38_candidate"", ""market_time"": ""10:17:42"", ""side"": ""buy"", ""price"": 136.71, ""quantity_bonds"": 1000.0, ""fill_reason"": ""passive_buy"", ""inventory_after_bonds"": 2000.0, ""reference_tick_id"": 78889, ""crossed_book_residual_price"": 0.0, ""crossed_book_residual_bonds"": 0.0}]",null,null,null,causal_mode_in_review_required,unreviewed,unreviewed
2026-08-14_132026.SH_T017,2026-08-14,132026.SH,sell_then_buy,10:17:36,136.8,10:17:42,136.709,0.091,200,1000,sell,buy,maker_v01_queue,queue,maker_queue_v1_0,1000.0,2000.0,2000.0,2000.0,370.44,370.44,2000,2000,2000,2000,1000,0,0,[],not_exactly_matched_needs_causal_execution_audit,[],[],null,null,null,causal_mode_in_review_required,unreviewed,unreviewed
2026-08-14_132026.SH_T018,2026-08-14,132026.SH,buy_then_sell,10:17:42,136.709,10:18:03,137.374,0.665,200,1000,buy,sell,maker_v01_priority,priority,maker_priority_v1_38_candidate,1000.0,2000.0,1000.0,2000.0,139004.44,2294.44,1000,0,0,1000,1000,1,1,"[{""order_id"": 251, ""kind"": ""low_bid_reversion"", ""limit_price"": 136.71, ""quantity_bonds"": 1000.0, ""filled_quantity_bonds"": 1000.0, ""created_market_time"": ""10:17:39"", ""updated_market_time"": ""10:17:42"", ""status"": ""filled"", ""cancel_reason"": null, ""initial_queue_ahead_bonds"": 0.0, ""final_queue_ahead_bonds"": 0.0, ""created_same_second_as_tape"": false}]",best_pair_both_legs_matched,"[{""order_id"": 251, ""strategy_id"": ""maker_v01_priority"", ""model_id"": ""maker_priority_v1_38_candidate"", ""market_time"": ""10:17:42"", ""side"": ""buy"", ""price"": 136.71, ""quantity_bonds"": 1000.0, ""fill_reason"": ""passive_buy"", ""inventory_after_bonds"": 2000.0, ""reference_tick_id"": 78889, ""crossed_book_residual_price"": 0.0, ""crossed_book_residual_bonds"": 0.0}]","[{""order_id"": 268, ""strategy_id"": ""maker_v01_priority"", ""model_id"": ""maker_priority_v1_38_candidate"", ""market_time"": ""10:18:06"", ""side"": ""sell"", ""price"": 137.373, ""quantity_bonds"": 1000.0, ""fill_reason"": ""passive_sell"", ""inventory_after_bonds"": 1000.0, ""reference_tick_id"": 78910, ""crossed_book_residual_price"": 0.0, ""crossed_book_residual_bonds"": 0.0}]","{""open_time"": ""10:17:42"", ""open_price"": 136.71, ""open_quantity_bonds"": 1000.0, ""close_time"": ""10:18:06"", ""close_price"": 137.373, ""close_quantity_bonds"": 1000.0, ""matched_quantity_bonds"": 1000.0, ""edge"": 0.663, ""gross_edge_cash"": 663.0}","{""open_time"": ""10:17:42"", ""open_price"": 136.71, ""open_quantity_bonds"": 1000.0, ""close_time"": ""10:18:06"", ""close_price"": 137.373, ""close_quantity_bonds"": 1000.0, ""matched_quantity_bonds"": 1000.0, ""edge"": 0.663, ""gross_edge_cash"": 663.0}","{""open_time"": ""10:17:42"", ""open_price"": 136.71, ""open_quantity_bonds"": 1000.0, ""close_time"": ""10:18:06"", ""close_price"": 137.373, ""close_quantity_bonds"": 1000.0, ""matched_quantity_bonds"": 1000.0, ""edge"": 0.663, ""gross_edge_cash"": 663.0}",exact_best_pair_capture,unreviewed,unreviewed
2026-08-14_132026.SH_T018,2026-08-14,132026.SH,buy_then_sell,10:17:42,136.709,10:18:03,137.374,0.665,200,1000,buy,sell,maker_v01_queue,queue,maker_queue_v1_0,1000.0,2000.0,2000.0,2000.0,370.44,370.44,0,0,0,0,1000,0,0,[],not_exactly_matched_needs_causal_execution_audit,[],[],null,null,null,opening_inventory_or_cash_capacity_blocked,unreviewed,unreviewed
2026-08-14_132026.SH_T019,2026-08-14,132026.SH,sell_then_buy,10:18:03,137.374,10:18:32,136.746,0.628,200,1000,sell,buy,maker_v01_priority,priority,maker_priority_v1_38_candidate,1000.0,2000.0,2000.0,2000.0,2294.44,2294.44,2000,2000,2000,2000,1000,2,1,"[{""order_id"": 265, ""kind"": ""inventory_exit"", ""limit_price"": 137.374, ""quantity_bonds"": 1000.0, ""filled_quantity_bonds"": 0.0, ""created_market_time"": ""10:18:00"", ""updated_market_time"": ""10:18:03"", ""status"": ""cancelled"", ""cancel_reason"": ""maker_reprice"", ""initial_queue_ahead_bonds"": 0.0, ""final_queue_ahead_bonds"": 0.0, ""created_same_second_as_tape"": false}, {""order_id"": 268, ""kind"": ""inventory_exit"", ""limit_price"": 137.373, ""quantity_bonds"": 1000.0, ""filled_quantity_bonds"": 1000.0, ""created_market_time"": ""10:18:03"", ""updated_market_time"": ""10:18:06"", ""status"": ""filled"", ""cancel_reason"": null, ""initial_queue_ahead_bonds"": 0.0, ""final_queue_ahead_bonds"": 0.0, ""created_same_second_as_tape"": true}]",best_pair_open_leg_matched_only,"[{""order_id"": 268, ""strategy_id"": ""maker_v01_priority"", ""model_id"": ""maker_priority_v1_38_candidate"", ""market_time"": ""10:18:06"", ""side"": ""sell"", ""price"": 137.373, ""quantity_bonds"": 1000.0, ""fill_reason"": ""passive_sell"", ""inventory_after_bonds"": 1000.0, ""reference_tick_id"": 78910, ""crossed_book_residual_price"": 0.0, ""crossed_book_residual_bonds"": 0.0}]",[],"{""open_time"": ""10:18:06"", ""open_price"": 137.373, ""open_quantity_bonds"": 1000.0, ""close_time"": ""10:18:48"", ""close_price"": 136.748, ""close_quantity_bonds"": 1000.0, ""matched_quantity_bonds"": 1000.0, ""edge"": 0.625, ""gross_edge_cash"": 625.0}","{""open_time"": ""10:18:06"", ""open_price"": 137.373, ""open_quantity_bonds"": 1000.0, ""close_time"": ""10:20:18"", ""close_price"": 136.672, ""close_quantity_bonds"": 1000.0, ""matched_quantity_bonds"": 1000.0, ""edge"": 0.701, ""gross_edge_cash"": 701.0}","{""open_time"": ""10:18:06"", ""open_price"": 137.373, ""open_quantity_bonds"": 1000.0, ""close_time"": ""10:24:09"", ""close_price"": 136.202, ""close_quantity_bonds"": 1000.0, ""matched_quantity_bonds"": 1000.0, ""edge"": 1.171, ""gross_edge_cash"": 1171.0}",economic_pair_within_turn_needs_overlap_review,unreviewed,unreviewed
2026-08-14_132026.SH_T019,2026-08-14,132026.SH,sell_then_buy,10:18:03,137.374,10:18:32,136.746,0.628,200,1000,sell,buy,maker_v01_queue,queue,maker_queue_v1_0,1000.0,2000.0,2000.0,2000.0,370.44,370.44,2000,2000,2000,2000,1000,2,0,"[{""order_id"": 269, ""kind"": ""inventory_exit"", ""limit_price"": 137.374, ""quantity_bonds"": 140.0, ""filled_quantity_bonds"": 0.0, ""created_market_time"": ""10:18:03"", ""updated_market_time"": ""10:18:09"", ""status"": ""cancelled"", ""cancel_reason"": ""maker_reprice"", ""initial_queue_ahead_bonds"": 2000.0, ""final_queue_ahead_bonds"": 1000.0, ""created_same_second_as_tape"": true}, {""order_id"": 270, ""kind"": ""inventory_exit"", ""limit_price"": 137.374, ""quantity_bonds"": 860.0, ""filled_quantity_bonds"": 0.0, ""created_market_time"": ""10:18:03"", ""updated_market_time"": ""10:18:09"", ""status"": ""cancelled"", ""cancel_reason"": ""maker_reprice"", ""initial_queue_ahead_bonds"": 2000.0, ""final_queue_ahead_bonds"": 2000.0, ""created_same_second_as_tape"": true}]",not_exactly_matched_needs_causal_execution_audit,[],[],null,null,null,causal_mode_in_review_required,unreviewed,unreviewed
2026-08-14_132026.SH_T020,2026-08-14,132026.SH,buy_then_sell,10:18:32,136.746,10:19:14,137.198,0.452,100,1000,buy,sell,maker_v01_priority,priority,maker_priority_v1_38_candidate,1000.0,2000.0,0.0,0.0,276998.44,276998.44,2000,2000,2000,2000,1000,0,0,[],best_pair_close_leg_matched_only,[],"[{""order_id"": 309, ""strategy_id"": ""maker_v01_priority"", ""model_id"": ""maker_priority_v1_38_candidate"", ""market_time"": ""10:19:15"", ""side"": ""sell"", ""price"": 137.198, ""quantity_bonds"": 1000.0, ""fill_reason"": ""passive_sell"", ""inventory_after_bonds"": 0.0, ""reference_tick_id"": 78969, ""crossed_book_residual_price"": 0.0, ""crossed_book_residual_bonds"": 0.0}]",null,"{""open_time"": ""10:17:42"", ""open_price"": 136.71, ""open_quantity_bonds"": 1000.0, ""close_time"": ""10:19:15"", ""close_price"": 137.198, ""close_quantity_bonds"": 1000.0, ""matched_quantity_bonds"": 1000.0, ""edge"": 0.488, ""gross_edge_cash"": 488.0}","{""open_time"": ""10:17:42"", ""open_price"": 136.71, ""open_quantity_bonds"": 1000.0, ""close_time"": ""10:19:15"", ""close_price"": 137.198, ""close_quantity_bonds"": 1000.0, ""matched_quantity_bonds"": 1000.0, ""edge"": 0.488, ""gross_edge_cash"": 488.0}",economic_pair_nearby_needs_cross_turn_review,unreviewed,unreviewed
2026-08-14_132026.SH_T020,2026-08-14,132026.SH,buy_then_sell,10:18:32,136.746,10:19:14,137.198,0.452,100,1000,buy,sell,maker_v01_queue,queue,maker_queue_v1_0,1000.0,2000.0,2000.0,2000.0,370.44,370.44,0,0,0,0,1000,0,0,[],not_exactly_matched_needs_causal_execution_audit,[],[],null,null,null,opening_inventory_or_cash_capacity_blocked,unreviewed,unreviewed
2026-08-14_132026.SH_T021,2026-08-14,132026.SH,sell_then_buy,10:19:14,137.198,10:19:16,136.795,0.403,100,1000,sell,buy,maker_v01_priority,priority,maker_priority_v1_38_candidate,1000.0,2000.0,1000.0,1000.0,140250.44,140250.44,1000,1000,1000,1000,1000,1,1,"[{""order_id"": 309, ""kind"": ""inventory_exit"", ""limit_price"": 137.198, ""quantity_bonds"": 1000.0, ""filled_quantity_bonds"": 1000.0, ""created_market_time"": ""10:19:12"", ""updated_market_time"": ""10:19:15"", ""status"": ""filled"", ""cancel_reason"": null, ""initial_queue_ahead_bonds"": 0.0, ""final_queue_ahead_bonds"": 0.0, ""created_same_second_as_tape"": false}]",best_pair_open_leg_matched_only,"[{""order_id"": 309, ""strategy_id"": ""maker_v01_priority"", ""model_id"": ""maker_priority_v1_38_candidate"", ""market_time"": ""10:19:15"", ""side"": ""sell"", ""price"": 137.198, ""quantity_bonds"": 1000.0, ""fill_reason"": ""passive_sell"", ""inventory_after_bonds"": 0.0, ""reference_tick_id"": 78969, ""crossed_book_residual_price"": 0.0, ""crossed_book_residual_bonds"": 0.0}]",[],null,"{""open_time"": ""10:18:06"", ""open_price"": 137.373, ""open_quantity_bonds"": 1000.0, ""close_time"": ""10:20:18"", ""close_price"": 136.672, ""close_quantity_bonds"": 1000.0, ""matched_quantity_bonds"": 1000.0, ""edge"": 0.701, ""gross_edge_cash"": 701.0}","{""open_time"": ""10:18:06"", ""open_price"": 137.373, ""open_quantity_bonds"": 1000.0, ""close_time"": ""10:24:09"", ""close_price"": 136.202, ""close_quantity_bonds"": 1000.0, ""matched_quantity_bonds"": 1000.0, ""edge"": 1.171, ""gross_edge_cash"": 1171.0}",economic_pair_nearby_needs_cross_turn_review,unreviewed,unreviewed
2026-08-14_132026.SH_T021,2026-08-14,132026.SH,sell_then_buy,10:19:14,137.198,10:19:16,136.795,0.403,100,1000,sell,buy,maker_v01_queue,queue,maker_queue_v1_0,1000.0,2000.0,2000.0,2000.0,370.44,370.44,2000,2000,2000,2000,1000,0,0,[],not_exactly_matched_needs_causal_execution_audit,[],[],null,null,null,causal_mode_in_review_required,unreviewed,unreviewed
2026-08-14_132026.SH_T022,2026-08-14,132026.SH,buy_then_sell,10:19:16,136.795,10:19:48,137.198,0.403,100,1000,buy,sell,maker_v01_priority,priority,maker_priority_v1_38_candidate,1000.0,2000.0,0.0,0.0,277448.44,277448.44,2000,2000,2000,2000,1000,0,0,[],not_exactly_matched_needs_causal_execution_audit,[],[],null,"{""open_time"": ""10:17:42"", ""open_price"": 136.71, ""open_quantity_bonds"": 1000.0, ""close_time"": ""10:21:09"", ""close_price"": 137.196, ""close_quantity_bonds"": 1000.0, ""matched_quantity_bonds"": 1000.0, ""edge"": 0.486, ""gross_edge_cash"": 486.0}","{""open_time"": ""10:17:42"", ""open_price"": 136.71, ""open_quantity_bonds"": 1000.0, ""close_time"": ""10:21:09"", ""close_price"": 137.196, ""close_quantity_bonds"": 1000.0, ""matched_quantity_bonds"": 1000.0, ""edge"": 0.486, ""gross_edge_cash"": 486.0}",economic_pair_nearby_needs_cross_turn_review,unreviewed,unreviewed
2026-08-14_132026.SH_T022,2026-08-14,132026.SH,buy_then_sell,10:19:16,136.795,10:19:48,137.198,0.403,100,1000,buy,sell,maker_v01_queue,queue,maker_queue_v1_0,1000.0,2000.0,2000.0,2000.0,370.44,370.44,0,0,0,0,1000,0,0,[],not_exactly_matched_needs_causal_execution_audit,[],[],null,null,null,opening_inventory_or_cash_capacity_blocked,unreviewed,unreviewed
2026-08-14_132026.SH_T023,2026-08-14,132026.SH,sell_then_buy,10:19:48,137.198,10:19:50,136.796,0.402,100,1000,sell,buy,maker_v01_priority,priority,maker_priority_v1_38_candidate,1000.0,2000.0,0.0,0.0,277448.44,277448.44,0,0,0,0,1000,0,0,[],not_exactly_matched_needs_causal_execution_audit,[],[],null,"{""open_time"": ""10:18:06"", ""open_price"": 137.373, ""open_quantity_bonds"": 1000.0, ""close_time"": ""10:20:18"", ""close_price"": 136.672, ""close_quantity_bonds"": 1000.0, ""matched_quantity_bonds"": 1000.0, ""edge"": 0.701, ""gross_edge_cash"": 701.0}","{""open_time"": ""10:18:06"", ""open_price"": 137.373, ""open_quantity_bonds"": 1000.0, ""close_time"": ""10:24:09"", ""close_price"": 136.202, ""close_quantity_bonds"": 1000.0, ""matched_quantity_bonds"": 1000.0, ""edge"": 1.171, ""gross_edge_cash"": 1171.0}",economic_pair_nearby_needs_cross_turn_review,unreviewed,unreviewed
2026-08-14_132026.SH_T023,2026-08-14,132026.SH,sell_then_buy,10:19:48,137.198,10:19:50,136.796,0.402,100,1000,sell,buy,maker_v01_queue,queue,maker_queue_v1_0,1000.0,2000.0,2000.0,2000.0,370.44,370.44,2000,2000,2000,2000,1000,2,2,"[{""order_id"": 313, ""kind"": ""inventory_exit"", ""limit_price"": 137.198, ""quantity_bonds"": 140.0, ""filled_quantity_bonds"": 0.0, ""created_market_time"": ""10:19:15"", ""updated_market_time"": ""10:19:54"", ""status"": ""cancelled"", ""cancel_reason"": ""maker_reprice"", ""initial_queue_ahead_bonds"": 1000.0, ""final_queue_ahead_bonds"": 0.0, ""created_same_second_as_tape"": false}, {""order_id"": 314, ""kind"": ""inventory_exit"", ""limit_price"": 137.198, ""quantity_bonds"": 860.0, ""filled_quantity_bonds"": 0.0, ""created_market_time"": ""10:19:15"", ""updated_market_time"": ""10:19:54"", ""status"": ""cancelled"", ""cancel_reason"": ""maker_reprice"", ""initial_queue_ahead_bonds"": 1000.0, ""final_queue_ahead_bonds"": 1000.0, ""created_same_second_as_tape"": false}]",not_exactly_matched_needs_causal_execution_audit,[],[],null,null,null,preexisting_reaching_order_needs_execution_audit,unreviewed,unreviewed
2026-08-14_132026.SH_T024,2026-08-14,132026.SH,buy_then_sell,10:19:50,136.796,10:20:11,137.197,0.401,100,1000,buy,sell,maker_v01_priority,priority,maker_priority_v1_38_candidate,1000.0,2000.0,0.0,0.0,277448.44,277448.44,2000,2000,2000,2000,1000,0,0,[],not_exactly_matched_needs_causal_execution_audit,[],[],null,"{""open_time"": ""10:18:48"", ""open_price"": 136.748, ""open_quantity_bonds"": 1000.0, ""close_time"": ""10:21:09"", ""close_price"": 137.196, ""close_quantity_bonds"": 1000.0, ""matched_quantity_bonds"": 1000.0, ""edge"": 0.448, ""gross_edge_cash"": 448.0}","{""open_time"": ""10:17:42"", ""open_price"": 136.71, ""open_quantity_bonds"": 1000.0, ""close_time"": ""10:21:09"", ""close_price"": 137.196, ""close_quantity_bonds"": 1000.0, ""matched_quantity_bonds"": 1000.0, ""edge"": 0.486, ""gross_edge_cash"": 486.0}",economic_pair_nearby_needs_cross_turn_review,unreviewed,unreviewed
2026-08-14_132026.SH_T024,2026-08-14,132026.SH,buy_then_sell,10:19:50,136.796,10:20:11,137.197,0.401,100,1000,buy,sell,maker_v01_queue,queue,maker_queue_v1_0,1000.0,2000.0,2000.0,2000.0,370.44,370.44,0,0,0,0,1000,0,0,[],not_exactly_matched_needs_causal_execution_audit,[],[],null,null,null,opening_inventory_or_cash_capacity_blocked,unreviewed,unreviewed
2026-08-14_132026.SH_T025,2026-08-14,132026.SH,sell_then_buy,10:20:11,137.197,10:20:15,136.671,0.526,300,1000,sell,buy,maker_v01_priority,priority,maker_priority_v1_38_candidate,1000.0,2000.0,0.0,0.0,277448.44,277448.44,0,0,0,0,1000,0,0,[],best_pair_close_leg_matched_only,[],"[{""order_id"": 324, ""strategy_id"": ""maker_v01_priority"", ""model_id"": ""maker_priority_v1_38_candidate"", ""market_time"": ""10:20:18"", ""side"": ""buy"", ""price"": 136.672, ""quantity_bonds"": 1000.0, ""fill_reason"": ""passive_buy"", ""inventory_after_bonds"": 1000.0, ""reference_tick_id"": 79019, ""crossed_book_residual_price"": 0.0, ""crossed_book_residual_bonds"": 0.0}, {""order_id"": 325, ""strategy_id"": ""maker_v01_priority"", ""model_id"": ""maker_priority_v1_38_candidate"", ""market_time"": ""10:20:21"", ""side"": ""buy"", ""price"": 136.673, ""quantity_bonds"": 1000.0, ""fill_reason"": ""passive_buy"", ""inventory_after_bonds"": 2000.0, ""reference_tick_id"": 79022, ""crossed_book_residual_price"": 0.0, ""crossed_book_residual_bonds"": 0.0}]",null,"{""open_time"": ""10:19:15"", ""open_price"": 137.198, ""open_quantity_bonds"": 1000.0, ""close_time"": ""10:20:18"", ""close_price"": 136.672, ""close_quantity_bonds"": 1000.0, ""matched_quantity_bonds"": 1000.0, ""edge"": 0.526, ""gross_edge_cash"": 526.0}","{""open_time"": ""10:18:06"", ""open_price"": 137.373, ""open_quantity_bonds"": 1000.0, ""close_time"": ""10:24:09"", ""close_price"": 136.202, ""close_quantity_bonds"": 1000.0, ""matched_quantity_bonds"": 1000.0, ""edge"": 1.171, ""gross_edge_cash"": 1171.0}",economic_pair_nearby_needs_cross_turn_review,unreviewed,unreviewed
2026-08-14_132026.SH_T025,2026-08-14,132026.SH,sell_then_buy,10:20:11,137.197,10:20:15,136.671,0.526,300,1000,sell,buy,maker_v01_queue,queue,maker_queue_v1_0,1000.0,2000.0,2000.0,2000.0,370.44,370.44,2000,2000,2000,2000,1000,2,2,"[{""order_id"": 318, ""kind"": ""inventory_exit"", ""limit_price"": 137.197, ""quantity_bonds"": 140.0, ""filled_quantity_bonds"": 0.0, ""created_market_time"": ""10:19:54"", ""updated_market_time"": ""10:20:12"", ""status"": ""cancelled"", ""cancel_reason"": ""maker_reprice"", ""initial_queue_ahead_bonds"": 2000.0, ""final_queue_ahead_bonds"": 0.0, ""created_same_second_as_tape"": false}, {""order_id"": 319, ""kind"": ""inventory_exit"", ""limit_price"": 137.197, ""quantity_bonds"": 860.0, ""filled_quantity_bonds"": 0.0, ""created_market_time"": ""10:19:54"", ""updated_market_time"": ""10:20:12"", ""status"": ""cancelled"", ""cancel_reason"": ""maker_reprice"", ""initial_queue_ahead_bonds"": 2000.0, ""final_queue_ahead_bonds"": 2000.0, ""created_same_second_as_tape"": false}]",not_exactly_matched_needs_causal_execution_audit,[],[],null,null,null,preexisting_reaching_order_needs_execution_audit,unreviewed,unreviewed
2026-08-14_132026.SH_T026,2026-08-14,132026.SH,buy_then_sell,10:20:15,136.671,10:21:07,137.197,0.526,200,1000,buy,sell,maker_v01_priority,priority,maker_priority_v1_38_candidate,1000.0,2000.0,0.0,0.0,277448.44,277448.44,2000,2000,2000,2000,1000,1,0,"[{""order_id"": 324, ""kind"": ""profitable_visible_bid_base_replenish"", ""limit_price"": 136.672, ""quantity_bonds"": 1000.0, ""filled_quantity_bonds"": 1000.0, ""created_market_time"": ""10:20:15"", ""updated_market_time"": ""10:20:18"", ""status"": ""filled"", ""cancel_reason"": null, ""initial_queue_ahead_bonds"": 0.0, ""final_queue_ahead_bonds"": 0.0, ""created_same_second_as_tape"": true}]",best_pair_both_legs_matched,"[{""order_id"": 324, ""strategy_id"": ""maker_v01_priority"", ""model_id"": ""maker_priority_v1_38_candidate"", ""market_time"": ""10:20:18"", ""side"": ""buy"", ""price"": 136.672, ""quantity_bonds"": 1000.0, ""fill_reason"": ""passive_buy"", ""inventory_after_bonds"": 1000.0, ""reference_tick_id"": 79019, ""crossed_book_residual_price"": 0.0, ""crossed_book_residual_bonds"": 0.0}, {""order_id"": 325, ""strategy_id"": ""maker_v01_priority"", ""model_id"": ""maker_priority_v1_38_candidate"", ""market_time"": ""10:20:21"", ""side"": ""buy"", ""price"": 136.673, ""quantity_bonds"": 1000.0, ""fill_reason"": ""passive_buy"", ""inventory_after_bonds"": 2000.0, ""reference_tick_id"": 79022, ""crossed_book_residual_price"": 0.0, ""crossed_book_residual_bonds"": 0.0}]","[{""order_id"": 327, ""strategy_id"": ""maker_v01_priority"", ""model_id"": ""maker_priority_v1_38_candidate"", ""market_time"": ""10:21:09"", ""side"": ""sell"", ""price"": 137.196, ""quantity_bonds"": 1000.0, ""fill_reason"": ""passive_sell"", ""inventory_after_bonds"": 1000.0, ""reference_tick_id"": 79063, ""crossed_book_residual_price"": 0.0, ""crossed_book_residual_bonds"": 0.0}]",null,"{""open_time"": ""10:20:18"", ""open_price"": 136.672, ""open_quantity_bonds"": 1000.0, ""close_time"": ""10:21:09"", ""close_price"": 137.196, ""close_quantity_bonds"": 1000.0, ""matched_quantity_bonds"": 1000.0, ""edge"": 0.524, ""gross_edge_cash"": 524.0}","{""open_time"": ""10:20:18"", ""open_price"": 136.672, ""open_quantity_bonds"": 1000.0, ""close_time"": ""10:21:09"", ""close_price"": 137.196, ""close_quantity_bonds"": 1000.0, ""matched_quantity_bonds"": 1000.0, ""edge"": 0.524, ""gross_edge_cash"": 524.0}",exact_best_pair_capture,unreviewed,unreviewed
2026-08-14_132026.SH_T026,2026-08-14,132026.SH,buy_then_sell,10:20:15,136.671,10:21:07,137.197,0.526,200,1000,buy,sell,maker_v01_queue,queue,maker_queue_v1_0,1000.0,2000.0,2000.0,2000.0,370.44,370.44,0,0,0,0,1000,0,0,[],best_pair_close_leg_matched_only,[],"[{""order_id"": 328, ""strategy_id"": ""maker_v01_queue"", ""model_id"": ""maker_queue_v1_0"", ""market_time"": ""10:21:09"", ""side"": ""sell"", ""price"": 137.197, ""quantity_bonds"": 140.0, ""fill_reason"": ""passive_sell"", ""inventory_after_bonds"": 1860.0, ""reference_tick_id"": 79063, ""crossed_book_residual_price"": 0.0, ""crossed_book_residual_bonds"": 0.0}]",null,null,null,opening_inventory_or_cash_capacity_blocked,unreviewed,unreviewed
2026-08-14_132026.SH_T027,2026-08-14,132026.SH,sell_then_buy,10:21:07,137.197,10:21:11,136.671,0.526,200,1000,sell,buy,maker_v01_priority,priority,maker_priority_v1_38_candidate,1000.0,2000.0,2000.0,2000.0,4103.44,4103.44,2000,2000,2000,2000,1000,1,1,"[{""order_id"": 327, ""kind"": ""inventory_exit"", ""limit_price"": 137.196, ""quantity_bonds"": 1000.0, ""filled_quantity_bonds"": 1000.0, ""created_market_time"": ""10:20:24"", ""updated_market_time"": ""10:21:09"", ""status"": ""filled"", ""cancel_reason"": null, ""initial_queue_ahead_bonds"": 0.0, ""final_queue_ahead_bonds"": 0.0, ""created_same_second_as_tape"": false}]",best_pair_both_legs_matched,"[{""order_id"": 327, ""strategy_id"": ""maker_v01_priority"", ""model_id"": ""maker_priority_v1_38_candidate"", ""market_time"": ""10:21:09"", ""side"": ""sell"", ""price"": 137.196, ""quantity_bonds"": 1000.0, ""fill_reason"": ""passive_sell"", ""inventory_after_bonds"": 1000.0, ""reference_tick_id"": 79063, ""crossed_book_residual_price"": 0.0, ""crossed_book_residual_bonds"": 0.0}]","[{""order_id"": 330, ""strategy_id"": ""maker_v01_priority"", ""model_id"": ""maker_priority_v1_38_candidate"", ""market_time"": ""10:21:12"", ""side"": ""buy"", ""price"": 136.672, ""quantity_bonds"": 1000.0, ""fill_reason"": ""passive_buy"", ""inventory_after_bonds"": 2000.0, ""reference_tick_id"": 79066, ""crossed_book_residual_price"": 0.0, ""crossed_book_residual_bonds"": 0.0}]","{""open_time"": ""10:21:09"", ""open_price"": 137.196, ""open_quantity_bonds"": 1000.0, ""close_time"": ""10:21:12"", ""close_price"": 136.672, ""close_quantity_bonds"": 1000.0, ""matched_quantity_bonds"": 1000.0, ""edge"": 0.524, ""gross_edge_cash"": 524.0}","{""open_time"": ""10:19:15"", ""open_price"": 137.198, ""open_quantity_bonds"": 1000.0, ""close_time"": ""10:21:12"", ""close_price"": 136.672, ""close_quantity_bonds"": 1000.0, ""matched_quantity_bonds"": 1000.0, ""edge"": 0.526, ""gross_edge_cash"": 526.0}","{""open_time"": ""10:18:06"", ""open_price"": 137.373, ""open_quantity_bonds"": 1000.0, ""close_time"": ""10:24:09"", ""close_price"": 136.202, ""close_quantity_bonds"": 1000.0, ""matched_quantity_bonds"": 1000.0, ""edge"": 1.171, ""gross_edge_cash"": 1171.0}",exact_best_pair_capture,unreviewed,unreviewed
2026-08-14_132026.SH_T027,2026-08-14,132026.SH,sell_then_buy,10:21:07,137.197,10:21:11,136.671,0.526,200,1000,sell,buy,maker_v01_queue,queue,maker_queue_v1_0,1000.0,2000.0,2000.0,2000.0,370.44,370.44,2000,2000,2000,2000,1000,2,2,"[{""order_id"": 328, ""kind"": ""inventory_exit"", ""limit_price"": 137.197, ""quantity_bonds"": 140.0, ""filled_quantity_bonds"": 140.0, ""created_market_time"": ""10:20:24"", ""updated_market_time"": ""10:21:09"", ""status"": ""filled"", ""cancel_reason"": null, ""initial_queue_ahead_bonds"": 1000.0, ""final_queue_ahead_bonds"": 0.0, ""created_same_second_as_tape"": false}, {""order_id"": 329, ""kind"": ""inventory_exit"", ""limit_price"": 137.197, ""quantity_bonds"": 860.0, ""filled_quantity_bonds"": 0.0, ""created_market_time"": ""10:20:24"", ""updated_market_time"": ""10:21:09"", ""status"": ""cancelled"", ""cancel_reason"": ""maker_reprice"", ""initial_queue_ahead_bonds"": 1000.0, ""final_queue_ahead_bonds"": 140.0, ""created_same_second_as_tape"": false}]",best_pair_open_leg_matched_only,"[{""order_id"": 328, ""strategy_id"": ""maker_v01_queue"", ""model_id"": ""maker_queue_v1_0"", ""market_time"": ""10:21:09"", ""side"": ""sell"", ""price"": 137.197, ""quantity_bonds"": 140.0, ""fill_reason"": ""passive_sell"", ""inventory_after_bonds"": 1860.0, ""reference_tick_id"": 79063, ""crossed_book_residual_price"": 0.0, ""crossed_book_residual_bonds"": 0.0}]",[],null,"{""open_time"": ""10:21:09"", ""open_price"": 137.197, ""open_quantity_bonds"": 140.0, ""close_time"": ""10:23:39"", ""close_price"": 136.659, ""close_quantity_bonds"": 140.0, ""matched_quantity_bonds"": 140.0, ""edge"": 0.538, ""gross_edge_cash"": 75.32}","{""open_time"": ""10:21:09"", ""open_price"": 137.197, ""open_quantity_bonds"": 140.0, ""close_time"": ""10:23:39"", ""close_price"": 136.659, ""close_quantity_bonds"": 140.0, ""matched_quantity_bonds"": 140.0, ""edge"": 0.538, ""gross_edge_cash"": 75.32}",economic_pair_nearby_needs_cross_turn_review,unreviewed,unreviewed
2026-08-14_132026.SH_T028,2026-08-14,132026.SH,buy_then_sell,10:21:11,136.671,10:21:44,137.137,0.466,100,1000,buy,sell,maker_v01_priority,priority,maker_priority_v1_38_candidate,1000.0,2000.0,1000.0,1000.0,141299.44,141299.44,1000,1000,1000,1000,1000,1,1,"[{""order_id"": 330, ""kind"": ""low_bid_reversion"", ""limit_price"": 136.672, ""quantity_bonds"": 1000.0, ""filled_quantity_bonds"": 1000.0, ""created_market_time"": ""10:21:09"", ""updated_market_time"": ""10:21:12"", ""status"": ""filled"", ""cancel_reason"": null, ""initial_queue_ahead_bonds"": 0.0, ""final_queue_ahead_bonds"": 0.0, ""created_same_second_as_tape"": false}]",best_pair_both_legs_matched,"[{""order_id"": 330, ""strategy_id"": ""maker_v01_priority"", ""model_id"": ""maker_priority_v1_38_candidate"", ""market_time"": ""10:21:12"", ""side"": ""buy"", ""price"": 136.672, ""quantity_bonds"": 1000.0, ""fill_reason"": ""passive_buy"", ""inventory_after_bonds"": 2000.0, ""reference_tick_id"": 79066, ""crossed_book_residual_price"": 0.0, ""crossed_book_residual_bonds"": 0.0}]","[{""order_id"": 344, ""strategy_id"": ""maker_v01_priority"", ""model_id"": ""maker_priority_v1_38_candidate"", ""market_time"": ""10:21:45"", ""side"": ""sell"", ""price"": 137.137, ""quantity_bonds"": 1000.0, ""fill_reason"": ""passive_sell"", ""inventory_after_bonds"": 1000.0, ""reference_tick_id"": 79097, ""crossed_book_residual_price"": 0.0, ""crossed_book_residual_bonds"": 0.0}]",null,"{""open_time"": ""10:20:18"", ""open_price"": 136.672, ""open_quantity_bonds"": 1000.0, ""close_time"": ""10:21:45"", ""close_price"": 137.137, ""close_quantity_bonds"": 1000.0, ""matched_quantity_bonds"": 1000.0, ""edge"": 0.465, ""gross_edge_cash"": 465.0}","{""open_time"": ""10:20:18"", ""open_price"": 136.672, ""open_quantity_bonds"": 1000.0, ""close_time"": ""10:21:45"", ""close_price"": 137.137, ""close_quantity_bonds"": 1000.0, ""matched_quantity_bonds"": 1000.0, ""edge"": 0.465, ""gross_edge_cash"": 465.0}",exact_best_pair_capture,unreviewed,unreviewed
2026-08-14_132026.SH_T028,2026-08-14,132026.SH,buy_then_sell,10:21:11,136.671,10:21:44,137.137,0.466,100,1000,buy,sell,maker_v01_queue,queue,maker_queue_v1_0,1000.0,2000.0,1860.0,1860.0,19578.02,19578.02,140,140,140,140,1000,1,1,"[{""order_id"": 331, ""kind"": ""low_bid_reversion"", ""limit_price"": 136.671, ""quantity_bonds"": 140.0, ""filled_quantity_bonds"": 0.0, ""created_market_time"": ""10:21:09"", ""updated_market_time"": ""10:21:12"", ""status"": ""cancelled"", ""cancel_reason"": ""entry_context_changed"", ""initial_queue_ahead_bonds"": 2000.0, ""final_queue_ahead_bonds"": 1000.0, ""created_same_second_as_tape"": false}]",not_exactly_matched_needs_causal_execution_audit,[],[],null,null,null,opening_capacity_partial,unreviewed,unreviewed
2026-08-14_132026.SH_T029,2026-08-14,132026.SH,sell_then_buy,10:21:44,137.137,10:23:35,136.67,0.467,100,1000,sell,buy,maker_v01_priority,priority,maker_priority_v1_38_candidate,1000.0,2000.0,2000.0,2000.0,4627.44,4627.44,2000,2000,2000,2000,1000,1,1,"[{""order_id"": 344, ""kind"": ""inventory_exit"", ""limit_price"": 137.137, ""quantity_bonds"": 1000.0, ""filled_quantity_bonds"": 1000.0, ""created_market_time"": ""10:21:42"", ""updated_market_time"": ""10:21:45"", ""status"": ""filled"", ""cancel_reason"": null, ""initial_queue_ahead_bonds"": 0.0, ""final_queue_ahead_bonds"": 0.0, ""created_same_second_as_tape"": false}]",best_pair_open_leg_matched_only,"[{""order_id"": 344, ""strategy_id"": ""maker_v01_priority"", ""model_id"": ""maker_priority_v1_38_candidate"", ""market_time"": ""10:21:45"", ""side"": ""sell"", ""price"": 137.137, ""quantity_bonds"": 1000.0, ""fill_reason"": ""passive_sell"", ""inventory_after_bonds"": 1000.0, ""reference_tick_id"": 79097, ""crossed_book_residual_price"": 0.0, ""crossed_book_residual_bonds"": 0.0}]",[],"{""open_time"": ""10:21:45"", ""open_price"": 137.137, ""open_quantity_bonds"": 1000.0, ""close_time"": ""10:22:15"", ""close_price"": 136.672, ""close_quantity_bonds"": 1000.0, ""matched_quantity_bonds"": 1000.0, ""edge"": 0.465, ""gross_edge_cash"": 465.0}","{""open_time"": ""10:21:09"", ""open_price"": 137.196, ""open_quantity_bonds"": 1000.0, ""close_time"": ""10:24:09"", ""close_price"": 136.202, ""close_quantity_bonds"": 1000.0, ""matched_quantity_bonds"": 1000.0, ""edge"": 0.994, ""gross_edge_cash"": 994.0}","{""open_time"": ""10:18:06"", ""open_price"": 137.373, ""open_quantity_bonds"": 1000.0, ""close_time"": ""10:24:09"", ""close_price"": 136.202, ""close_quantity_bonds"": 1000.0, ""matched_quantity_bonds"": 1000.0, ""edge"": 1.171, ""gross_edge_cash"": 1171.0}",economic_pair_within_turn_needs_overlap_review,unreviewed,unreviewed
2026-08-14_132026.SH_T029,2026-08-14,132026.SH,sell_then_buy,10:21:44,137.137,10:23:35,136.67,0.467,100,1000,sell,buy,maker_v01_queue,queue,maker_queue_v1_0,1000.0,2000.0,1860.0,1860.0,19578.02,19578.02,1860,1860,1860,1860,1000,0,0,[],best_pair_close_leg_matched_only,[],"[{""order_id"": 361, ""strategy_id"": ""maker_v01_queue"", ""model_id"": ""maker_queue_v1_0"", ""market_time"": ""10:23:39"", ""side"": ""buy"", ""price"": 136.659, ""quantity_bonds"": 140.0, ""fill_reason"": ""active_deep_discount"", ""inventory_after_bonds"": 2000.0, ""reference_tick_id"": 79183, ""crossed_book_residual_price"": 0.0, ""crossed_book_residual_bonds"": 0.0}]",null,"{""open_time"": ""10:21:09"", ""open_price"": 137.197, ""open_quantity_bonds"": 140.0, ""close_time"": ""10:23:39"", ""close_price"": 136.659, ""close_quantity_bonds"": 140.0, ""matched_quantity_bonds"": 140.0, ""edge"": 0.538, ""gross_edge_cash"": 75.32}","{""open_time"": ""10:21:09"", ""open_price"": 137.197, ""open_quantity_bonds"": 140.0, ""close_time"": ""10:23:39"", ""close_price"": 136.659, ""close_quantity_bonds"": 140.0, ""matched_quantity_bonds"": 140.0, ""edge"": 0.538, ""gross_edge_cash"": 75.32}",economic_pair_nearby_needs_cross_turn_review,unreviewed,unreviewed
2026-08-14_132026.SH_T030,2026-08-14,132026.SH,buy_then_sell,10:23:35,136.67,10:23:56,136.969,0.299,100,1000,buy,sell,maker_v01_priority,priority,maker_priority_v1_38_candidate,1000.0,2000.0,2000.0,2000.0,5092.44,5092.44,0,0,0,0,1000,0,0,[],not_exactly_matched_needs_causal_execution_audit,[],[],null,"{""open_time"": ""10:21:12"", ""open_price"": 136.672, ""open_quantity_bonds"": 1000.0, ""close_time"": ""10:24:24"", ""close_price"": 136.968, ""close_quantity_bonds"": 1000.0, ""matched_quantity_bonds"": 1000.0, ""edge"": 0.296, ""gross_edge_cash"": 296.0}","{""open_time"": ""10:20:18"", ""open_price"": 136.672, ""open_quantity_bonds"": 1000.0, ""close_time"": ""10:24:24"", ""close_price"": 136.968, ""close_quantity_bonds"": 1000.0, ""matched_quantity_bonds"": 1000.0, ""edge"": 0.296, ""gross_edge_cash"": 296.0}",economic_pair_nearby_needs_cross_turn_review,unreviewed,unreviewed
2026-08-14_132026.SH_T030,2026-08-14,132026.SH,buy_then_sell,10:23:35,136.67,10:23:56,136.969,0.299,100,1000,buy,sell,maker_v01_queue,queue,maker_queue_v1_0,1000.0,2000.0,1860.0,1860.0,19578.02,19578.02,140,140,140,140,1000,0,0,[],best_pair_open_leg_matched_only,"[{""order_id"": 361, ""strategy_id"": ""maker_v01_queue"", ""model_id"": ""maker_queue_v1_0"", ""market_time"": ""10:23:39"", ""side"": ""buy"", ""price"": 136.659, ""quantity_bonds"": 140.0, ""fill_reason"": ""active_deep_discount"", ""inventory_after_bonds"": 2000.0, ""reference_tick_id"": 79183, ""crossed_book_residual_price"": 0.0, ""crossed_book_residual_bonds"": 0.0}]",[],null,"{""open_time"": ""10:23:39"", ""open_price"": 136.659, ""open_quantity_bonds"": 140.0, ""close_time"": ""10:24:24"", ""close_price"": 136.969, ""close_quantity_bonds"": 860.0, ""matched_quantity_bonds"": 140.0, ""edge"": 0.31, ""gross_edge_cash"": 43.4}","{""open_time"": ""10:23:39"", ""open_price"": 136.659, ""open_quantity_bonds"": 140.0, ""close_time"": ""10:24:24"", ""close_price"": 136.969, ""close_quantity_bonds"": 860.0, ""matched_quantity_bonds"": 140.0, ""edge"": 0.31, ""gross_edge_cash"": 43.4}",economic_pair_nearby_needs_cross_turn_review,unreviewed,unreviewed
2026-08-14_132026.SH_T031,2026-08-14,132026.SH,sell_then_buy,10:23:56,136.969,10:24:06,136.201,0.768,100,1000,sell,buy,maker_v01_priority,priority,maker_priority_v1_38_candidate,1000.0,2000.0,1000.0,1000.0,141762.44,141762.44,1000,1000,1000,1000,1000,0,0,[],best_pair_close_leg_matched_only,[],"[{""order_id"": 366, ""strategy_id"": ""maker_v01_priority"", ""model_id"": ""maker_priority_v1_38_candidate"", ""market_time"": ""10:24:09"", ""side"": ""buy"", ""price"": 136.202, ""quantity_bonds"": 1000.0, ""fill_reason"": ""passive_buy"", ""inventory_after_bonds"": 2000.0, ""reference_tick_id"": 79200, ""crossed_book_residual_price"": 0.0, ""crossed_book_residual_bonds"": 0.0}]",null,"{""open_time"": ""10:23:36"", ""open_price"": 136.67, ""open_quantity_bonds"": 1000.0, ""close_time"": ""10:24:09"", ""close_price"": 136.202, ""close_quantity_bonds"": 1000.0, ""matched_quantity_bonds"": 1000.0, ""edge"": 0.468, ""gross_edge_cash"": 468.0}","{""open_time"": ""10:18:06"", ""open_price"": 137.373, ""open_quantity_bonds"": 1000.0, ""close_time"": ""10:24:09"", ""close_price"": 136.202, ""close_quantity_bonds"": 1000.0, ""matched_quantity_bonds"": 1000.0, ""edge"": 1.171, ""gross_edge_cash"": 1171.0}",economic_pair_nearby_needs_cross_turn_review,unreviewed,unreviewed
2026-08-14_132026.SH_T031,2026-08-14,132026.SH,sell_then_buy,10:23:56,136.969,10:24:06,136.201,0.768,100,1000,sell,buy,maker_v01_queue,queue,maker_queue_v1_0,1000.0,2000.0,2000.0,2000.0,445.76,445.76,2000,2000,2000,2000,1000,2,2,"[{""order_id"": 363, ""kind"": ""inventory_exit"", ""limit_price"": 136.969, ""quantity_bonds"": 860.0, ""filled_quantity_bonds"": 860.0, ""created_market_time"": ""10:23:42"", ""updated_market_time"": ""10:24:24"", ""status"": ""filled"", ""cancel_reason"": null, ""initial_queue_ahead_bonds"": 2000.0, ""final_queue_ahead_bonds"": 0.0, ""created_same_second_as_tape"": false}, {""order_id"": 364, ""kind"": ""inventory_exit"", ""limit_price"": 136.969, ""quantity_bonds"": 140.0, ""filled_quantity_bonds"": 0.0, ""created_market_time"": ""10:23:42"", ""updated_market_time"": ""10:25:09"", ""status"": ""cancelled"", ""cancel_reason"": ""maker_reprice"", ""initial_queue_ahead_bonds"": 2000.0, ""final_queue_ahead_bonds"": 860.0, ""created_same_second_as_tape"": false}]",not_exactly_matched_needs_causal_execution_audit,[],[],null,null,null,preexisting_reaching_order_needs_execution_audit,unreviewed,unreviewed
2026-08-14_132026.SH_T032,2026-08-14,132026.SH,buy_then_sell,10:24:06,136.201,10:24:23,136.969,0.768,300,1000,buy,sell,maker_v01_priority,priority,maker_priority_v1_38_candidate,1000.0,2000.0,1000.0,1000.0,141762.44,141762.44,1000,1000,1000,1000,1000,1,1,"[{""order_id"": 366, ""kind"": ""low_bid_reversion"", ""limit_price"": 136.202, ""quantity_bonds"": 1000.0, ""filled_quantity_bonds"": 1000.0, ""created_market_time"": ""10:23:57"", ""updated_market_time"": ""10:24:09"", ""status"": ""filled"", ""cancel_reason"": null, ""initial_queue_ahead_bonds"": 0.0, ""final_queue_ahead_bonds"": 0.0, ""created_same_second_as_tape"": false}]",best_pair_both_legs_matched,"[{""order_id"": 366, ""strategy_id"": ""maker_v01_priority"", ""model_id"": ""maker_priority_v1_38_candidate"", ""market_time"": ""10:24:09"", ""side"": ""buy"", ""price"": 136.202, ""quantity_bonds"": 1000.0, ""fill_reason"": ""passive_buy"", ""inventory_after_bonds"": 2000.0, ""reference_tick_id"": 79200, ""crossed_book_residual_price"": 0.0, ""crossed_book_residual_bonds"": 0.0}]","[{""order_id"": 367, ""strategy_id"": ""maker_v01_priority"", ""model_id"": ""maker_priority_v1_38_candidate"", ""market_time"": ""10:24:24"", ""side"": ""sell"", ""price"": 136.968, ""quantity_bonds"": 1000.0, ""fill_reason"": ""passive_sell"", ""inventory_after_bonds"": 1000.0, ""reference_tick_id"": 79211, ""crossed_book_residual_price"": 0.0, ""crossed_book_residual_bonds"": 0.0}]","{""open_time"": ""10:24:09"", ""open_price"": 136.202, ""open_quantity_bonds"": 1000.0, ""close_time"": ""10:24:24"", ""close_price"": 136.968, ""close_quantity_bonds"": 1000.0, ""matched_quantity_bonds"": 1000.0, ""edge"": 0.766, ""gross_edge_cash"": 766.0}","{""open_time"": ""10:24:09"", ""open_price"": 136.202, ""open_quantity_bonds"": 1000.0, ""close_time"": ""10:24:24"", ""close_price"": 136.968, ""close_quantity_bonds"": 1000.0, ""matched_quantity_bonds"": 1000.0, ""edge"": 0.766, ""gross_edge_cash"": 766.0}","{""open_time"": ""10:24:09"", ""open_price"": 136.202, ""open_quantity_bonds"": 1000.0, ""close_time"": ""10:24:24"", ""close_price"": 136.968, ""close_quantity_bonds"": 1000.0, ""matched_quantity_bonds"": 1000.0, ""edge"": 0.766, ""gross_edge_cash"": 766.0}",exact_best_pair_capture,unreviewed,unreviewed
2026-08-14_132026.SH_T032,2026-08-14,132026.SH,buy_then_sell,10:24:06,136.201,10:24:23,136.969,0.768,300,1000,buy,sell,maker_v01_queue,queue,maker_queue_v1_0,1000.0,2000.0,2000.0,2000.0,445.76,445.76,0,0,0,0,1000,0,0,[],best_pair_close_leg_matched_only,[],"[{""order_id"": 363, ""strategy_id"": ""maker_v01_queue"", ""model_id"": ""maker_queue_v1_0"", ""market_time"": ""10:24:24"", ""side"": ""sell"", ""price"": 136.969, ""quantity_bonds"": 860.0, ""fill_reason"": ""passive_sell"", ""inventory_after_bonds"": 1140.0, ""reference_tick_id"": 79211, ""crossed_book_residual_price"": 0.0, ""crossed_book_residual_bonds"": 0.0}]",null,"{""open_time"": ""10:23:39"", ""open_price"": 136.659, ""open_quantity_bonds"": 140.0, ""close_time"": ""10:24:24"", ""close_price"": 136.969, ""close_quantity_bonds"": 860.0, ""matched_quantity_bonds"": 140.0, ""edge"": 0.31, ""gross_edge_cash"": 43.4}","{""open_time"": ""10:23:39"", ""open_price"": 136.659, ""open_quantity_bonds"": 140.0, ""close_time"": ""10:24:24"", ""close_price"": 136.969, ""close_quantity_bonds"": 860.0, ""matched_quantity_bonds"": 140.0, ""edge"": 0.31, ""gross_edge_cash"": 43.4}",economic_pair_nearby_needs_cross_turn_review,unreviewed,unreviewed
2026-08-14_132026.SH_T033,2026-08-14,132026.SH,sell_then_buy,10:24:23,136.969,10:25:17,136.501,0.468,100,1000,sell,buy,maker_v01_priority,priority,maker_priority_v1_38_candidate,1000.0,2000.0,2000.0,2000.0,5560.44,5560.44,2000,2000,2000,2000,1000,1,1,"[{""order_id"": 367, ""kind"": ""inventory_exit"", ""limit_price"": 136.968, ""quantity_bonds"": 1000.0, ""filled_quantity_bonds"": 1000.0, ""created_market_time"": ""10:24:09"", ""updated_market_time"": ""10:24:24"", ""status"": ""filled"", ""cancel_reason"": null, ""initial_queue_ahead_bonds"": 0.0, ""final_queue_ahead_bonds"": 0.0, ""created_same_second_as_tape"": false}]",best_pair_both_legs_matched,"[{""order_id"": 367, ""strategy_id"": ""maker_v01_priority"", ""model_id"": ""maker_priority_v1_38_candidate"", ""market_time"": ""10:24:24"", ""side"": ""sell"", ""price"": 136.968, ""quantity_bonds"": 1000.0, ""fill_reason"": ""passive_sell"", ""inventory_after_bonds"": 1000.0, ""reference_tick_id"": 79211, ""crossed_book_residual_price"": 0.0, ""crossed_book_residual_bonds"": 0.0}]","[{""order_id"": 379, ""strategy_id"": ""maker_v01_priority"", ""model_id"": ""maker_priority_v1_38_candidate"", ""market_time"": ""10:25:18"", ""side"": ""buy"", ""price"": 136.502, ""quantity_bonds"": 1000.0, ""fill_reason"": ""passive_buy"", ""inventory_after_bonds"": 2000.0, ""reference_tick_id"": 79250, ""crossed_book_residual_price"": 0.0, ""crossed_book_residual_bonds"": 0.0}]",null,"{""open_time"": ""10:24:24"", ""open_price"": 136.968, ""open_quantity_bonds"": 1000.0, ""close_time"": ""10:25:18"", ""close_price"": 136.502, ""close_quantity_bonds"": 1000.0, ""matched_quantity_bonds"": 1000.0, ""edge"": 0.466, ""gross_edge_cash"": 466.0}","{""open_time"": ""10:18:06"", ""open_price"": 137.373, ""open_quantity_bonds"": 1000.0, ""close_time"": ""10:25:18"", ""close_price"": 136.502, ""close_quantity_bonds"": 1000.0, ""matched_quantity_bonds"": 1000.0, ""edge"": 0.871, ""gross_edge_cash"": 871.0}",exact_best_pair_capture,unreviewed,unreviewed
2026-08-14_132026.SH_T033,2026-08-14,132026.SH,sell_then_buy,10:24:23,136.969,10:25:17,136.501,0.468,100,1000,sell,buy,maker_v01_queue,queue,maker_queue_v1_0,1000.0,2000.0,2000.0,2000.0,445.76,445.76,2000,2000,2000,2000,1000,2,2,"[{""order_id"": 363, ""kind"": ""inventory_exit"", ""limit_price"": 136.969, ""quantity_bonds"": 860.0, ""filled_quantity_bonds"": 860.0, ""created_market_time"": ""10:23:42"", ""updated_market_time"": ""10:24:24"", ""status"": ""filled"", ""cancel_reason"": null, ""initial_queue_ahead_bonds"": 2000.0, ""final_queue_ahead_bonds"": 0.0, ""created_same_second_as_tape"": false}, {""order_id"": 364, ""kind"": ""inventory_exit"", ""limit_price"": 136.969, ""quantity_bonds"": 140.0, ""filled_quantity_bonds"": 0.0, ""created_market_time"": ""10:23:42"", ""updated_market_time"": ""10:25:09"", ""status"": ""cancelled"", ""cancel_reason"": ""maker_reprice"", ""initial_queue_ahead_bonds"": 2000.0, ""final_queue_ahead_bonds"": 860.0, ""created_same_second_as_tape"": false}]",best_pair_open_leg_matched_only,"[{""order_id"": 363, ""strategy_id"": ""maker_v01_queue"", ""model_id"": ""maker_queue_v1_0"", ""market_time"": ""10:24:24"", ""side"": ""sell"", ""price"": 136.969, ""quantity_bonds"": 860.0, ""fill_reason"": ""passive_sell"", ""inventory_after_bonds"": 1140.0, ""reference_tick_id"": 79211, ""crossed_book_residual_price"": 0.0, ""crossed_book_residual_bonds"": 0.0}]",[],null,null,"{""open_time"": ""10:24:24"", ""open_price"": 136.969, ""open_quantity_bonds"": 860.0, ""close_time"": ""10:34:39"", ""close_price"": 136.589, ""close_quantity_bonds"": 860.0, ""matched_quantity_bonds"": 860.0, ""edge"": 0.38, ""gross_edge_cash"": 326.8}",economic_pair_cross_turn_600s_needs_path_review,unreviewed,unreviewed
2026-08-14_132026.SH_T034,2026-08-14,132026.SH,buy_then_sell,10:25:17,136.501,10:25:36,136.967,0.466,100,1000,buy,sell,maker_v01_priority,priority,maker_priority_v1_38_candidate,1000.0,2000.0,1000.0,1000.0,142528.44,142528.44,1000,1000,1000,1000,1000,1,1,"[{""order_id"": 379, ""kind"": ""low_bid_reversion"", ""limit_price"": 136.502, ""quantity_bonds"": 1000.0, ""filled_quantity_bonds"": 1000.0, ""created_market_time"": ""10:25:09"", ""updated_market_time"": ""10:25:18"", ""status"": ""filled"", ""cancel_reason"": null, ""initial_queue_ahead_bonds"": 0.0, ""final_queue_ahead_bonds"": 0.0, ""created_same_second_as_tape"": false}]",best_pair_both_legs_matched,"[{""order_id"": 379, ""strategy_id"": ""maker_v01_priority"", ""model_id"": ""maker_priority_v1_38_candidate"", ""market_time"": ""10:25:18"", ""side"": ""buy"", ""price"": 136.502, ""quantity_bonds"": 1000.0, ""fill_reason"": ""passive_buy"", ""inventory_after_bonds"": 2000.0, ""reference_tick_id"": 79250, ""crossed_book_residual_price"": 0.0, ""crossed_book_residual_bonds"": 0.0}]","[{""order_id"": 383, ""strategy_id"": ""maker_v01_priority"", ""model_id"": ""maker_priority_v1_38_candidate"", ""market_time"": ""10:25:39"", ""side"": ""sell"", ""price"": 136.966, ""quantity_bonds"": 1000.0, ""fill_reason"": ""passive_sell"", ""inventory_after_bonds"": 1000.0, ""reference_tick_id"": 79265, ""crossed_book_residual_price"": 0.0, ""crossed_book_residual_bonds"": 0.0}]","{""open_time"": ""10:25:18"", ""open_price"": 136.502, ""open_quantity_bonds"": 1000.0, ""close_time"": ""10:25:39"", ""close_price"": 136.966, ""close_quantity_bonds"": 1000.0, ""matched_quantity_bonds"": 1000.0, ""edge"": 0.464, ""gross_edge_cash"": 464.0}","{""open_time"": ""10:24:09"", ""open_price"": 136.202, ""open_quantity_bonds"": 1000.0, ""close_time"": ""10:25:39"", ""close_price"": 136.966, ""close_quantity_bonds"": 1000.0, ""matched_quantity_bonds"": 1000.0, ""edge"": 0.764, ""gross_edge_cash"": 764.0}","{""open_time"": ""10:24:09"", ""open_price"": 136.202, ""open_quantity_bonds"": 1000.0, ""close_time"": ""10:25:39"", ""close_price"": 136.966, ""close_quantity_bonds"": 1000.0, ""matched_quantity_bonds"": 1000.0, ""edge"": 0.764, ""gross_edge_cash"": 764.0}",exact_best_pair_capture,unreviewed,unreviewed
2026-08-14_132026.SH_T034,2026-08-14,132026.SH,buy_then_sell,10:25:17,136.501,10:25:36,136.967,0.466,100,1000,buy,sell,maker_v01_queue,queue,maker_queue_v1_0,1000.0,2000.0,1140.0,1140.0,118239.1,118239.1,860,860,860,860,1000,1,1,"[{""order_id"": 378, ""kind"": ""low_bid_reversion"", ""limit_price"": 136.501, ""quantity_bonds"": 860.0, ""filled_quantity_bonds"": 0.0, ""created_market_time"": ""10:24:48"", ""updated_market_time"": ""10:25:33"", ""status"": ""cancelled"", ""cancel_reason"": ""entry_context_changed"", ""initial_queue_ahead_bonds"": 1000.0, ""final_queue_ahead_bonds"": 0.0, ""created_same_second_as_tape"": false}]",not_exactly_matched_needs_causal_execution_audit,[],[],null,null,null,opening_capacity_partial,unreviewed,unreviewed
2026-08-14_132026.SH_T035,2026-08-14,132026.SH,sell_then_buy,10:25:36,136.967,10:26:48,136.843,0.124,200,1000,sell,buy,maker_v01_priority,priority,maker_priority_v1_38_candidate,1000.0,2000.0,2000.0,2000.0,6026.44,6026.44,2000,2000,2000,2000,1000,1,1,"[{""order_id"": 383, ""kind"": ""inventory_exit"", ""limit_price"": 136.966, ""quantity_bonds"": 1000.0, ""filled_quantity_bonds"": 1000.0, ""created_market_time"": ""10:25:18"", ""updated_market_time"": ""10:25:39"", ""status"": ""filled"", ""cancel_reason"": null, ""initial_queue_ahead_bonds"": 0.0, ""final_queue_ahead_bonds"": 0.0, ""created_same_second_as_tape"": false}]",best_pair_open_leg_matched_only,"[{""order_id"": 383, ""strategy_id"": ""maker_v01_priority"", ""model_id"": ""maker_priority_v1_38_candidate"", ""market_time"": ""10:25:39"", ""side"": ""sell"", ""price"": 136.966, ""quantity_bonds"": 1000.0, ""fill_reason"": ""passive_sell"", ""inventory_after_bonds"": 1000.0, ""reference_tick_id"": 79265, ""crossed_book_residual_price"": 0.0, ""crossed_book_residual_bonds"": 0.0}]",[],null,"{""open_time"": ""10:24:24"", ""open_price"": 136.968, ""open_quantity_bonds"": 1000.0, ""close_time"": ""10:27:45"", ""close_price"": 136.602, ""close_quantity_bonds"": 1000.0, ""matched_quantity_bonds"": 1000.0, ""edge"": 0.366, ""gross_edge_cash"": 366.0}","{""open_time"": ""10:18:06"", ""open_price"": 137.373, ""open_quantity_bonds"": 1000.0, ""close_time"": ""10:27:45"", ""close_price"": 136.602, ""close_quantity_bonds"": 1000.0, ""matched_quantity_bonds"": 1000.0, ""edge"": 0.771, ""gross_edge_cash"": 771.0}",economic_pair_nearby_needs_cross_turn_review,unreviewed,unreviewed
2026-08-14_132026.SH_T035,2026-08-14,132026.SH,sell_then_buy,10:25:36,136.967,10:26:48,136.843,0.124,200,1000,sell,buy,maker_v01_queue,queue,maker_queue_v1_0,1000.0,2000.0,1140.0,1140.0,118239.1,118239.1,1140,1140,1140,1140,1000,1,1,"[{""order_id"": 382, ""kind"": ""inventory_exit"", ""limit_price"": 136.967, ""quantity_bonds"": 140.0, ""filled_quantity_bonds"": 0.0, ""created_market_time"": ""10:25:12"", ""updated_market_time"": ""10:25:48"", ""status"": ""cancelled"", ""cancel_reason"": ""maker_reprice"", ""initial_queue_ahead_bonds"": 2000.0, ""final_queue_ahead_bonds"": 0.0, ""created_same_second_as_tape"": false}]",not_exactly_matched_needs_causal_execution_audit,[],[],null,null,"{""open_time"": ""10:24:24"", ""open_price"": 136.969, ""open_quantity_bonds"": 860.0, ""close_time"": ""10:34:39"", ""close_price"": 136.589, ""close_quantity_bonds"": 860.0, ""matched_quantity_bonds"": 860.0, ""edge"": 0.38, ""gross_edge_cash"": 326.8}",economic_pair_cross_turn_600s_needs_path_review,unreviewed,unreviewed
2026-08-14_132026.SH_T036,2026-08-14,132026.SH,buy_then_sell,10:26:48,136.843,10:26:52,136.844,0.001,100,1000,buy,sell,maker_v01_priority,priority,maker_priority_v1_38_candidate,1000.0,2000.0,1000.0,1000.0,142992.44,142992.44,1000,1000,1000,1000,1000,0,0,[],not_exactly_matched_needs_causal_execution_audit,[],[],null,null,"{""open_time"": ""10:24:09"", ""open_price"": 136.202, ""open_quantity_bonds"": 1000.0, ""close_time"": ""10:33:12"", ""close_price"": 136.964, ""close_quantity_bonds"": 1000.0, ""matched_quantity_bonds"": 1000.0, ""edge"": 0.762, ""gross_edge_cash"": 762.0}",economic_pair_cross_turn_600s_needs_path_review,unreviewed,unreviewed
2026-08-14_132026.SH_T036,2026-08-14,132026.SH,buy_then_sell,10:26:48,136.843,10:26:52,136.844,0.001,100,1000,buy,sell,maker_v01_queue,queue,maker_queue_v1_0,1000.0,2000.0,1140.0,1140.0,118239.1,118239.1,860,860,860,860,1000,0,0,[],not_exactly_matched_needs_causal_execution_audit,[],[],null,null,null,opening_capacity_partial,unreviewed,unreviewed
2026-08-14_132026.SH_T037,2026-08-14,132026.SH,sell_then_buy,10:26:52,136.844,10:27:03,136.601,0.243,100,1000,sell,buy,maker_v01_priority,priority,maker_priority_v1_38_candidate,1000.0,2000.0,1000.0,1000.0,142992.44,142992.44,1000,1000,1000,1000,1000,0,0,[],not_exactly_matched_needs_causal_execution_audit,[],[],null,"{""open_time"": ""10:25:39"", ""open_price"": 136.966, ""open_quantity_bonds"": 1000.0, ""close_time"": ""10:27:45"", ""close_price"": 136.602, ""close_quantity_bonds"": 1000.0, ""matched_quantity_bonds"": 1000.0, ""edge"": 0.364, ""gross_edge_cash"": 364.0}","{""open_time"": ""10:18:06"", ""open_price"": 137.373, ""open_quantity_bonds"": 1000.0, ""close_time"": ""10:27:45"", ""close_price"": 136.602, ""close_quantity_bonds"": 1000.0, ""matched_quantity_bonds"": 1000.0, ""edge"": 0.771, ""gross_edge_cash"": 771.0}",economic_pair_nearby_needs_cross_turn_review,unreviewed,unreviewed
2026-08-14_132026.SH_T037,2026-08-14,132026.SH,sell_then_buy,10:26:52,136.844,10:27:03,136.601,0.243,100,1000,sell,buy,maker_v01_queue,queue,maker_queue_v1_0,1000.0,2000.0,1140.0,1140.0,118239.1,118239.1,1140,1140,1140,1140,1000,1,1,"[{""order_id"": 394, ""kind"": ""inventory_exit"", ""limit_price"": 136.844, ""quantity_bonds"": 140.0, ""filled_quantity_bonds"": 0.0, ""created_market_time"": ""10:26:51"", ""updated_market_time"": ""10:26:54"", ""status"": ""cancelled"", ""cancel_reason"": ""maker_reprice"", ""initial_queue_ahead_bonds"": 1000.0, ""final_queue_ahead_bonds"": 0.0, ""created_same_second_as_tape"": false}]",not_exactly_matched_needs_causal_execution_audit,[],[],null,null,"{""open_time"": ""10:24:24"", ""open_price"": 136.969, ""open_quantity_bonds"": 860.0, ""close_time"": ""10:34:39"", ""close_price"": 136.589, ""close_quantity_bonds"": 860.0, ""matched_quantity_bonds"": 860.0, ""edge"": 0.38, ""gross_edge_cash"": 326.8}",economic_pair_cross_turn_600s_needs_path_review,unreviewed,unreviewed
2026-08-14_132026.SH_T038,2026-08-14,132026.SH,buy_then_sell,10:27:03,136.601,10:27:04,136.966,0.365,100,1000,buy,sell,maker_v01_priority,priority,maker_priority_v1_38_candidate,1000.0,2000.0,1000.0,1000.0,142992.44,142992.44,1000,1000,1000,1000,1000,0,0,[],not_exactly_matched_needs_causal_execution_audit,[],[],null,"{""open_time"": ""10:25:18"", ""open_price"": 136.502, ""open_quantity_bonds"": 1000.0, ""close_time"": ""10:29:24"", ""close_price"": 136.798, ""close_quantity_bonds"": 1000.0, ""matched_quantity_bonds"": 1000.0, ""edge"": 0.296, ""gross_edge_cash"": 296.0}","{""open_time"": ""10:24:09"", ""open_price"": 136.202, ""open_quantity_bonds"": 1000.0, ""close_time"": ""10:33:12"", ""close_price"": 136.964, ""close_quantity_bonds"": 1000.0, ""matched_quantity_bonds"": 1000.0, ""edge"": 0.762, ""gross_edge_cash"": 762.0}",economic_pair_nearby_needs_cross_turn_review,unreviewed,unreviewed
2026-08-14_132026.SH_T038,2026-08-14,132026.SH,buy_then_sell,10:27:03,136.601,10:27:04,136.966,0.365,100,1000,buy,sell,maker_v01_queue,queue,maker_queue_v1_0,1000.0,2000.0,1140.0,1140.0,118239.1,118239.1,860,860,860,860,1000,1,1,"[{""order_id"": 396, ""kind"": ""low_bid_reversion"", ""limit_price"": 136.601, ""quantity_bonds"": 860.0, ""filled_quantity_bonds"": 0.0, ""created_market_time"": ""10:26:57"", ""updated_market_time"": ""10:27:03"", ""status"": ""cancelled"", ""cancel_reason"": ""entry_context_changed"", ""initial_queue_ahead_bonds"": 2000.0, ""final_queue_ahead_bonds"": 1000.0, ""created_same_second_as_tape"": false}]",not_exactly_matched_needs_causal_execution_audit,[],[],null,null,null,opening_capacity_partial,unreviewed,unreviewed
2026-08-14_132026.SH_T039,2026-08-14,132026.SH,sell_then_buy,10:27:04,136.966,10:27:42,136.601,0.365,200,1000,sell,buy,maker_v01_priority,priority,maker_priority_v1_38_candidate,1000.0,2000.0,1000.0,1000.0,142992.44,142992.44,1000,1000,1000,1000,1000,0,0,[],best_pair_close_leg_matched_only,[],"[{""order_id"": 401, ""strategy_id"": ""maker_v01_priority"", ""model_id"": ""maker_priority_v1_38_candidate"", ""market_time"": ""10:27:45"", ""side"": ""buy"", ""price"": 136.602, ""quantity_bonds"": 1000.0, ""fill_reason"": ""passive_buy"", ""inventory_after_bonds"": 2000.0, ""reference_tick_id"": 79362, ""crossed_book_residual_price"": 0.0, ""crossed_book_residual_bonds"": 0.0}]",null,"{""open_time"": ""10:25:39"", ""open_price"": 136.966, ""open_quantity_bonds"": 1000.0, ""close_time"": ""10:27:45"", ""close_price"": 136.602, ""close_quantity_bonds"": 1000.0, ""matched_quantity_bonds"": 1000.0, ""edge"": 0.364, ""gross_edge_cash"": 364.0}","{""open_time"": ""10:18:06"", ""open_price"": 137.373, ""open_quantity_bonds"": 1000.0, ""close_time"": ""10:27:45"", ""close_price"": 136.602, ""close_quantity_bonds"": 1000.0, ""matched_quantity_bonds"": 1000.0, ""edge"": 0.771, ""gross_edge_cash"": 771.0}",economic_pair_nearby_needs_cross_turn_review,unreviewed,unreviewed
2026-08-14_132026.SH_T039,2026-08-14,132026.SH,sell_then_buy,10:27:04,136.966,10:27:42,136.601,0.365,200,1000,sell,buy,maker_v01_queue,queue,maker_queue_v1_0,1000.0,2000.0,1140.0,1140.0,118239.1,118239.1,1140,1140,1140,1140,1000,1,1,"[{""order_id"": 397, ""kind"": ""inventory_exit"", ""limit_price"": 136.966, ""quantity_bonds"": 140.0, ""filled_quantity_bonds"": 0.0, ""created_market_time"": ""10:27:00"", ""updated_market_time"": ""10:27:06"", ""status"": ""cancelled"", ""cancel_reason"": ""maker_reprice"", ""initial_queue_ahead_bonds"": 1000.0, ""final_queue_ahead_bonds"": 0.0, ""created_same_second_as_tape"": false}]",not_exactly_matched_needs_causal_execution_audit,[],[],null,null,"{""open_time"": ""10:24:24"", ""open_price"": 136.969, ""open_quantity_bonds"": 860.0, ""close_time"": ""10:34:39"", ""close_price"": 136.589, ""close_quantity_bonds"": 860.0, ""matched_quantity_bonds"": 860.0, ""edge"": 0.38, ""gross_edge_cash"": 326.8}",economic_pair_cross_turn_600s_needs_path_review,unreviewed,unreviewed
2026-08-14_132026.SH_T040,2026-08-14,132026.SH,buy_then_sell,10:27:42,136.601,10:29:22,136.799,0.198,100,1000,buy,sell,maker_v01_priority,priority,maker_priority_v1_38_candidate,1000.0,2000.0,1000.0,1000.0,142992.44,142992.44,1000,1000,1000,1000,1000,1,1,"[{""order_id"": 401, ""kind"": ""low_bid_reversion"", ""limit_price"": 136.602, ""quantity_bonds"": 1000.0, ""filled_quantity_bonds"": 1000.0, ""created_market_time"": ""10:27:24"", ""updated_market_time"": ""10:27:45"", ""status"": ""filled"", ""cancel_reason"": null, ""initial_queue_ahead_bonds"": 0.0, ""final_queue_ahead_bonds"": 0.0, ""created_same_second_as_tape"": false}]",best_pair_both_legs_matched,"[{""order_id"": 401, ""strategy_id"": ""maker_v01_priority"", ""model_id"": ""maker_priority_v1_38_candidate"", ""market_time"": ""10:27:45"", ""side"": ""buy"", ""price"": 136.602, ""quantity_bonds"": 1000.0, ""fill_reason"": ""passive_buy"", ""inventory_after_bonds"": 2000.0, ""reference_tick_id"": 79362, ""crossed_book_residual_price"": 0.0, ""crossed_book_residual_bonds"": 0.0}]","[{""order_id"": 426, ""strategy_id"": ""maker_v01_priority"", ""model_id"": ""maker_priority_v1_38_candidate"", ""market_time"": ""10:29:24"", ""side"": ""sell"", ""price"": 136.798, ""quantity_bonds"": 1000.0, ""fill_reason"": ""passive_sell"", ""inventory_after_bonds"": 1000.0, ""reference_tick_id"": 79447, ""crossed_book_residual_price"": 0.0, ""crossed_book_residual_bonds"": 0.0}]",null,"{""open_time"": ""10:27:45"", ""open_price"": 136.602, ""open_quantity_bonds"": 1000.0, ""close_time"": ""10:29:24"", ""close_price"": 136.798, ""close_quantity_bonds"": 1000.0, ""matched_quantity_bonds"": 1000.0, ""edge"": 0.196, ""gross_edge_cash"": 196.0}","{""open_time"": ""10:24:09"", ""open_price"": 136.202, ""open_quantity_bonds"": 1000.0, ""close_time"": ""10:33:12"", ""close_price"": 136.964, ""close_quantity_bonds"": 1000.0, ""matched_quantity_bonds"": 1000.0, ""edge"": 0.762, ""gross_edge_cash"": 762.0}",exact_best_pair_capture,unreviewed,unreviewed
2026-08-14_132026.SH_T040,2026-08-14,132026.SH,buy_then_sell,10:27:42,136.601,10:29:22,136.799,0.198,100,1000,buy,sell,maker_v01_queue,queue,maker_queue_v1_0,1000.0,2000.0,1140.0,1140.0,118239.1,118239.1,860,860,860,860,1000,1,1,"[{""order_id"": 399, ""kind"": ""low_bid_reversion"", ""limit_price"": 136.601, ""quantity_bonds"": 860.0, ""filled_quantity_bonds"": 0.0, ""created_market_time"": ""10:27:09"", ""updated_market_time"": ""10:27:45"", ""status"": ""cancelled"", ""cancel_reason"": ""entry_context_changed"", ""initial_queue_ahead_bonds"": 2000.0, ""final_queue_ahead_bonds"": 1000.0, ""created_same_second_as_tape"": false}]",not_exactly_matched_needs_causal_execution_audit,[],[],null,null,null,opening_capacity_partial,unreviewed,unreviewed
2026-08-14_132026.SH_T041,2026-08-14,132026.SH,sell_then_buy,10:29:22,136.799,10:30:03,136.659,0.14,100,1000,sell,buy,maker_v01_priority,priority,maker_priority_v1_38_candidate,1000.0,2000.0,2000.0,2000.0,6390.44,6390.44,2000,2000,2000,2000,1000,1,1,"[{""order_id"": 426, ""kind"": ""inventory_exit"", ""limit_price"": 136.798, ""quantity_bonds"": 1000.0, ""filled_quantity_bonds"": 1000.0, ""created_market_time"": ""10:29:00"", ""updated_market_time"": ""10:29:24"", ""status"": ""filled"", ""cancel_reason"": null, ""initial_queue_ahead_bonds"": 0.0, ""final_queue_ahead_bonds"": 0.0, ""created_same_second_as_tape"": false}]",best_pair_open_leg_matched_only,"[{""order_id"": 426, ""strategy_id"": ""maker_v01_priority"", ""model_id"": ""maker_priority_v1_38_candidate"", ""market_time"": ""10:29:24"", ""side"": ""sell"", ""price"": 136.798, ""quantity_bonds"": 1000.0, ""fill_reason"": ""passive_sell"", ""inventory_after_bonds"": 1000.0, ""reference_tick_id"": 79447, ""crossed_book_residual_price"": 0.0, ""crossed_book_residual_bonds"": 0.0}]",[],null,"{""open_time"": ""10:29:24"", ""open_price"": 136.798, ""open_quantity_bonds"": 1000.0, ""close_time"": ""10:31:00"", ""close_price"": 136.695, ""close_quantity_bonds"": 1000.0, ""matched_quantity_bonds"": 1000.0, ""edge"": 0.103, ""gross_edge_cash"": 103.0}","{""open_time"": ""10:21:09"", ""open_price"": 137.196, ""open_quantity_bonds"": 1000.0, ""close_time"": ""10:31:00"", ""close_price"": 136.695, ""close_quantity_bonds"": 1000.0, ""matched_quantity_bonds"": 1000.0, ""edge"": 0.501, ""gross_edge_cash"": 501.0}",economic_pair_nearby_needs_cross_turn_review,unreviewed,unreviewed
2026-08-14_132026.SH_T041,2026-08-14,132026.SH,sell_then_buy,10:29:22,136.799,10:30:03,136.659,0.14,100,1000,sell,buy,maker_v01_queue,queue,maker_queue_v1_0,1000.0,2000.0,1140.0,1140.0,118239.1,118239.1,1140,1140,1140,1140,1000,0,0,[],not_exactly_matched_needs_causal_execution_audit,[],[],null,null,"{""open_time"": ""10:24:24"", ""open_price"": 136.969, ""open_quantity_bonds"": 860.0, ""close_time"": ""10:34:39"", ""close_price"": 136.589, ""close_quantity_bonds"": 860.0, ""matched_quantity_bonds"": 860.0, ""edge"": 0.38, ""gross_edge_cash"": 326.8}",economic_pair_cross_turn_600s_needs_path_review,unreviewed,unreviewed
2026-08-14_132026.SH_T042,2026-08-14,132026.SH,buy_then_sell,10:30:03,136.659,10:30:31,136.8,0.141,100,1000,buy,sell,maker_v01_priority,priority,maker_priority_v1_38_candidate,1000.0,2000.0,1000.0,1000.0,143188.44,143188.44,1000,1000,1000,1000,1000,0,0,[],not_exactly_matched_needs_causal_execution_audit,[],[],null,null,"{""open_time"": ""10:24:09"", ""open_price"": 136.202, ""open_quantity_bonds"": 1000.0, ""close_time"": ""10:33:12"", ""close_price"": 136.964, ""close_quantity_bonds"": 1000.0, ""matched_quantity_bonds"": 1000.0, ""edge"": 0.762, ""gross_edge_cash"": 762.0}",economic_pair_cross_turn_600s_needs_path_review,unreviewed,unreviewed
2026-08-14_132026.SH_T042,2026-08-14,132026.SH,buy_then_sell,10:30:03,136.659,10:30:31,136.8,0.141,100,1000,buy,sell,maker_v01_queue,queue,maker_queue_v1_0,1000.0,2000.0,1140.0,1140.0,118239.1,118239.1,860,860,860,860,1000,0,0,[],not_exactly_matched_needs_causal_execution_audit,[],[],null,null,null,opening_capacity_partial,unreviewed,unreviewed
2026-08-14_132026.SH_T043,2026-08-14,132026.SH,sell_then_buy,10:30:31,136.8,10:30:57,136.694,0.106,100,1000,sell,buy,maker_v01_priority,priority,maker_priority_v1_38_candidate,1000.0,2000.0,1000.0,1000.0,143188.44,143188.44,1000,1000,1000,1000,1000,0,0,[],best_pair_close_leg_matched_only,[],"[{""order_id"": 449, ""strategy_id"": ""maker_v01_priority"", ""model_id"": ""maker_priority_v1_38_candidate"", ""market_time"": ""10:31:00"", ""side"": ""buy"", ""price"": 136.695, ""quantity_bonds"": 1000.0, ""fill_reason"": ""passive_buy"", ""inventory_after_bonds"": 2000.0, ""reference_tick_id"": 79523, ""crossed_book_residual_price"": 0.0, ""crossed_book_residual_bonds"": 0.0}]",null,"{""open_time"": ""10:29:24"", ""open_price"": 136.798, ""open_quantity_bonds"": 1000.0, ""close_time"": ""10:31:00"", ""close_price"": 136.695, ""close_quantity_bonds"": 1000.0, ""matched_quantity_bonds"": 1000.0, ""edge"": 0.103, ""gross_edge_cash"": 103.0}","{""open_time"": ""10:21:09"", ""open_price"": 137.196, ""open_quantity_bonds"": 1000.0, ""close_time"": ""10:31:00"", ""close_price"": 136.695, ""close_quantity_bonds"": 1000.0, ""matched_quantity_bonds"": 1000.0, ""edge"": 0.501, ""gross_edge_cash"": 501.0}",economic_pair_nearby_needs_cross_turn_review,unreviewed,unreviewed
2026-08-14_132026.SH_T043,2026-08-14,132026.SH,sell_then_buy,10:30:31,136.8,10:30:57,136.694,0.106,100,1000,sell,buy,maker_v01_queue,queue,maker_queue_v1_0,1000.0,2000.0,1140.0,1140.0,118239.1,118239.1,1140,1140,1140,1140,1000,0,0,[],not_exactly_matched_needs_causal_execution_audit,[],[],null,null,"{""open_time"": ""10:24:24"", ""open_price"": 136.969, ""open_quantity_bonds"": 860.0, ""close_time"": ""10:34:39"", ""close_price"": 136.589, ""close_quantity_bonds"": 860.0, ""matched_quantity_bonds"": 860.0, ""edge"": 0.38, ""gross_edge_cash"": 326.8}",economic_pair_cross_turn_600s_needs_path_review,unreviewed,unreviewed
2026-08-14_132026.SH_T044,2026-08-14,132026.SH,buy_then_sell,10:30:57,136.694,10:33:12,136.965,0.271,100,1000,buy,sell,maker_v01_priority,priority,maker_priority_v1_38_candidate,1000.0,2000.0,1000.0,1000.0,143188.44,143188.44,1000,1000,1000,1000,1000,2,1,"[{""order_id"": 447, ""kind"": ""low_bid_reversion"", ""limit_price"": 136.694, ""quantity_bonds"": 1000.0, ""filled_quantity_bonds"": 0.0, ""created_market_time"": ""10:30:54"", ""updated_market_time"": ""10:30:57"", ""status"": ""cancelled"", ""cancel_reason"": ""maker_reprice"", ""initial_queue_ahead_bonds"": 0.0, ""final_queue_ahead_bonds"": 0.0, ""created_same_second_as_tape"": false}, {""order_id"": 449, ""kind"": ""low_bid_reversion"", ""limit_price"": 136.695, ""quantity_bonds"": 1000.0, ""filled_quantity_bonds"": 1000.0, ""created_market_time"": ""10:30:57"", ""updated_market_time"": ""10:31:00"", ""status"": ""filled"", ""cancel_reason"": null, ""initial_queue_ahead_bonds"": 0.0, ""final_queue_ahead_bonds"": 0.0, ""created_same_second_as_tape"": true}]",best_pair_both_legs_matched,"[{""order_id"": 449, ""strategy_id"": ""maker_v01_priority"", ""model_id"": ""maker_priority_v1_38_candidate"", ""market_time"": ""10:31:00"", ""side"": ""buy"", ""price"": 136.695, ""quantity_bonds"": 1000.0, ""fill_reason"": ""passive_buy"", ""inventory_after_bonds"": 2000.0, ""reference_tick_id"": 79523, ""crossed_book_residual_price"": 0.0, ""crossed_book_residual_bonds"": 0.0}]","[{""order_id"": 456, ""strategy_id"": ""maker_v01_priority"", ""model_id"": ""maker_priority_v1_38_candidate"", ""market_time"": ""10:33:12"", ""side"": ""sell"", ""price"": 136.964, ""quantity_bonds"": 1000.0, ""fill_reason"": ""passive_sell"", ""inventory_after_bonds"": 1000.0, ""reference_tick_id"": 79627, ""crossed_book_residual_price"": 0.0, ""crossed_book_residual_bonds"": 0.0}]","{""open_time"": ""10:31:00"", ""open_price"": 136.695, ""open_quantity_bonds"": 1000.0, ""close_time"": ""10:33:12"", ""close_price"": 136.964, ""close_quantity_bonds"": 1000.0, ""matched_quantity_bonds"": 1000.0, ""edge"": 0.269, ""gross_edge_cash"": 269.0}","{""open_time"": ""10:31:00"", ""open_price"": 136.695, ""open_quantity_bonds"": 1000.0, ""close_time"": ""10:33:12"", ""close_price"": 136.964, ""close_quantity_bonds"": 1000.0, ""matched_quantity_bonds"": 1000.0, ""edge"": 0.269, ""gross_edge_cash"": 269.0}","{""open_time"": ""10:24:09"", ""open_price"": 136.202, ""open_quantity_bonds"": 1000.0, ""close_time"": ""10:33:12"", ""close_price"": 136.964, ""close_quantity_bonds"": 1000.0, ""matched_quantity_bonds"": 1000.0, ""edge"": 0.762, ""gross_edge_cash"": 762.0}",exact_best_pair_capture,unreviewed,unreviewed
2026-08-14_132026.SH_T044,2026-08-14,132026.SH,buy_then_sell,10:30:57,136.694,10:33:12,136.965,0.271,100,1000,buy,sell,maker_v01_queue,queue,maker_queue_v1_0,1000.0,2000.0,1140.0,1140.0,118239.1,118239.1,860,860,860,860,1000,1,0,"[{""order_id"": 450, ""kind"": ""low_bid_reversion"", ""limit_price"": 136.694, ""quantity_bonds"": 860.0, ""filled_quantity_bonds"": 0.0, ""created_market_time"": ""10:30:57"", ""updated_market_time"": ""10:31:03"", ""status"": ""cancelled"", ""cancel_reason"": ""maker_reprice"", ""initial_queue_ahead_bonds"": 3000.0, ""final_queue_ahead_bonds"": 2000.0, ""created_same_second_as_tape"": true}]",not_exactly_matched_needs_causal_execution_audit,[],[],null,null,null,opening_capacity_partial,unreviewed,unreviewed
2026-08-14_132026.SH_T045,2026-08-14,132026.SH,sell_then_buy,10:33:12,136.965,10:34:48,136.548,0.417,100,1000,sell,buy,maker_v01_priority,priority,maker_priority_v1_38_candidate,1000.0,2000.0,2000.0,1000.0,6493.44,143457.44,2000,1000,1000,2000,1000,1,1,"[{""order_id"": 456, ""kind"": ""inventory_exit"", ""limit_price"": 136.964, ""quantity_bonds"": 1000.0, ""filled_quantity_bonds"": 1000.0, ""created_market_time"": ""10:32:21"", ""updated_market_time"": ""10:33:12"", ""status"": ""filled"", ""cancel_reason"": null, ""initial_queue_ahead_bonds"": 0.0, ""final_queue_ahead_bonds"": 0.0, ""created_same_second_as_tape"": false}]",best_pair_open_leg_matched_only,"[{""order_id"": 456, ""strategy_id"": ""maker_v01_priority"", ""model_id"": ""maker_priority_v1_38_candidate"", ""market_time"": ""10:33:12"", ""side"": ""sell"", ""price"": 136.964, ""quantity_bonds"": 1000.0, ""fill_reason"": ""passive_sell"", ""inventory_after_bonds"": 1000.0, ""reference_tick_id"": 79627, ""crossed_book_residual_price"": 0.0, ""crossed_book_residual_bonds"": 0.0}]",[],null,null,null,preexisting_reaching_order_needs_execution_audit,unreviewed,unreviewed
2026-08-14_132026.SH_T045,2026-08-14,132026.SH,sell_then_buy,10:33:12,136.965,10:34:48,136.548,0.417,100,1000,sell,buy,maker_v01_queue,queue,maker_queue_v1_0,1000.0,2000.0,1140.0,1140.0,118239.1,118239.1,1140,1140,1140,1140,1000,1,1,"[{""order_id"": 458, ""kind"": ""inventory_exit"", ""limit_price"": 136.965, ""quantity_bonds"": 140.0, ""filled_quantity_bonds"": 0.0, ""created_market_time"": ""10:32:21"", ""updated_market_time"": ""10:33:15"", ""status"": ""cancelled"", ""cancel_reason"": ""maker_reprice"", ""initial_queue_ahead_bonds"": 2000.0, ""final_queue_ahead_bonds"": 1000.0, ""created_same_second_as_tape"": false}]",not_exactly_matched_needs_causal_execution_audit,[],[],null,null,"{""open_time"": ""10:24:24"", ""open_price"": 136.969, ""open_quantity_bonds"": 860.0, ""close_time"": ""10:34:39"", ""close_price"": 136.589, ""close_quantity_bonds"": 860.0, ""matched_quantity_bonds"": 860.0, ""edge"": 0.38, ""gross_edge_cash"": 326.8}",economic_pair_cross_turn_600s_needs_path_review,unreviewed,unreviewed
2026-08-14_132026.SH_T046,2026-08-14,132026.SH,buy_then_sell,10:34:48,136.548,10:38:51,136.885,0.337,138,1000,buy,sell,maker_v01_priority,priority,maker_priority_v1_38_candidate,1000.0,2000.0,1000.0,1000.0,143457.44,143457.44,1000,1000,1000,1000,1000,0,0,[],not_exactly_matched_needs_causal_execution_audit,[],[],null,null,null,causal_mode_in_review_required,unreviewed,unreviewed
2026-08-14_132026.SH_T046,2026-08-14,132026.SH,buy_then_sell,10:34:48,136.548,10:38:51,136.885,0.337,138,1000,buy,sell,maker_v01_queue,queue,maker_queue_v1_0,1000.0,2000.0,2000.0,2000.0,772.56,772.56,0,0,0,0,1000,0,0,[],not_exactly_matched_needs_causal_execution_audit,[],[],null,null,null,opening_inventory_or_cash_capacity_blocked,unreviewed,unreviewed
2026-08-14_132026.SH_T047,2026-08-14,132026.SH,sell_then_buy,10:38:51,136.885,10:40:57,136.669,0.216,100,1000,sell,buy,maker_v01_priority,priority,maker_priority_v1_38_candidate,1000.0,2000.0,1000.0,1000.0,143457.44,143457.44,1000,1000,1000,1000,1000,0,0,[],not_exactly_matched_needs_causal_execution_audit,[],[],null,null,null,causal_mode_in_review_required,unreviewed,unreviewed
2026-08-14_132026.SH_T047,2026-08-14,132026.SH,sell_then_buy,10:38:51,136.885,10:40:57,136.669,0.216,100,1000,sell,buy,maker_v01_queue,queue,maker_queue_v1_0,1000.0,2000.0,2000.0,2000.0,772.56,772.56,2000,2000,2000,2000,1000,2,2,"[{""order_id"": 490, ""kind"": ""inventory_exit"", ""limit_price"": 136.885, ""quantity_bonds"": 140.0, ""filled_quantity_bonds"": 0.0, ""created_market_time"": ""10:36:42"", ""updated_market_time"": ""10:39:33"", ""status"": ""cancelled"", ""cancel_reason"": ""maker_reprice"", ""initial_queue_ahead_bonds"": 2000.0, ""final_queue_ahead_bonds"": 1000.0, ""created_same_second_as_tape"": false}, {""order_id"": 491, ""kind"": ""inventory_exit"", ""limit_price"": 136.885, ""quantity_bonds"": 860.0, ""filled_quantity_bonds"": 0.0, ""created_market_time"": ""10:36:42"", ""updated_market_time"": ""10:39:33"", ""status"": ""cancelled"", ""cancel_reason"": ""maker_reprice"", ""initial_queue_ahead_bonds"": 2000.0, ""final_queue_ahead_bonds"": 2000.0, ""created_same_second_as_tape"": false}]",not_exactly_matched_needs_causal_execution_audit,[],[],null,null,null,preexisting_reaching_order_needs_execution_audit,unreviewed,unreviewed
2026-08-14_132026.SH_T048,2026-08-14,132026.SH,sell_then_buy,10:44:35,136.459,10:45:15,136.351,0.108,100,1000,sell,buy,maker_v01_priority,priority,maker_priority_v1_38_candidate,1000.0,2000.0,1000.0,1000.0,143457.44,143457.44,1000,1000,1000,1000,1000,0,0,[],not_exactly_matched_needs_causal_execution_audit,[],[],null,null,null,causal_mode_in_review_required,unreviewed,unreviewed
2026-08-14_132026.SH_T048,2026-08-14,132026.SH,sell_then_buy,10:44:35,136.459,10:45:15,136.351,0.108,100,1000,sell,buy,maker_v01_queue,queue,maker_queue_v1_0,1000.0,2000.0,2000.0,2000.0,772.56,772.56,2000,2000,2000,2000,1000,0,0,[],not_exactly_matched_needs_causal_execution_audit,[],[],null,null,null,causal_mode_in_review_required,unreviewed,unreviewed
2026-08-14_132026.SH_T049,2026-08-14,132026.SH,buy_then_sell,10:45:15,136.351,10:47:21,136.745,0.394,100,1000,buy,sell,maker_v01_priority,priority,maker_priority_v1_38_candidate,1000.0,2000.0,1000.0,1000.0,143457.44,143457.44,1000,1000,1000,1000,1000,0,0,[],not_exactly_matched_needs_causal_execution_audit,[],[],null,null,null,causal_mode_in_review_required,unreviewed,unreviewed
2026-08-14_132026.SH_T049,2026-08-14,132026.SH,buy_then_sell,10:45:15,136.351,10:47:21,136.745,0.394,100,1000,buy,sell,maker_v01_queue,queue,maker_queue_v1_0,1000.0,2000.0,2000.0,2000.0,772.56,772.56,0,0,0,0,1000,0,0,[],not_exactly_matched_needs_causal_execution_audit,[],[],null,null,null,opening_inventory_or_cash_capacity_blocked,unreviewed,unreviewed
2026-08-14_132026.SH_T050,2026-08-14,132026.SH,sell_then_buy,10:47:21,136.745,10:48:08,136.4,0.345,100,1000,sell,buy,maker_v01_priority,priority,maker_priority_v1_38_candidate,1000.0,2000.0,1000.0,1000.0,143457.44,143457.44,1000,1000,1000,1000,1000,0,0,[],not_exactly_matched_needs_causal_execution_audit,[],[],null,null,null,causal_mode_in_review_required,unreviewed,unreviewed
2026-08-14_132026.SH_T050,2026-08-14,132026.SH,sell_then_buy,10:47:21,136.745,10:48:08,136.4,0.345,100,1000,sell,buy,maker_v01_queue,queue,maker_queue_v1_0,1000.0,2000.0,2000.0,2000.0,772.56,772.56,2000,2000,2000,2000,1000,0,0,[],not_exactly_matched_needs_causal_execution_audit,[],[],null,null,null,causal_mode_in_review_required,unreviewed,unreviewed
2026-08-14_132026.SH_T051,2026-08-14,132026.SH,buy_then_sell,10:48:08,136.4,10:49:37,136.596,0.196,500,1000,buy,sell,maker_v01_priority,priority,maker_priority_v1_38_candidate,1000.0,2000.0,1000.0,1000.0,143457.44,143457.44,1000,1000,1000,1000,1000,0,0,[],not_exactly_matched_needs_causal_execution_audit,[],[],null,null,null,causal_mode_in_review_required,unreviewed,unreviewed
2026-08-14_132026.SH_T051,2026-08-14,132026.SH,buy_then_sell,10:48:08,136.4,10:49:37,136.596,0.196,500,1000,buy,sell,maker_v01_queue,queue,maker_queue_v1_0,1000.0,2000.0,2000.0,2000.0,772.56,772.56,0,0,0,0,1000,0,0,[],not_exactly_matched_needs_causal_execution_audit,[],[],null,null,null,opening_inventory_or_cash_capacity_blocked,unreviewed,unreviewed
2026-08-14_132026.SH_T052,2026-08-14,132026.SH,buy_then_sell,10:52:34,136.701,10:53:59,136.741,0.04,100,1000,buy,sell,maker_v01_priority,priority,maker_priority_v1_38_candidate,1000.0,2000.0,1000.0,1000.0,143457.44,143457.44,1000,1000,1000,1000,1000,0,0,[],not_exactly_matched_needs_causal_execution_audit,[],[],null,null,null,causal_mode_in_review_required,unreviewed,unreviewed
2026-08-14_132026.SH_T052,2026-08-14,132026.SH,buy_then_sell,10:52:34,136.701,10:53:59,136.741,0.04,100,1000,buy,sell,maker_v01_queue,queue,maker_queue_v1_0,1000.0,2000.0,2000.0,2000.0,772.56,772.56,0,0,0,0,1000,0,0,[],not_exactly_matched_needs_causal_execution_audit,[],[],null,null,null,opening_inventory_or_cash_capacity_blocked,unreviewed,unreviewed
2026-08-14_132026.SH_T053,2026-08-14,132026.SH,sell_then_buy,10:53:59,136.741,10:55:38,136.624,0.117,200,1000,sell,buy,maker_v01_priority,priority,maker_priority_v1_38_candidate,1000.0,2000.0,1000.0,1000.0,143457.44,143457.44,1000,1000,1000,1000,1000,0,0,[],not_exactly_matched_needs_causal_execution_audit,[],[],null,null,null,causal_mode_in_review_required,unreviewed,unreviewed
2026-08-14_132026.SH_T053,2026-08-14,132026.SH,sell_then_buy,10:53:59,136.741,10:55:38,136.624,0.117,200,1000,sell,buy,maker_v01_queue,queue,maker_queue_v1_0,1000.0,2000.0,2000.0,2000.0,772.56,772.56,2000,2000,2000,2000,1000,0,0,[],not_exactly_matched_needs_causal_execution_audit,[],[],null,null,null,causal_mode_in_review_required,unreviewed,unreviewed
2026-08-14_132026.SH_T054,2026-08-14,132026.SH,buy_then_sell,10:55:38,136.624,10:55:57,136.746,0.122,238,1000,buy,sell,maker_v01_priority,priority,maker_priority_v1_38_candidate,1000.0,2000.0,1000.0,1000.0,143457.44,143457.44,1000,1000,1000,1000,1000,0,0,[],not_exactly_matched_needs_causal_execution_audit,[],[],null,null,null,causal_mode_in_review_required,unreviewed,unreviewed
2026-08-14_132026.SH_T054,2026-08-14,132026.SH,buy_then_sell,10:55:38,136.624,10:55:57,136.746,0.122,238,1000,buy,sell,maker_v01_queue,queue,maker_queue_v1_0,1000.0,2000.0,2000.0,2000.0,772.56,772.56,0,0,0,0,1000,0,0,[],not_exactly_matched_needs_causal_execution_audit,[],[],null,null,null,opening_inventory_or_cash_capacity_blocked,unreviewed,unreviewed
2026-08-14_132026.SH_T055,2026-08-14,132026.SH,sell_then_buy,10:55:57,136.746,10:56:34,136.685,0.061,200,1000,sell,buy,maker_v01_priority,priority,maker_priority_v1_38_candidate,1000.0,2000.0,1000.0,1000.0,143457.44,143457.44,1000,1000,1000,1000,1000,0,0,[],best_pair_close_leg_matched_only,[],"[{""order_id"": 521, ""strategy_id"": ""maker_v01_priority"", ""model_id"": ""maker_priority_v1_38_candidate"", ""market_time"": ""10:56:36"", ""side"": ""buy"", ""price"": 136.686, ""quantity_bonds"": 1000.0, ""fill_reason"": ""passive_buy"", ""inventory_after_bonds"": 2000.0, ""reference_tick_id"": 80655, ""crossed_book_residual_price"": 0.0, ""crossed_book_residual_bonds"": 0.0}]",null,null,null,causal_mode_in_review_required,unreviewed,unreviewed
2026-08-14_132026.SH_T055,2026-08-14,132026.SH,sell_then_buy,10:55:57,136.746,10:56:34,136.685,0.061,200,1000,sell,buy,maker_v01_queue,queue,maker_queue_v1_0,1000.0,2000.0,2000.0,2000.0,772.56,772.56,2000,2000,2000,2000,1000,0,0,[],not_exactly_matched_needs_causal_execution_audit,[],[],null,null,null,causal_mode_in_review_required,unreviewed,unreviewed
2026-08-14_132026.SH_T056,2026-08-14,132026.SH,buy_then_sell,10:56:34,136.685,10:59:46,136.988,0.303,100,1000,buy,sell,maker_v01_priority,priority,maker_priority_v1_38_candidate,1000.0,2000.0,1000.0,1000.0,143457.44,143457.44,1000,1000,1000,1000,1000,1,1,"[{""order_id"": 521, ""kind"": ""low_bid_reversion"", ""limit_price"": 136.686, ""quantity_bonds"": 1000.0, ""filled_quantity_bonds"": 1000.0, ""created_market_time"": ""10:56:03"", ""updated_market_time"": ""10:56:36"", ""status"": ""filled"", ""cancel_reason"": null, ""initial_queue_ahead_bonds"": 0.0, ""final_queue_ahead_bonds"": 0.0, ""created_same_second_as_tape"": false}]",best_pair_open_leg_matched_only,"[{""order_id"": 521, ""strategy_id"": ""maker_v01_priority"", ""model_id"": ""maker_priority_v1_38_candidate"", ""market_time"": ""10:56:36"", ""side"": ""buy"", ""price"": 136.686, ""quantity_bonds"": 1000.0, ""fill_reason"": ""passive_buy"", ""inventory_after_bonds"": 2000.0, ""reference_tick_id"": 80655, ""crossed_book_residual_price"": 0.0, ""crossed_book_residual_bonds"": 0.0}]",[],null,"{""open_time"": ""10:56:36"", ""open_price"": 136.686, ""open_quantity_bonds"": 1000.0, ""close_time"": ""11:00:06"", ""close_price"": 136.987, ""close_quantity_bonds"": 1000.0, ""matched_quantity_bonds"": 1000.0, ""edge"": 0.301, ""gross_edge_cash"": 301.0}","{""open_time"": ""10:56:36"", ""open_price"": 136.686, ""open_quantity_bonds"": 1000.0, ""close_time"": ""11:00:06"", ""close_price"": 136.987, ""close_quantity_bonds"": 1000.0, ""matched_quantity_bonds"": 1000.0, ""edge"": 0.301, ""gross_edge_cash"": 301.0}",economic_pair_nearby_needs_cross_turn_review,unreviewed,unreviewed
2026-08-14_132026.SH_T056,2026-08-14,132026.SH,buy_then_sell,10:56:34,136.685,10:59:46,136.988,0.303,100,1000,buy,sell,maker_v01_queue,queue,maker_queue_v1_0,1000.0,2000.0,2000.0,2000.0,772.56,772.56,0,0,0,0,1000,0,0,[],not_exactly_matched_needs_causal_execution_audit,[],[],null,null,null,opening_inventory_or_cash_capacity_blocked,unreviewed,unreviewed
2026-08-14_132026.SH_T057,2026-08-14,132026.SH,sell_then_buy,10:59:46,136.988,10:59:47,136.761,0.227,100,1000,sell,buy,maker_v01_priority,priority,maker_priority_v1_38_candidate,1000.0,2000.0,2000.0,2000.0,6771.44,6771.44,2000,2000,2000,2000,1000,1,1,"[{""order_id"": 554, ""kind"": ""inventory_exit"", ""limit_price"": 136.987, ""quantity_bonds"": 1000.0, ""filled_quantity_bonds"": 0.0, ""created_market_time"": ""10:59:45"", ""updated_market_time"": ""10:59:48"", ""status"": ""cancelled"", ""cancel_reason"": ""maker_reprice"", ""initial_queue_ahead_bonds"": 0.0, ""final_queue_ahead_bonds"": 0.0, ""created_same_second_as_tape"": false}]",not_exactly_matched_needs_causal_execution_audit,[],[],null,null,null,preexisting_reaching_order_needs_execution_audit,unreviewed,unreviewed
2026-08-14_132026.SH_T057,2026-08-14,132026.SH,sell_then_buy,10:59:46,136.988,10:59:47,136.761,0.227,100,1000,sell,buy,maker_v01_queue,queue,maker_queue_v1_0,1000.0,2000.0,2000.0,2000.0,772.56,772.56,2000,2000,2000,2000,1000,2,2,"[{""order_id"": 555, ""kind"": ""inventory_exit"", ""limit_price"": 136.988, ""quantity_bonds"": 140.0, ""filled_quantity_bonds"": 0.0, ""created_market_time"": ""10:59:45"", ""updated_market_time"": ""10:59:48"", ""status"": ""cancelled"", ""cancel_reason"": ""maker_reprice"", ""initial_queue_ahead_bonds"": 1000.0, ""final_queue_ahead_bonds"": 1000.0, ""created_same_second_as_tape"": false}, {""order_id"": 556, ""kind"": ""inventory_exit"", ""limit_price"": 136.988, ""quantity_bonds"": 860.0, ""filled_quantity_bonds"": 0.0, ""created_market_time"": ""10:59:45"", ""updated_market_time"": ""10:59:48"", ""status"": ""cancelled"", ""cancel_reason"": ""maker_reprice"", ""initial_queue_ahead_bonds"": 1000.0, ""final_queue_ahead_bonds"": 1000.0, ""created_same_second_as_tape"": false}]",not_exactly_matched_needs_causal_execution_audit,[],[],null,null,null,preexisting_reaching_order_needs_execution_audit,unreviewed,unreviewed
2026-08-14_132026.SH_T058,2026-08-14,132026.SH,buy_then_sell,10:59:47,136.761,11:00:03,136.989,0.228,100,1000,buy,sell,maker_v01_priority,priority,maker_priority_v1_38_candidate,1000.0,2000.0,2000.0,2000.0,6771.44,6771.44,0,0,0,0,1000,0,0,[],best_pair_close_leg_matched_only,[],"[{""order_id"": 560, ""strategy_id"": ""maker_v01_priority"", ""model_id"": ""maker_priority_v1_38_candidate"", ""market_time"": ""11:00:06"", ""side"": ""sell"", ""price"": 136.987, ""quantity_bonds"": 1000.0, ""fill_reason"": ""passive_sell"", ""inventory_after_bonds"": 1000.0, ""reference_tick_id"": 80781, ""crossed_book_residual_price"": 0.0, ""crossed_book_residual_bonds"": 0.0}]",null,null,"{""open_time"": ""10:56:36"", ""open_price"": 136.686, ""open_quantity_bonds"": 1000.0, ""close_time"": ""11:00:06"", ""close_price"": 136.987, ""close_quantity_bonds"": 1000.0, ""matched_quantity_bonds"": 1000.0, ""edge"": 0.301, ""gross_edge_cash"": 301.0}",economic_pair_cross_turn_600s_needs_path_review,unreviewed,unreviewed
2026-08-14_132026.SH_T058,2026-08-14,132026.SH,buy_then_sell,10:59:47,136.761,11:00:03,136.989,0.228,100,1000,buy,sell,maker_v01_queue,queue,maker_queue_v1_0,1000.0,2000.0,2000.0,2000.0,772.56,772.56,0,0,0,0,1000,0,0,[],best_pair_close_leg_matched_only,[],"[{""order_id"": 561, ""strategy_id"": ""maker_v01_queue"", ""model_id"": ""maker_queue_v1_0"", ""market_time"": ""11:00:06"", ""side"": ""sell"", ""price"": 136.988, ""quantity_bonds"": 140.0, ""fill_reason"": ""passive_sell"", ""inventory_after_bonds"": 1860.0, ""reference_tick_id"": 80781, ""crossed_book_residual_price"": 0.0, ""crossed_book_residual_bonds"": 0.0}]",null,null,null,opening_inventory_or_cash_capacity_blocked,unreviewed,unreviewed
2026-08-14_132026.SH_T059,2026-08-14,132026.SH,sell_then_buy,11:00:03,136.989,11:01:26,136.762,0.227,100,1000,sell,buy,maker_v01_priority,priority,maker_priority_v1_38_candidate,1000.0,2000.0,2000.0,2000.0,6771.44,6771.44,2000,2000,2000,2000,1000,1,1,"[{""order_id"": 560, ""kind"": ""inventory_exit"", ""limit_price"": 136.987, ""quantity_bonds"": 1000.0, ""filled_quantity_bonds"": 1000.0, ""created_market_time"": ""10:59:51"", ""updated_market_time"": ""11:00:06"", ""status"": ""filled"", ""cancel_reason"": null, ""initial_queue_ahead_bonds"": 0.0, ""final_queue_ahead_bonds"": 0.0, ""created_same_second_as_tape"": false}]",best_pair_open_leg_matched_only,"[{""order_id"": 560, ""strategy_id"": ""maker_v01_priority"", ""model_id"": ""maker_priority_v1_38_candidate"", ""market_time"": ""11:00:06"", ""side"": ""sell"", ""price"": 136.987, ""quantity_bonds"": 1000.0, ""fill_reason"": ""passive_sell"", ""inventory_after_bonds"": 1000.0, ""reference_tick_id"": 80781, ""crossed_book_residual_price"": 0.0, ""crossed_book_residual_bonds"": 0.0}]",[],null,null,"{""open_time"": ""11:00:06"", ""open_price"": 136.987, ""open_quantity_bonds"": 1000.0, ""close_time"": ""11:05:57"", ""close_price"": 136.766, ""close_quantity_bonds"": 1000.0, ""matched_quantity_bonds"": 1000.0, ""edge"": 0.221, ""gross_edge_cash"": 221.0}",economic_pair_cross_turn_600s_needs_path_review,unreviewed,unreviewed
2026-08-14_132026.SH_T059,2026-08-14,132026.SH,sell_then_buy,11:00:03,136.989,11:01:26,136.762,0.227,100,1000,sell,buy,maker_v01_queue,queue,maker_queue_v1_0,1000.0,2000.0,2000.0,2000.0,772.56,772.56,2000,2000,2000,2000,1000,2,2,"[{""order_id"": 561, ""kind"": ""inventory_exit"", ""limit_price"": 136.988, ""quantity_bonds"": 140.0, ""filled_quantity_bonds"": 140.0, ""created_market_time"": ""10:59:51"", ""updated_market_time"": ""11:00:06"", ""status"": ""filled"", ""cancel_reason"": null, ""initial_queue_ahead_bonds"": 1000.0, ""final_queue_ahead_bonds"": 0.0, ""created_same_second_as_tape"": false}, {""order_id"": 562, ""kind"": ""inventory_exit"", ""limit_price"": 136.988, ""quantity_bonds"": 860.0, ""filled_quantity_bonds"": 0.0, ""created_market_time"": ""10:59:51"", ""updated_market_time"": ""11:00:06"", ""status"": ""cancelled"", ""cancel_reason"": ""maker_reprice"", ""initial_queue_ahead_bonds"": 1000.0, ""final_queue_ahead_bonds"": 140.0, ""created_same_second_as_tape"": false}]",best_pair_open_leg_matched_only,"[{""order_id"": 561, ""strategy_id"": ""maker_v01_queue"", ""model_id"": ""maker_queue_v1_0"", ""market_time"": ""11:00:06"", ""side"": ""sell"", ""price"": 136.988, ""quantity_bonds"": 140.0, ""fill_reason"": ""passive_sell"", ""inventory_after_bonds"": 1860.0, ""reference_tick_id"": 80781, ""crossed_book_residual_price"": 0.0, ""crossed_book_residual_bonds"": 0.0}]",[],null,null,null,preexisting_reaching_order_needs_execution_audit,unreviewed,unreviewed
2026-08-14_132026.SH_T060,2026-08-14,132026.SH,buy_then_sell,11:01:26,136.762,11:03:45,137.189,0.427,100,1000,buy,sell,maker_v01_priority,priority,maker_priority_v1_38_candidate,1000.0,2000.0,1000.0,1000.0,143758.44,143758.44,1000,1000,1000,1000,1000,0,0,[],not_exactly_matched_needs_causal_execution_audit,[],[],null,null,"{""open_time"": ""10:56:36"", ""open_price"": 136.686, ""open_quantity_bonds"": 1000.0, ""close_time"": ""11:07:33"", ""close_price"": 136.971, ""close_quantity_bonds"": 1000.0, ""matched_quantity_bonds"": 1000.0, ""edge"": 0.285, ""gross_edge_cash"": 285.0}",economic_pair_cross_turn_600s_needs_path_review,unreviewed,unreviewed
2026-08-14_132026.SH_T060,2026-08-14,132026.SH,buy_then_sell,11:01:26,136.762,11:03:45,137.189,0.427,100,1000,buy,sell,maker_v01_queue,queue,maker_queue_v1_0,1000.0,2000.0,1860.0,1860.0,19950.88,19950.88,140,140,140,140,1000,0,0,[],not_exactly_matched_needs_causal_execution_audit,[],[],null,null,null,opening_capacity_partial,unreviewed,unreviewed
2026-08-14_132026.SH_T061,2026-08-14,132026.SH,sell_then_buy,11:03:45,137.189,11:03:55,136.763,0.426,100,380,sell,buy,maker_v01_priority,priority,maker_priority_v1_38_candidate,1000.0,2000.0,1000.0,1000.0,143758.44,143758.44,1000,1000,1000,1000,380,0,0,[],not_exactly_matched_needs_causal_execution_audit,[],[],null,null,"{""open_time"": ""11:00:06"", ""open_price"": 136.987, ""open_quantity_bonds"": 1000.0, ""close_time"": ""11:15:45"", ""close_price"": 136.522, ""close_quantity_bonds"": 1000.0, ""matched_quantity_bonds"": 1000.0, ""edge"": 0.465, ""gross_edge_cash"": 465.0}",economic_pair_cross_turn_600s_needs_path_review,unreviewed,unreviewed
2026-08-14_132026.SH_T061,2026-08-14,132026.SH,sell_then_buy,11:03:45,137.189,11:03:55,136.763,0.426,100,380,sell,buy,maker_v01_queue,queue,maker_queue_v1_0,1000.0,2000.0,1860.0,1860.0,19950.88,19950.88,1860,1860,1860,1860,380,1,1,"[{""order_id"": 573, ""kind"": ""inventory_exit"", ""limit_price"": 137.189, ""quantity_bonds"": 860.0, ""filled_quantity_bonds"": 0.0, ""created_market_time"": ""11:01:33"", ""updated_market_time"": ""11:03:48"", ""status"": ""cancelled"", ""cancel_reason"": ""maker_reprice"", ""initial_queue_ahead_bonds"": 2000.0, ""final_queue_ahead_bonds"": 1000.0, ""created_same_second_as_tape"": false}]",not_exactly_matched_needs_causal_execution_audit,[],[],null,null,null,preexisting_reaching_order_needs_execution_audit,unreviewed,unreviewed
2026-08-14_132026.SH_T062,2026-08-14,132026.SH,buy_then_sell,11:03:55,136.763,11:05:52,136.975,0.212,100,380,buy,sell,maker_v01_priority,priority,maker_priority_v1_38_candidate,1000.0,2000.0,1000.0,1000.0,143758.44,143758.44,1000,1000,1000,1000,380,0,0,[],not_exactly_matched_needs_causal_execution_audit,[],[],null,null,"{""open_time"": ""10:56:36"", ""open_price"": 136.686, ""open_quantity_bonds"": 1000.0, ""close_time"": ""11:07:33"", ""close_price"": 136.971, ""close_quantity_bonds"": 1000.0, ""matched_quantity_bonds"": 1000.0, ""edge"": 0.285, ""gross_edge_cash"": 285.0}",economic_pair_cross_turn_600s_needs_path_review,unreviewed,unreviewed
2026-08-14_132026.SH_T062,2026-08-14,132026.SH,buy_then_sell,11:03:55,136.763,11:05:52,136.975,0.212,100,380,buy,sell,maker_v01_queue,queue,maker_queue_v1_0,1000.0,2000.0,1860.0,1860.0,19950.88,19950.88,140,140,140,140,380,0,0,[],not_exactly_matched_needs_causal_execution_audit,[],[],null,null,null,opening_capacity_partial,unreviewed,unreviewed
2026-08-14_132026.SH_T063,2026-08-14,132026.SH,sell_then_buy,11:05:52,136.975,11:05:56,136.765,0.21,100,1000,sell,buy,maker_v01_priority,priority,maker_priority_v1_38_candidate,1000.0,2000.0,1000.0,1000.0,143758.44,143758.44,1000,1000,1000,1000,1000,0,0,[],best_pair_close_leg_matched_only,[],"[{""order_id"": 588, ""strategy_id"": ""maker_v01_priority"", ""model_id"": ""maker_priority_v1_38_candidate"", ""market_time"": ""11:05:57"", ""side"": ""buy"", ""price"": 136.766, ""quantity_bonds"": 1000.0, ""fill_reason"": ""passive_buy"", ""inventory_after_bonds"": 2000.0, ""reference_tick_id"": 80975, ""crossed_book_residual_price"": 0.0, ""crossed_book_residual_bonds"": 0.0}]",null,null,"{""open_time"": ""11:00:06"", ""open_price"": 136.987, ""open_quantity_bonds"": 1000.0, ""close_time"": ""11:15:45"", ""close_price"": 136.522, ""close_quantity_bonds"": 1000.0, ""matched_quantity_bonds"": 1000.0, ""edge"": 0.465, ""gross_edge_cash"": 465.0}",economic_pair_cross_turn_600s_needs_path_review,unreviewed,unreviewed
2026-08-14_132026.SH_T063,2026-08-14,132026.SH,sell_then_buy,11:05:52,136.975,11:05:56,136.765,0.21,100,1000,sell,buy,maker_v01_queue,queue,maker_queue_v1_0,1000.0,2000.0,1860.0,1860.0,19950.88,19950.88,1860,1860,1860,1860,1000,1,1,"[{""order_id"": 587, ""kind"": ""inventory_exit"", ""limit_price"": 136.975, ""quantity_bonds"": 860.0, ""filled_quantity_bonds"": 0.0, ""created_market_time"": ""11:05:39"", ""updated_market_time"": ""11:06:33"", ""status"": ""cancelled"", ""cancel_reason"": ""maker_reprice"", ""initial_queue_ahead_bonds"": 2000.0, ""final_queue_ahead_bonds"": 1000.0, ""created_same_second_as_tape"": false}]",not_exactly_matched_needs_causal_execution_audit,[],[],null,null,null,preexisting_reaching_order_needs_execution_audit,unreviewed,unreviewed
2026-08-14_132026.SH_T064,2026-08-14,132026.SH,buy_then_sell,11:05:56,136.765,11:07:33,136.971,0.206,100,1000,buy,sell,maker_v01_priority,priority,maker_priority_v1_38_candidate,1000.0,2000.0,1000.0,1000.0,143758.44,143758.44,1000,1000,1000,1000,1000,1,1,"[{""order_id"": 588, ""kind"": ""low_bid_reversion"", ""limit_price"": 136.766, ""quantity_bonds"": 1000.0, ""filled_quantity_bonds"": 1000.0, ""created_market_time"": ""11:05:51"", ""updated_market_time"": ""11:05:57"", ""status"": ""filled"", ""cancel_reason"": null, ""initial_queue_ahead_bonds"": 0.0, ""final_queue_ahead_bonds"": 0.0, ""created_same_second_as_tape"": false}]",best_pair_both_legs_matched,"[{""order_id"": 588, ""strategy_id"": ""maker_v01_priority"", ""model_id"": ""maker_priority_v1_38_candidate"", ""market_time"": ""11:05:57"", ""side"": ""buy"", ""price"": 136.766, ""quantity_bonds"": 1000.0, ""fill_reason"": ""passive_buy"", ""inventory_after_bonds"": 2000.0, ""reference_tick_id"": 80975, ""crossed_book_residual_price"": 0.0, ""crossed_book_residual_bonds"": 0.0}]","[{""order_id"": 593, ""strategy_id"": ""maker_v01_priority"", ""model_id"": ""maker_priority_v1_38_candidate"", ""market_time"": ""11:07:33"", ""side"": ""sell"", ""price"": 136.971, ""quantity_bonds"": 1000.0, ""fill_reason"": ""passive_sell"", ""inventory_after_bonds"": 1000.0, ""reference_tick_id"": 81036, ""crossed_book_residual_price"": 0.0, ""crossed_book_residual_bonds"": 0.0}]","{""open_time"": ""11:05:57"", ""open_price"": 136.766, ""open_quantity_bonds"": 1000.0, ""close_time"": ""11:07:33"", ""close_price"": 136.971, ""close_quantity_bonds"": 1000.0, ""matched_quantity_bonds"": 1000.0, ""edge"": 0.205, ""gross_edge_cash"": 205.0}","{""open_time"": ""11:05:57"", ""open_price"": 136.766, ""open_quantity_bonds"": 1000.0, ""close_time"": ""11:07:33"", ""close_price"": 136.971, ""close_quantity_bonds"": 1000.0, ""matched_quantity_bonds"": 1000.0, ""edge"": 0.205, ""gross_edge_cash"": 205.0}","{""open_time"": ""10:56:36"", ""open_price"": 136.686, ""open_quantity_bonds"": 1000.0, ""close_time"": ""11:07:33"", ""close_price"": 136.971, ""close_quantity_bonds"": 1000.0, ""matched_quantity_bonds"": 1000.0, ""edge"": 0.285, ""gross_edge_cash"": 285.0}",exact_best_pair_capture,unreviewed,unreviewed
2026-08-14_132026.SH_T064,2026-08-14,132026.SH,buy_then_sell,11:05:56,136.765,11:07:33,136.971,0.206,100,1000,buy,sell,maker_v01_queue,queue,maker_queue_v1_0,1000.0,2000.0,1860.0,1860.0,19950.88,19950.88,140,140,140,140,1000,0,0,[],not_exactly_matched_needs_causal_execution_audit,[],[],null,null,null,opening_capacity_partial,unreviewed,unreviewed
2026-08-14_132026.SH_T065,2026-08-14,132026.SH,sell_then_buy,11:07:33,136.971,11:12:22,136.477,0.494,100,1000,sell,buy,maker_v01_priority,priority,maker_priority_v1_38_candidate,1000.0,2000.0,2000.0,1000.0,6992.44,143963.44,2000,1000,1000,2000,1000,1,1,"[{""order_id"": 593, ""kind"": ""inventory_exit"", ""limit_price"": 136.971, ""quantity_bonds"": 1000.0, ""filled_quantity_bonds"": 1000.0, ""created_market_time"": ""11:07:30"", ""updated_market_time"": ""11:07:33"", ""status"": ""filled"", ""cancel_reason"": null, ""initial_queue_ahead_bonds"": 0.0, ""final_queue_ahead_bonds"": 0.0, ""created_same_second_as_tape"": false}]",best_pair_open_leg_matched_only,"[{""order_id"": 593, ""strategy_id"": ""maker_v01_priority"", ""model_id"": ""maker_priority_v1_38_candidate"", ""market_time"": ""11:07:33"", ""side"": ""sell"", ""price"": 136.971, ""quantity_bonds"": 1000.0, ""fill_reason"": ""passive_sell"", ""inventory_after_bonds"": 1000.0, ""reference_tick_id"": 81036, ""crossed_book_residual_price"": 0.0, ""crossed_book_residual_bonds"": 0.0}]",[],null,"{""open_time"": ""11:07:33"", ""open_price"": 136.971, ""open_quantity_bonds"": 1000.0, ""close_time"": ""11:15:45"", ""close_price"": 136.522, ""close_quantity_bonds"": 1000.0, ""matched_quantity_bonds"": 1000.0, ""edge"": 0.449, ""gross_edge_cash"": 449.0}","{""open_time"": ""11:00:06"", ""open_price"": 136.987, ""open_quantity_bonds"": 1000.0, ""close_time"": ""11:15:45"", ""close_price"": 136.522, ""close_quantity_bonds"": 1000.0, ""matched_quantity_bonds"": 1000.0, ""edge"": 0.465, ""gross_edge_cash"": 465.0}",economic_pair_nearby_needs_cross_turn_review,unreviewed,unreviewed
2026-08-14_132026.SH_T065,2026-08-14,132026.SH,sell_then_buy,11:07:33,136.971,11:12:22,136.477,0.494,100,1000,sell,buy,maker_v01_queue,queue,maker_queue_v1_0,1000.0,2000.0,1860.0,1860.0,19950.88,19950.88,1860,1860,1860,1860,1000,1,0,"[{""order_id"": 595, ""kind"": ""inventory_exit"", ""limit_price"": 136.971, ""quantity_bonds"": 860.0, ""filled_quantity_bonds"": 0.0, ""created_market_time"": ""11:07:33"", ""updated_market_time"": ""11:07:39"", ""status"": ""cancelled"", ""cancel_reason"": ""maker_reprice"", ""initial_queue_ahead_bonds"": 1000.0, ""final_queue_ahead_bonds"": 1000.0, ""created_same_second_as_tape"": true}]",not_exactly_matched_needs_causal_execution_audit,[],[],null,null,"{""open_time"": ""11:00:06"", ""open_price"": 136.988, ""open_quantity_bonds"": 140.0, ""close_time"": ""11:18:36"", ""close_price"": 136.521, ""close_quantity_bonds"": 140.0, ""matched_quantity_bonds"": 140.0, ""edge"": 0.467, ""gross_edge_cash"": 65.38}",economic_pair_cross_turn_600s_needs_path_review,unreviewed,unreviewed
2026-08-14_132026.SH_T066,2026-08-14,132026.SH,buy_then_sell,11:12:22,136.477,11:15:24,136.781,0.304,100,1000,buy,sell,maker_v01_priority,priority,maker_priority_v1_38_candidate,1000.0,2000.0,1000.0,1000.0,143963.44,143963.44,1000,1000,1000,1000,1000,0,0,[],not_exactly_matched_needs_causal_execution_audit,[],[],null,null,null,causal_mode_in_review_required,unreviewed,unreviewed
2026-08-14_132026.SH_T066,2026-08-14,132026.SH,buy_then_sell,11:12:22,136.477,11:15:24,136.781,0.304,100,1000,buy,sell,maker_v01_queue,queue,maker_queue_v1_0,1000.0,2000.0,1860.0,1860.0,19950.88,19950.88,140,140,140,140,1000,0,0,[],not_exactly_matched_needs_causal_execution_audit,[],[],null,null,null,opening_capacity_partial,unreviewed,unreviewed
2026-08-14_132026.SH_T067,2026-08-14,132026.SH,sell_then_buy,11:15:24,136.781,11:15:42,136.521,0.26,100,1000,sell,buy,maker_v01_priority,priority,maker_priority_v1_38_candidate,1000.0,2000.0,1000.0,1000.0,143963.44,143963.44,1000,1000,1000,1000,1000,0,0,[],best_pair_close_leg_matched_only,[],"[{""order_id"": 651, ""strategy_id"": ""maker_v01_priority"", ""model_id"": ""maker_priority_v1_38_candidate"", ""market_time"": ""11:15:45"", ""side"": ""buy"", ""price"": 136.522, ""quantity_bonds"": 1000.0, ""fill_reason"": ""passive_buy"", ""inventory_after_bonds"": 2000.0, ""reference_tick_id"": 81332, ""crossed_book_residual_price"": 0.0, ""crossed_book_residual_bonds"": 0.0}]",null,null,"{""open_time"": ""11:07:33"", ""open_price"": 136.971, ""open_quantity_bonds"": 1000.0, ""close_time"": ""11:15:45"", ""close_price"": 136.522, ""close_quantity_bonds"": 1000.0, ""matched_quantity_bonds"": 1000.0, ""edge"": 0.449, ""gross_edge_cash"": 449.0}",economic_pair_cross_turn_600s_needs_path_review,unreviewed,unreviewed
2026-08-14_132026.SH_T067,2026-08-14,132026.SH,sell_then_buy,11:15:24,136.781,11:15:42,136.521,0.26,100,1000,sell,buy,maker_v01_queue,queue,maker_queue_v1_0,1000.0,2000.0,1860.0,1860.0,19950.88,19950.88,1860,1860,1860,1860,1000,1,1,"[{""order_id"": 627, ""kind"": ""inventory_exit"", ""limit_price"": 136.781, ""quantity_bonds"": 860.0, ""filled_quantity_bonds"": 0.0, ""created_market_time"": ""11:11:06"", ""updated_market_time"": ""11:15:36"", ""status"": ""cancelled"", ""cancel_reason"": ""exit_context_changed"", ""initial_queue_ahead_bonds"": 2000.0, ""final_queue_ahead_bonds"": 1000.0, ""created_same_second_as_tape"": false}]",not_exactly_matched_needs_causal_execution_audit,[],[],null,null,null,preexisting_reaching_order_needs_execution_audit,unreviewed,unreviewed
2026-08-14_132026.SH_T068,2026-08-14,132026.SH,buy_then_sell,11:15:42,136.521,11:17:53,136.739,0.218,100,1000,buy,sell,maker_v01_priority,priority,maker_priority_v1_38_candidate,1000.0,2000.0,1000.0,1000.0,143963.44,143963.44,1000,1000,1000,1000,1000,1,1,"[{""order_id"": 651, ""kind"": ""low_bid_reversion"", ""limit_price"": 136.522, ""quantity_bonds"": 1000.0, ""filled_quantity_bonds"": 1000.0, ""created_market_time"": ""11:15:30"", ""updated_market_time"": ""11:15:45"", ""status"": ""filled"", ""cancel_reason"": null, ""initial_queue_ahead_bonds"": 0.0, ""final_queue_ahead_bonds"": 0.0, ""created_same_second_as_tape"": false}]",best_pair_both_legs_matched,"[{""order_id"": 651, ""strategy_id"": ""maker_v01_priority"", ""model_id"": ""maker_priority_v1_38_candidate"", ""market_time"": ""11:15:45"", ""side"": ""buy"", ""price"": 136.522, ""quantity_bonds"": 1000.0, ""fill_reason"": ""passive_buy"", ""inventory_after_bonds"": 2000.0, ""reference_tick_id"": 81332, ""crossed_book_residual_price"": 0.0, ""crossed_book_residual_bonds"": 0.0}]","[{""order_id"": 652, ""strategy_id"": ""maker_v01_priority"", ""model_id"": ""maker_priority_v1_38_candidate"", ""market_time"": ""11:17:54"", ""side"": ""sell"", ""price"": 136.738, ""quantity_bonds"": 1000.0, ""fill_reason"": ""passive_sell"", ""inventory_after_bonds"": 1000.0, ""reference_tick_id"": 81398, ""crossed_book_residual_price"": 0.0, ""crossed_book_residual_bonds"": 0.0}]",null,"{""open_time"": ""11:15:45"", ""open_price"": 136.522, ""open_quantity_bonds"": 1000.0, ""close_time"": ""11:17:54"", ""close_price"": 136.738, ""close_quantity_bonds"": 1000.0, ""matched_quantity_bonds"": 1000.0, ""edge"": 0.216, ""gross_edge_cash"": 216.0}","{""open_time"": ""11:15:45"", ""open_price"": 136.522, ""open_quantity_bonds"": 1000.0, ""close_time"": ""11:17:54"", ""close_price"": 136.738, ""close_quantity_bonds"": 1000.0, ""matched_quantity_bonds"": 1000.0, ""edge"": 0.216, ""gross_edge_cash"": 216.0}",exact_best_pair_capture,unreviewed,unreviewed
2026-08-14_132026.SH_T068,2026-08-14,132026.SH,buy_then_sell,11:15:42,136.521,11:17:53,136.739,0.218,100,1000,buy,sell,maker_v01_queue,queue,maker_queue_v1_0,1000.0,2000.0,1860.0,1860.0,19950.88,19950.88,140,140,140,140,1000,1,1,"[{""order_id"": 649, ""kind"": ""low_bid_reversion"", ""limit_price"": 136.521, ""quantity_bonds"": 140.0, ""filled_quantity_bonds"": 0.0, ""created_market_time"": ""11:15:09"", ""updated_market_time"": ""11:15:45"", ""status"": ""cancelled"", ""cancel_reason"": ""entry_context_changed"", ""initial_queue_ahead_bonds"": 1000.0, ""final_queue_ahead_bonds"": 0.0, ""created_same_second_as_tape"": false}]",not_exactly_matched_needs_causal_execution_audit,[],[],null,null,null,opening_capacity_partial,unreviewed,unreviewed
2026-08-14_132026.SH_T069,2026-08-14,132026.SH,sell_then_buy,11:17:53,136.739,11:17:57,136.521,0.218,100,1000,sell,buy,maker_v01_priority,priority,maker_priority_v1_38_candidate,1000.0,2000.0,2000.0,2000.0,7441.44,7441.44,2000,2000,2000,2000,1000,1,1,"[{""order_id"": 652, ""kind"": ""inventory_exit"", ""limit_price"": 136.738, ""quantity_bonds"": 1000.0, ""filled_quantity_bonds"": 1000.0, ""created_market_time"": ""11:15:45"", ""updated_market_time"": ""11:17:54"", ""status"": ""filled"", ""cancel_reason"": null, ""initial_queue_ahead_bonds"": 0.0, ""final_queue_ahead_bonds"": 0.0, ""created_same_second_as_tape"": false}]",best_pair_open_leg_matched_only,"[{""order_id"": 652, ""strategy_id"": ""maker_v01_priority"", ""model_id"": ""maker_priority_v1_38_candidate"", ""market_time"": ""11:17:54"", ""side"": ""sell"", ""price"": 136.738, ""quantity_bonds"": 1000.0, ""fill_reason"": ""passive_sell"", ""inventory_after_bonds"": 1000.0, ""reference_tick_id"": 81398, ""crossed_book_residual_price"": 0.0, ""crossed_book_residual_bonds"": 0.0}]",[],"{""open_time"": ""11:17:54"", ""open_price"": 136.738, ""open_quantity_bonds"": 1000.0, ""close_time"": ""11:18:36"", ""close_price"": 136.522, ""close_quantity_bonds"": 1000.0, ""matched_quantity_bonds"": 1000.0, ""edge"": 0.216, ""gross_edge_cash"": 216.0}","{""open_time"": ""11:17:54"", ""open_price"": 136.738, ""open_quantity_bonds"": 1000.0, ""close_time"": ""11:18:36"", ""close_price"": 136.522, ""close_quantity_bonds"": 1000.0, ""matched_quantity_bonds"": 1000.0, ""edge"": 0.216, ""gross_edge_cash"": 216.0}","{""open_time"": ""11:17:54"", ""open_price"": 136.738, ""open_quantity_bonds"": 1000.0, ""close_time"": ""11:18:36"", ""close_price"": 136.522, ""close_quantity_bonds"": 1000.0, ""matched_quantity_bonds"": 1000.0, ""edge"": 0.216, ""gross_edge_cash"": 216.0}",economic_pair_within_turn_needs_overlap_review,unreviewed,unreviewed
2026-08-14_132026.SH_T069,2026-08-14,132026.SH,sell_then_buy,11:17:53,136.739,11:17:57,136.521,0.218,100,1000,sell,buy,maker_v01_queue,queue,maker_queue_v1_0,1000.0,2000.0,1860.0,1860.0,19950.88,19950.88,1860,1860,1860,1860,1000,0,0,[],not_exactly_matched_needs_causal_execution_audit,[],[],null,null,null,causal_mode_in_review_required,unreviewed,unreviewed
2026-08-14_132026.SH_T070,2026-08-14,132026.SH,buy_then_sell,11:17:57,136.521,11:19:32,136.699,0.178,100,1000,buy,sell,maker_v01_priority,priority,maker_priority_v1_38_candidate,1000.0,2000.0,1000.0,1000.0,144179.44,144179.44,1000,1000,1000,1000,1000,0,0,[],not_exactly_matched_needs_causal_execution_audit,[],[],null,null,"{""open_time"": ""11:15:45"", ""open_price"": 136.522, ""open_quantity_bonds"": 1000.0, ""close_time"": ""11:17:54"", ""close_price"": 136.738, ""close_quantity_bonds"": 1000.0, ""matched_quantity_bonds"": 1000.0, ""edge"": 0.216, ""gross_edge_cash"": 216.0}",economic_pair_cross_turn_600s_needs_path_review,unreviewed,unreviewed
2026-08-14_132026.SH_T070,2026-08-14,132026.SH,buy_then_sell,11:17:57,136.521,11:19:32,136.699,0.178,100,1000,buy,sell,maker_v01_queue,queue,maker_queue_v1_0,1000.0,2000.0,1860.0,1860.0,19950.88,19950.88,140,140,140,140,1000,1,1,"[{""order_id"": 653, ""kind"": ""low_bid_reversion"", ""limit_price"": 136.521, ""quantity_bonds"": 140.0, ""filled_quantity_bonds"": 0.0, ""created_market_time"": ""11:15:48"", ""updated_market_time"": ""11:18:00"", ""status"": ""cancelled"", ""cancel_reason"": ""entry_context_changed"", ""initial_queue_ahead_bonds"": 1000.0, ""final_queue_ahead_bonds"": 0.0, ""created_same_second_as_tape"": false}]",not_exactly_matched_needs_causal_execution_audit,[],[],null,null,null,opening_capacity_partial,unreviewed,unreviewed
2026-08-14_132026.SH_T071,2026-08-14,132026.SH,sell_then_buy,11:19:32,136.699,11:21:45,136.352,0.347,100,380,sell,buy,maker_v01_priority,priority,maker_priority_v1_38_candidate,1000.0,2000.0,1000.0,1000.0,144177.44,144177.44,1000,1000,1000,1000,380,0,0,[],not_exactly_matched_needs_causal_execution_audit,[],[],null,"{""open_time"": ""11:17:54"", ""open_price"": 136.738, ""open_quantity_bonds"": 1000.0, ""close_time"": ""11:24:12"", ""close_price"": 136.421, ""close_quantity_bonds"": 380.0, ""matched_quantity_bonds"": 380.0, ""edge"": 0.317, ""gross_edge_cash"": 120.46}","{""open_time"": ""11:17:54"", ""open_price"": 136.738, ""open_quantity_bonds"": 1000.0, ""close_time"": ""11:24:12"", ""close_price"": 136.421, ""close_quantity_bonds"": 380.0, ""matched_quantity_bonds"": 380.0, ""edge"": 0.317, ""gross_edge_cash"": 120.46}",economic_pair_nearby_needs_cross_turn_review,unreviewed,unreviewed
2026-08-14_132026.SH_T071,2026-08-14,132026.SH,sell_then_buy,11:19:32,136.699,11:21:45,136.352,0.347,100,380,sell,buy,maker_v01_queue,queue,maker_queue_v1_0,1000.0,2000.0,2000.0,2000.0,837.94,837.94,2000,2000,2000,2000,380,0,0,[],not_exactly_matched_needs_causal_execution_audit,[],[],null,null,null,causal_mode_in_review_required,unreviewed,unreviewed
2026-08-14_132026.SH_T072,2026-08-14,132026.SH,buy_then_sell,11:22:21,136.401,11:24:03,136.519,0.118,200,1000,buy,sell,maker_v01_priority,priority,maker_priority_v1_38_candidate,1000.0,2000.0,1000.0,1000.0,144177.44,144177.44,1000,1000,1000,1000,1000,0,0,[],not_exactly_matched_needs_causal_execution_audit,[],[],null,null,"{""open_time"": ""11:15:45"", ""open_price"": 136.522, ""open_quantity_bonds"": 1000.0, ""close_time"": ""11:25:57"", ""close_price"": 136.597, ""close_quantity_bonds"": 380.0, ""matched_quantity_bonds"": 380.0, ""edge"": 0.075, ""gross_edge_cash"": 28.5}",economic_pair_cross_turn_600s_needs_path_review,unreviewed,unreviewed
2026-08-14_132026.SH_T072,2026-08-14,132026.SH,buy_then_sell,11:22:21,136.401,11:24:03,136.519,0.118,200,1000,buy,sell,maker_v01_queue,queue,maker_queue_v1_0,1000.0,2000.0,2000.0,2000.0,837.94,837.94,0,0,0,0,1000,0,0,[],not_exactly_matched_needs_causal_execution_audit,[],[],null,null,null,opening_inventory_or_cash_capacity_blocked,unreviewed,unreviewed
2026-08-14_132026.SH_T073,2026-08-14,132026.SH,sell_then_buy,11:24:03,136.519,11:24:11,136.42,0.099,38,380,sell,buy,maker_v01_priority,priority,maker_priority_v1_38_candidate,1000.0,2000.0,1000.0,1000.0,144177.44,144177.44,1000,1000,1000,1000,380,0,0,[],best_pair_close_leg_matched_only,[],"[{""order_id"": 674, ""strategy_id"": ""maker_v01_priority"", ""model_id"": ""maker_priority_v1_38_candidate"", ""market_time"": ""11:24:12"", ""side"": ""buy"", ""price"": 136.421, ""quantity_bonds"": 380.0, ""fill_reason"": ""passive_buy"", ""inventory_after_bonds"": 1380.0, ""reference_tick_id"": 81614, ""crossed_book_residual_price"": 0.0, ""crossed_book_residual_bonds"": 0.0}]",null,null,"{""open_time"": ""11:17:54"", ""open_price"": 136.738, ""open_quantity_bonds"": 1000.0, ""close_time"": ""11:24:12"", ""close_price"": 136.421, ""close_quantity_bonds"": 380.0, ""matched_quantity_bonds"": 380.0, ""edge"": 0.317, ""gross_edge_cash"": 120.46}",economic_pair_cross_turn_600s_needs_path_review,unreviewed,unreviewed
2026-08-14_132026.SH_T073,2026-08-14,132026.SH,sell_then_buy,11:24:03,136.519,11:24:11,136.42,0.099,38,380,sell,buy,maker_v01_queue,queue,maker_queue_v1_0,1000.0,2000.0,2000.0,2000.0,837.94,837.94,2000,2000,2000,2000,380,0,0,[],not_exactly_matched_needs_causal_execution_audit,[],[],null,null,null,causal_mode_in_review_required,unreviewed,unreviewed
2026-08-14_132026.SH_T074,2026-08-14,132026.SH,buy_then_sell,11:24:11,136.42,11:25:57,136.599,0.179,38,380,buy,sell,maker_v01_priority,priority,maker_priority_v1_38_candidate,1000.0,2000.0,1000.0,1000.0,144177.44,144177.44,1000,1000,1000,1000,380,1,1,"[{""order_id"": 674, ""kind"": ""low_bid_reversion"", ""limit_price"": 136.421, ""quantity_bonds"": 1000.0, ""filled_quantity_bonds"": 380.0, ""created_market_time"": ""11:24:09"", ""updated_market_time"": ""11:24:27"", ""status"": ""cancelled"", ""cancel_reason"": ""maker_reprice"", ""initial_queue_ahead_bonds"": 0.0, ""final_queue_ahead_bonds"": 0.0, ""created_same_second_as_tape"": false}]",best_pair_both_legs_matched,"[{""order_id"": 674, ""strategy_id"": ""maker_v01_priority"", ""model_id"": ""maker_priority_v1_38_candidate"", ""market_time"": ""11:24:12"", ""side"": ""buy"", ""price"": 136.421, ""quantity_bonds"": 380.0, ""fill_reason"": ""passive_buy"", ""inventory_after_bonds"": 1380.0, ""reference_tick_id"": 81614, ""crossed_book_residual_price"": 0.0, ""crossed_book_residual_bonds"": 0.0}]","[{""order_id"": 682, ""strategy_id"": ""maker_v01_priority"", ""model_id"": ""maker_priority_v1_38_candidate"", ""market_time"": ""11:25:57"", ""side"": ""sell"", ""price"": 136.597, ""quantity_bonds"": 380.0, ""fill_reason"": ""passive_sell"", ""inventory_after_bonds"": 1000.0, ""reference_tick_id"": 81675, ""crossed_book_residual_price"": 0.0, ""crossed_book_residual_bonds"": 0.0}]","{""open_time"": ""11:24:12"", ""open_price"": 136.421, ""open_quantity_bonds"": 380.0, ""close_time"": ""11:25:57"", ""close_price"": 136.597, ""close_quantity_bonds"": 380.0, ""matched_quantity_bonds"": 380.0, ""edge"": 0.176, ""gross_edge_cash"": 66.88}","{""open_time"": ""11:24:12"", ""open_price"": 136.421, ""open_quantity_bonds"": 380.0, ""close_time"": ""11:25:57"", ""close_price"": 136.597, ""close_quantity_bonds"": 380.0, ""matched_quantity_bonds"": 380.0, ""edge"": 0.176, ""gross_edge_cash"": 66.88}","{""open_time"": ""11:24:12"", ""open_price"": 136.421, ""open_quantity_bonds"": 380.0, ""close_time"": ""11:25:57"", ""close_price"": 136.597, ""close_quantity_bonds"": 380.0, ""matched_quantity_bonds"": 380.0, ""edge"": 0.176, ""gross_edge_cash"": 66.88}",exact_best_pair_capture,unreviewed,unreviewed
2026-08-14_132026.SH_T074,2026-08-14,132026.SH,buy_then_sell,11:24:11,136.42,11:25:57,136.599,0.179,38,380,buy,sell,maker_v01_queue,queue,maker_queue_v1_0,1000.0,2000.0,2000.0,2000.0,837.94,837.94,0,0,0,0,380,0,0,[],not_exactly_matched_needs_causal_execution_audit,[],[],null,null,null,opening_inventory_or_cash_capacity_blocked,unreviewed,unreviewed
2026-08-14_132026.SH_T075,2026-08-14,132026.SH,sell_then_buy,11:25:57,136.599,11:28:04,136.34,0.259,100,1000,sell,buy,maker_v01_priority,priority,maker_priority_v1_38_candidate,1000.0,2000.0,1380.0,1000.0,92337.46,144244.32,1380,1000,1000,1380,1000,1,1,"[{""order_id"": 682, ""kind"": ""inventory_exit"", ""limit_price"": 136.597, ""quantity_bonds"": 380.0, ""filled_quantity_bonds"": 380.0, ""created_market_time"": ""11:25:06"", ""updated_market_time"": ""11:25:57"", ""status"": ""filled"", ""cancel_reason"": null, ""initial_queue_ahead_bonds"": 0.0, ""final_queue_ahead_bonds"": 0.0, ""created_same_second_as_tape"": false}]",best_pair_open_leg_matched_only,"[{""order_id"": 682, ""strategy_id"": ""maker_v01_priority"", ""model_id"": ""maker_priority_v1_38_candidate"", ""market_time"": ""11:25:57"", ""side"": ""sell"", ""price"": 136.597, ""quantity_bonds"": 380.0, ""fill_reason"": ""passive_sell"", ""inventory_after_bonds"": 1000.0, ""reference_tick_id"": 81675, ""crossed_book_residual_price"": 0.0, ""crossed_book_residual_bonds"": 0.0}]",[],null,null,null,preexisting_reaching_order_needs_execution_audit,unreviewed,unreviewed
2026-08-14_132026.SH_T075,2026-08-14,132026.SH,sell_then_buy,11:25:57,136.599,11:28:04,136.34,0.259,100,1000,sell,buy,maker_v01_queue,queue,maker_queue_v1_0,1000.0,2000.0,2000.0,2000.0,837.94,837.94,2000,2000,2000,2000,1000,0,0,[],not_exactly_matched_needs_causal_execution_audit,[],[],null,null,null,causal_mode_in_review_required,unreviewed,unreviewed
2026-08-14_132026.SH_T076,2026-08-14,132026.SH,buy_then_sell,11:28:04,136.34,11:28:08,136.381,0.041,100,1000,buy,sell,maker_v01_priority,priority,maker_priority_v1_38_candidate,1000.0,2000.0,1000.0,1000.0,144244.32,144244.32,1000,1000,1000,1000,1000,0,0,[],not_exactly_matched_needs_causal_execution_audit,[],[],null,null,null,causal_mode_in_review_required,unreviewed,unreviewed
2026-08-14_132026.SH_T076,2026-08-14,132026.SH,buy_then_sell,11:28:04,136.34,11:28:08,136.381,0.041,100,1000,buy,sell,maker_v01_queue,queue,maker_queue_v1_0,1000.0,2000.0,2000.0,2000.0,837.94,837.94,0,0,0,0,1000,0,0,[],not_exactly_matched_needs_causal_execution_audit,[],[],null,null,null,opening_inventory_or_cash_capacity_blocked,unreviewed,unreviewed
2026-08-14_132026.SH_T077,2026-08-14,132026.SH,sell_then_buy,11:28:08,136.381,11:28:58,136.25,0.131,100,1000,sell,buy,maker_v01_priority,priority,maker_priority_v1_38_candidate,1000.0,2000.0,1000.0,1000.0,144244.32,144244.32,1000,1000,1000,1000,1000,0,0,[],not_exactly_matched_needs_causal_execution_audit,[],[],null,null,null,causal_mode_in_review_required,unreviewed,unreviewed
2026-08-14_132026.SH_T077,2026-08-14,132026.SH,sell_then_buy,11:28:08,136.381,11:28:58,136.25,0.131,100,1000,sell,buy,maker_v01_queue,queue,maker_queue_v1_0,1000.0,2000.0,2000.0,2000.0,837.94,837.94,2000,2000,2000,2000,1000,0,0,[],not_exactly_matched_needs_causal_execution_audit,[],[],null,null,null,causal_mode_in_review_required,unreviewed,unreviewed
2026-08-14_132026.SH_T078,2026-08-14,132026.SH,buy_then_sell,11:28:58,136.25,11:29:07,136.251,0.001,100,1000,buy,sell,maker_v01_priority,priority,maker_priority_v1_38_candidate,1000.0,2000.0,1000.0,1000.0,144244.32,144244.32,1000,1000,1000,1000,1000,0,0,[],not_exactly_matched_needs_causal_execution_audit,[],[],null,null,null,causal_mode_in_review_required,unreviewed,unreviewed
2026-08-14_132026.SH_T078,2026-08-14,132026.SH,buy_then_sell,11:28:58,136.25,11:29:07,136.251,0.001,100,1000,buy,sell,maker_v01_queue,queue,maker_queue_v1_0,1000.0,2000.0,2000.0,2000.0,837.94,837.94,0,0,0,0,1000,0,0,[],not_exactly_matched_needs_causal_execution_audit,[],[],null,null,null,opening_inventory_or_cash_capacity_blocked,unreviewed,unreviewed
2026-08-14_132026.SH_T079,2026-08-14,132026.SH,sell_then_buy,11:29:07,136.251,13:04:01,136.053,0.198,100,1000,sell,buy,maker_v01_priority,priority,maker_priority_v1_38_candidate,1000.0,2000.0,1000.0,1000.0,144244.32,144244.32,1000,1000,1000,1000,1000,0,0,[],not_exactly_matched_needs_causal_execution_audit,[],[],null,null,"{""open_time"": ""11:25:57"", ""open_price"": 136.597, ""open_quantity_bonds"": 380.0, ""close_time"": ""13:07:15"", ""close_price"": 134.064, ""close_quantity_bonds"": 1000.0, ""matched_quantity_bonds"": 380.0, ""edge"": 2.533, ""gross_edge_cash"": 962.54}",economic_pair_cross_turn_600s_needs_path_review,unreviewed,unreviewed
2026-08-14_132026.SH_T079,2026-08-14,132026.SH,sell_then_buy,11:29:07,136.251,13:04:01,136.053,0.198,100,1000,sell,buy,maker_v01_queue,queue,maker_queue_v1_0,1000.0,2000.0,2000.0,2000.0,837.94,837.94,2000,2000,2000,2000,1000,0,0,[],not_exactly_matched_needs_causal_execution_audit,[],[],null,null,null,causal_mode_in_review_required,unreviewed,unreviewed
2026-08-14_132026.SH_T080,2026-08-14,132026.SH,buy_then_sell,13:04:01,136.053,13:06:07,136.342,0.289,400,1000,buy,sell,maker_v01_priority,priority,maker_priority_v1_38_candidate,1000.0,2000.0,2000.0,2000.0,8014.32,8014.32,0,0,0,0,1000,0,0,[],not_exactly_matched_needs_causal_execution_audit,[],[],"{""open_time"": ""13:00:12"", ""open_price"": 136.23, ""open_quantity_bonds"": 1000.0, ""close_time"": ""13:06:06"", ""close_price"": 136.33, ""close_quantity_bonds"": 1000.0, ""matched_quantity_bonds"": 1000.0, ""edge"": 0.1, ""gross_edge_cash"": 100.0}","{""open_time"": ""13:00:12"", ""open_price"": 136.23, ""open_quantity_bonds"": 1000.0, ""close_time"": ""13:06:06"", ""close_price"": 136.33, ""close_quantity_bonds"": 1000.0, ""matched_quantity_bonds"": 1000.0, ""edge"": 0.1, ""gross_edge_cash"": 100.0}","{""open_time"": ""13:00:12"", ""open_price"": 136.23, ""open_quantity_bonds"": 1000.0, ""close_time"": ""13:15:45"", ""close_price"": 136.442, ""close_quantity_bonds"": 1000.0, ""matched_quantity_bonds"": 1000.0, ""edge"": 0.212, ""gross_edge_cash"": 212.0}",economic_pair_within_turn_needs_overlap_review,unreviewed,unreviewed
2026-08-14_132026.SH_T080,2026-08-14,132026.SH,buy_then_sell,13:04:01,136.053,13:06:07,136.342,0.289,400,1000,buy,sell,maker_v01_queue,queue,maker_queue_v1_0,1000.0,2000.0,2000.0,2000.0,837.94,837.94,0,0,0,0,1000,0,0,[],not_exactly_matched_needs_causal_execution_audit,[],[],null,null,null,opening_inventory_or_cash_capacity_blocked,unreviewed,unreviewed
2026-08-14_132026.SH_T081,2026-08-14,132026.SH,sell_then_buy,13:06:07,136.342,13:07:14,134.064,2.278,400,1000,sell,buy,maker_v01_priority,priority,maker_priority_v1_38_candidate,1000.0,2000.0,1000.0,1000.0,144344.32,144344.32,1000,1000,1000,1000,1000,0,0,[],best_pair_close_leg_matched_only,[],"[{""order_id"": 708, ""strategy_id"": ""maker_v01_priority"", ""model_id"": ""maker_priority_v1_38_candidate"", ""market_time"": ""13:07:15"", ""side"": ""buy"", ""price"": 134.064, ""quantity_bonds"": 1000.0, ""fill_reason"": ""passive_buy"", ""inventory_after_bonds"": 2000.0, ""reference_tick_id"": 82131, ""crossed_book_residual_price"": 0.0, ""crossed_book_residual_bonds"": 0.0}]","{""open_time"": ""13:06:06"", ""open_price"": 136.33, ""open_quantity_bonds"": 1000.0, ""close_time"": ""13:07:15"", ""close_price"": 134.064, ""close_quantity_bonds"": 1000.0, ""matched_quantity_bonds"": 1000.0, ""edge"": 2.266, ""gross_edge_cash"": 2266.0}","{""open_time"": ""13:06:06"", ""open_price"": 136.33, ""open_quantity_bonds"": 1000.0, ""close_time"": ""13:07:15"", ""close_price"": 134.064, ""close_quantity_bonds"": 1000.0, ""matched_quantity_bonds"": 1000.0, ""edge"": 2.266, ""gross_edge_cash"": 2266.0}","{""open_time"": ""13:06:06"", ""open_price"": 136.33, ""open_quantity_bonds"": 1000.0, ""close_time"": ""13:07:15"", ""close_price"": 134.064, ""close_quantity_bonds"": 1000.0, ""matched_quantity_bonds"": 1000.0, ""edge"": 2.266, ""gross_edge_cash"": 2266.0}",economic_pair_within_turn_needs_overlap_review,unreviewed,unreviewed
2026-08-14_132026.SH_T081,2026-08-14,132026.SH,sell_then_buy,13:06:07,136.342,13:07:14,134.064,2.278,400,1000,sell,buy,maker_v01_queue,queue,maker_queue_v1_0,1000.0,2000.0,2000.0,2000.0,837.94,837.94,2000,2000,2000,2000,1000,0,0,[],not_exactly_matched_needs_causal_execution_audit,[],[],null,null,null,causal_mode_in_review_required,unreviewed,unreviewed
2026-08-14_132026.SH_T082,2026-08-14,132026.SH,buy_then_sell,13:07:14,134.064,13:07:55,135.618,1.554,76,760,buy,sell,maker_v01_priority,priority,maker_priority_v1_38_candidate,1000.0,2000.0,1000.0,1000.0,144344.32,144344.32,1000,1000,1000,1000,760,1,1,"[{""order_id"": 708, ""kind"": ""low_bid_reversion"", ""limit_price"": 134.064, ""quantity_bonds"": 1000.0, ""filled_quantity_bonds"": 1000.0, ""created_market_time"": ""13:07:12"", ""updated_market_time"": ""13:07:15"", ""status"": ""filled"", ""cancel_reason"": null, ""initial_queue_ahead_bonds"": 0.0, ""final_queue_ahead_bonds"": 0.0, ""created_same_second_as_tape"": false}]",best_pair_both_legs_matched,"[{""order_id"": 708, ""strategy_id"": ""maker_v01_priority"", ""model_id"": ""maker_priority_v1_38_candidate"", ""market_time"": ""13:07:15"", ""side"": ""buy"", ""price"": 134.064, ""quantity_bonds"": 1000.0, ""fill_reason"": ""passive_buy"", ""inventory_after_bonds"": 2000.0, ""reference_tick_id"": 82131, ""crossed_book_residual_price"": 0.0, ""crossed_book_residual_bonds"": 0.0}]","[{""order_id"": 713, ""strategy_id"": ""maker_v01_priority"", ""model_id"": ""maker_priority_v1_38_candidate"", ""market_time"": ""13:07:57"", ""side"": ""sell"", ""price"": 135.617, ""quantity_bonds"": 760.0, ""fill_reason"": ""passive_sell"", ""inventory_after_bonds"": 1240.0, ""reference_tick_id"": 82172, ""crossed_book_residual_price"": 0.0, ""crossed_book_residual_bonds"": 0.0}]",null,"{""open_time"": ""13:07:15"", ""open_price"": 134.064, ""open_quantity_bonds"": 1000.0, ""close_time"": ""13:09:39"", ""close_price"": 135.92, ""close_quantity_bonds"": 1000.0, ""matched_quantity_bonds"": 1000.0, ""edge"": 1.856, ""gross_edge_cash"": 1856.0}","{""open_time"": ""13:07:15"", ""open_price"": 134.064, ""open_quantity_bonds"": 1000.0, ""close_time"": ""13:15:45"", ""close_price"": 136.442, ""close_quantity_bonds"": 1000.0, ""matched_quantity_bonds"": 1000.0, ""edge"": 2.378, ""gross_edge_cash"": 2378.0}",exact_best_pair_capture,unreviewed,unreviewed
2026-08-14_132026.SH_T082,2026-08-14,132026.SH,buy_then_sell,13:07:14,134.064,13:07:55,135.618,1.554,76,760,buy,sell,maker_v01_queue,queue,maker_queue_v1_0,1000.0,2000.0,2000.0,2000.0,837.94,837.94,0,0,0,0,760,0,0,[],not_exactly_matched_needs_causal_execution_audit,[],[],null,null,null,opening_inventory_or_cash_capacity_blocked,unreviewed,unreviewed
2026-08-14_132026.SH_T083,2026-08-14,132026.SH,sell_then_buy,13:07:55,135.618,13:08:08,135.301,0.317,76,760,sell,buy,maker_v01_priority,priority,maker_priority_v1_38_candidate,1000.0,2000.0,2000.0,2000.0,10280.32,10280.32,2000,2000,2000,2000,760,1,1,"[{""order_id"": 713, ""kind"": ""inventory_exit"", ""limit_price"": 135.617, ""quantity_bonds"": 1000.0, ""filled_quantity_bonds"": 760.0, ""created_market_time"": ""13:07:48"", ""updated_market_time"": ""13:07:57"", ""status"": ""cancelled"", ""cancel_reason"": ""maker_reprice"", ""initial_queue_ahead_bonds"": 0.0, ""final_queue_ahead_bonds"": 0.0, ""created_same_second_as_tape"": false}]",best_pair_both_legs_matched,"[{""order_id"": 713, ""strategy_id"": ""maker_v01_priority"", ""model_id"": ""maker_priority_v1_38_candidate"", ""market_time"": ""13:07:57"", ""side"": ""sell"", ""price"": 135.617, ""quantity_bonds"": 760.0, ""fill_reason"": ""passive_sell"", ""inventory_after_bonds"": 1240.0, ""reference_tick_id"": 82172, ""crossed_book_residual_price"": 0.0, ""crossed_book_residual_bonds"": 0.0}]","[{""order_id"": 717, ""strategy_id"": ""maker_v01_priority"", ""model_id"": ""maker_priority_v1_38_candidate"", ""market_time"": ""13:08:09"", ""side"": ""buy"", ""price"": 135.301, ""quantity_bonds"": 760.0, ""fill_reason"": ""passive_buy"", ""inventory_after_bonds"": 2000.0, ""reference_tick_id"": 82180, ""crossed_book_residual_price"": 0.0, ""crossed_book_residual_bonds"": 0.0}]","{""open_time"": ""13:07:57"", ""open_price"": 135.617, ""open_quantity_bonds"": 760.0, ""close_time"": ""13:08:09"", ""close_price"": 135.301, ""close_quantity_bonds"": 760.0, ""matched_quantity_bonds"": 760.0, ""edge"": 0.316, ""gross_edge_cash"": 240.16}","{""open_time"": ""13:06:06"", ""open_price"": 136.33, ""open_quantity_bonds"": 1000.0, ""close_time"": ""13:08:09"", ""close_price"": 135.301, ""close_quantity_bonds"": 760.0, ""matched_quantity_bonds"": 760.0, ""edge"": 1.029, ""gross_edge_cash"": 782.04}","{""open_time"": ""13:06:06"", ""open_price"": 136.33, ""open_quantity_bonds"": 1000.0, ""close_time"": ""13:13:24"", ""close_price"": 135.304, ""close_quantity_bonds"": 1000.0, ""matched_quantity_bonds"": 1000.0, ""edge"": 1.026, ""gross_edge_cash"": 1026.0}",exact_best_pair_capture,unreviewed,unreviewed
2026-08-14_132026.SH_T083,2026-08-14,132026.SH,sell_then_buy,13:07:55,135.618,13:08:08,135.301,0.317,76,760,sell,buy,maker_v01_queue,queue,maker_queue_v1_0,1000.0,2000.0,2000.0,2000.0,837.94,837.94,2000,2000,2000,2000,760,0,0,[],not_exactly_matched_needs_causal_execution_audit,[],[],null,null,null,causal_mode_in_review_required,unreviewed,unreviewed
2026-08-14_132026.SH_T084,2026-08-14,132026.SH,buy_then_sell,13:08:08,135.301,13:08:24,136.334,1.033,400,1000,buy,sell,maker_v01_priority,priority,maker_priority_v1_38_candidate,1000.0,2000.0,1240.0,1240.0,113349.24,113349.24,760,760,760,760,1000,1,1,"[{""order_id"": 717, ""kind"": ""low_bid_reversion"", ""limit_price"": 135.301, ""quantity_bonds"": 760.0, ""filled_quantity_bonds"": 760.0, ""created_market_time"": ""13:08:06"", ""updated_market_time"": ""13:08:09"", ""status"": ""filled"", ""cancel_reason"": null, ""initial_queue_ahead_bonds"": 0.0, ""final_queue_ahead_bonds"": 0.0, ""created_same_second_as_tape"": false}]",best_pair_both_legs_matched,"[{""order_id"": 717, ""strategy_id"": ""maker_v01_priority"", ""model_id"": ""maker_priority_v1_38_candidate"", ""market_time"": ""13:08:09"", ""side"": ""buy"", ""price"": 135.301, ""quantity_bonds"": 760.0, ""fill_reason"": ""passive_buy"", ""inventory_after_bonds"": 2000.0, ""reference_tick_id"": 82180, ""crossed_book_residual_price"": 0.0, ""crossed_book_residual_bonds"": 0.0}]","[{""order_id"": 720, ""strategy_id"": ""maker_v01_priority"", ""model_id"": ""maker_priority_v1_38_candidate"", ""market_time"": ""13:08:24"", ""side"": ""sell"", ""price"": 136.334, ""quantity_bonds"": 240.0, ""fill_reason"": ""passive_sell"", ""inventory_after_bonds"": 1760.0, ""reference_tick_id"": 82190, ""crossed_book_residual_price"": 0.0, ""crossed_book_residual_bonds"": 0.0}, {""order_id"": 721, ""strategy_id"": ""maker_v01_priority"", ""model_id"": ""maker_priority_v1_38_candidate"", ""market_time"": ""13:08:24"", ""side"": ""sell"", ""price"": 136.334, ""quantity_bonds"": 760.0, ""fill_reason"": ""passive_sell"", ""inventory_after_bonds"": 1000.0, ""reference_tick_id"": 82190, ""crossed_book_residual_price"": 0.0, ""crossed_book_residual_bonds"": 0.0}]","{""open_time"": ""13:08:09"", ""open_price"": 135.301, ""open_quantity_bonds"": 760.0, ""close_time"": ""13:08:24"", ""close_price"": 136.334, ""close_quantity_bonds"": 760.0, ""matched_quantity_bonds"": 760.0, ""edge"": 1.033, ""gross_edge_cash"": 785.08}","{""open_time"": ""13:07:15"", ""open_price"": 134.064, ""open_quantity_bonds"": 1000.0, ""close_time"": ""13:09:39"", ""close_price"": 135.92, ""close_quantity_bonds"": 1000.0, ""matched_quantity_bonds"": 1000.0, ""edge"": 1.856, ""gross_edge_cash"": 1856.0}","{""open_time"": ""13:07:15"", ""open_price"": 134.064, ""open_quantity_bonds"": 1000.0, ""close_time"": ""13:15:45"", ""close_price"": 136.442, ""close_quantity_bonds"": 1000.0, ""matched_quantity_bonds"": 1000.0, ""edge"": 2.378, ""gross_edge_cash"": 2378.0}",exact_best_pair_capture,unreviewed,unreviewed
2026-08-14_132026.SH_T084,2026-08-14,132026.SH,buy_then_sell,13:08:08,135.301,13:08:24,136.334,1.033,400,1000,buy,sell,maker_v01_queue,queue,maker_queue_v1_0,1000.0,2000.0,2000.0,2000.0,837.94,837.94,0,0,0,0,1000,0,0,[],not_exactly_matched_needs_causal_execution_audit,[],[],null,null,null,opening_inventory_or_cash_capacity_blocked,unreviewed,unreviewed
2026-08-14_132026.SH_T085,2026-08-14,132026.SH,sell_then_buy,13:08:24,136.334,13:08:28,135.701,0.633,300,1000,sell,buy,maker_v01_priority,priority,maker_priority_v1_38_candidate,1000.0,2000.0,2000.0,1000.0,10520.48,146854.48,2000,1000,1000,2000,1000,2,2,"[{""order_id"": 720, ""kind"": ""inventory_exit"", ""limit_price"": 136.334, ""quantity_bonds"": 240.0, ""filled_quantity_bonds"": 240.0, ""created_market_time"": ""13:08:21"", ""updated_market_time"": ""13:08:24"", ""status"": ""filled"", ""cancel_reason"": null, ""initial_queue_ahead_bonds"": 0.0, ""final_queue_ahead_bonds"": 0.0, ""created_same_second_as_tape"": false}, {""order_id"": 721, ""kind"": ""inventory_exit"", ""limit_price"": 136.334, ""quantity_bonds"": 760.0, ""filled_quantity_bonds"": 760.0, ""created_market_time"": ""13:08:21"", ""updated_market_time"": ""13:08:24"", ""status"": ""filled"", ""cancel_reason"": null, ""initial_queue_ahead_bonds"": 0.0, ""final_queue_ahead_bonds"": 0.0, ""created_same_second_as_tape"": false}]",best_pair_open_leg_matched_only,"[{""order_id"": 720, ""strategy_id"": ""maker_v01_priority"", ""model_id"": ""maker_priority_v1_38_candidate"", ""market_time"": ""13:08:24"", ""side"": ""sell"", ""price"": 136.334, ""quantity_bonds"": 240.0, ""fill_reason"": ""passive_sell"", ""inventory_after_bonds"": 1760.0, ""reference_tick_id"": 82190, ""crossed_book_residual_price"": 0.0, ""crossed_book_residual_bonds"": 0.0}, {""order_id"": 721, ""strategy_id"": ""maker_v01_priority"", ""model_id"": ""maker_priority_v1_38_candidate"", ""market_time"": ""13:08:24"", ""side"": ""sell"", ""price"": 136.334, ""quantity_bonds"": 760.0, ""fill_reason"": ""passive_sell"", ""inventory_after_bonds"": 1000.0, ""reference_tick_id"": 82190, ""crossed_book_residual_price"": 0.0, ""crossed_book_residual_bonds"": 0.0}]",[],null,"{""open_time"": ""13:08:24"", ""open_price"": 136.334, ""open_quantity_bonds"": 760.0, ""close_time"": ""13:09:12"", ""close_price"": 135.922, ""close_quantity_bonds"": 1000.0, ""matched_quantity_bonds"": 760.0, ""edge"": 0.412, ""gross_edge_cash"": 313.12}","{""open_time"": ""13:06:06"", ""open_price"": 136.33, ""open_quantity_bonds"": 1000.0, ""close_time"": ""13:13:24"", ""close_price"": 135.304, ""close_quantity_bonds"": 1000.0, ""matched_quantity_bonds"": 1000.0, ""edge"": 1.026, ""gross_edge_cash"": 1026.0}",economic_pair_nearby_needs_cross_turn_review,unreviewed,unreviewed
2026-08-14_132026.SH_T085,2026-08-14,132026.SH,sell_then_buy,13:08:24,136.334,13:08:28,135.701,0.633,300,1000,sell,buy,maker_v01_queue,queue,maker_queue_v1_0,1000.0,2000.0,2000.0,2000.0,837.94,837.94,2000,2000,2000,2000,1000,0,0,[],not_exactly_matched_needs_causal_execution_audit,[],[],null,null,null,causal_mode_in_review_required,unreviewed,unreviewed
2026-08-14_132026.SH_T086,2026-08-14,132026.SH,buy_then_sell,13:08:28,135.701,13:08:55,136.015,0.314,300,1000,buy,sell,maker_v01_priority,priority,maker_priority_v1_38_candidate,1000.0,2000.0,1000.0,1000.0,146854.48,146854.48,1000,1000,1000,1000,1000,0,0,[],not_exactly_matched_needs_causal_execution_audit,[],[],null,"{""open_time"": ""13:07:15"", ""open_price"": 134.064, ""open_quantity_bonds"": 1000.0, ""close_time"": ""13:09:39"", ""close_price"": 135.92, ""close_quantity_bonds"": 1000.0, ""matched_quantity_bonds"": 1000.0, ""edge"": 1.856, ""gross_edge_cash"": 1856.0}","{""open_time"": ""13:07:15"", ""open_price"": 134.064, ""open_quantity_bonds"": 1000.0, ""close_time"": ""13:15:45"", ""close_price"": 136.442, ""close_quantity_bonds"": 1000.0, ""matched_quantity_bonds"": 1000.0, ""edge"": 2.378, ""gross_edge_cash"": 2378.0}",economic_pair_nearby_needs_cross_turn_review,unreviewed,unreviewed
2026-08-14_132026.SH_T086,2026-08-14,132026.SH,buy_then_sell,13:08:28,135.701,13:08:55,136.015,0.314,300,1000,buy,sell,maker_v01_queue,queue,maker_queue_v1_0,1000.0,2000.0,2000.0,2000.0,837.94,837.94,0,0,0,0,1000,0,0,[],not_exactly_matched_needs_causal_execution_audit,[],[],null,null,null,opening_inventory_or_cash_capacity_blocked,unreviewed,unreviewed
2026-08-14_132026.SH_T087,2026-08-14,132026.SH,sell_then_buy,13:08:55,136.015,13:10:37,135.701,0.314,400,1000,sell,buy,maker_v01_priority,priority,maker_priority_v1_38_candidate,1000.0,2000.0,1000.0,1000.0,146854.48,146854.48,1000,1000,1000,1000,1000,0,0,[],not_exactly_matched_needs_causal_execution_audit,[],[],null,"{""open_time"": ""13:08:24"", ""open_price"": 136.334, ""open_quantity_bonds"": 760.0, ""close_time"": ""13:13:24"", ""close_price"": 135.304, ""close_quantity_bonds"": 1000.0, ""matched_quantity_bonds"": 760.0, ""edge"": 1.03, ""gross_edge_cash"": 782.8}","{""open_time"": ""13:06:06"", ""open_price"": 136.33, ""open_quantity_bonds"": 1000.0, ""close_time"": ""13:13:24"", ""close_price"": 135.304, ""close_quantity_bonds"": 1000.0, ""matched_quantity_bonds"": 1000.0, ""edge"": 1.026, ""gross_edge_cash"": 1026.0}",economic_pair_nearby_needs_cross_turn_review,unreviewed,unreviewed
2026-08-14_132026.SH_T087,2026-08-14,132026.SH,sell_then_buy,13:08:55,136.015,13:10:37,135.701,0.314,400,1000,sell,buy,maker_v01_queue,queue,maker_queue_v1_0,1000.0,2000.0,2000.0,2000.0,837.94,837.94,2000,2000,2000,2000,1000,0,0,[],not_exactly_matched_needs_causal_execution_audit,[],[],null,null,null,causal_mode_in_review_required,unreviewed,unreviewed
2026-08-14_132026.SH_T088,2026-08-14,132026.SH,buy_then_sell,13:10:37,135.701,13:11:44,136.238,0.537,100,1000,buy,sell,maker_v01_priority,priority,maker_priority_v1_38_candidate,1000.0,2000.0,1000.0,1000.0,146852.48,146852.48,1000,1000,1000,1000,1000,0,0,[],not_exactly_matched_needs_causal_execution_audit,[],[],null,"{""open_time"": ""13:07:15"", ""open_price"": 134.064, ""open_quantity_bonds"": 1000.0, ""close_time"": ""13:09:39"", ""close_price"": 135.92, ""close_quantity_bonds"": 1000.0, ""matched_quantity_bonds"": 1000.0, ""edge"": 1.856, ""gross_edge_cash"": 1856.0}","{""open_time"": ""13:07:15"", ""open_price"": 134.064, ""open_quantity_bonds"": 1000.0, ""close_time"": ""13:15:45"", ""close_price"": 136.442, ""close_quantity_bonds"": 1000.0, ""matched_quantity_bonds"": 1000.0, ""edge"": 2.378, ""gross_edge_cash"": 2378.0}",economic_pair_nearby_needs_cross_turn_review,unreviewed,unreviewed
2026-08-14_132026.SH_T088,2026-08-14,132026.SH,buy_then_sell,13:10:37,135.701,13:11:44,136.238,0.537,100,1000,buy,sell,maker_v01_queue,queue,maker_queue_v1_0,1000.0,2000.0,2000.0,2000.0,837.94,837.94,0,0,0,0,1000,0,0,[],not_exactly_matched_needs_causal_execution_audit,[],[],null,null,null,opening_inventory_or_cash_capacity_blocked,unreviewed,unreviewed
2026-08-14_132026.SH_T089,2026-08-14,132026.SH,sell_then_buy,13:11:44,136.238,13:13:21,135.303,0.935,100,1000,sell,buy,maker_v01_priority,priority,maker_priority_v1_38_candidate,1000.0,2000.0,1000.0,1000.0,146852.48,146852.48,1000,1000,1000,1000,1000,0,0,[],best_pair_close_leg_matched_only,[],"[{""order_id"": 754, ""strategy_id"": ""maker_v01_priority"", ""model_id"": ""maker_priority_v1_38_candidate"", ""market_time"": ""13:13:24"", ""side"": ""buy"", ""price"": 135.304, ""quantity_bonds"": 1000.0, ""fill_reason"": ""passive_buy"", ""inventory_after_bonds"": 2000.0, ""reference_tick_id"": 82418, ""crossed_book_residual_price"": 0.0, ""crossed_book_residual_bonds"": 0.0}]",null,null,"{""open_time"": ""13:06:06"", ""open_price"": 136.33, ""open_quantity_bonds"": 1000.0, ""close_time"": ""13:13:24"", ""close_price"": 135.304, ""close_quantity_bonds"": 1000.0, ""matched_quantity_bonds"": 1000.0, ""edge"": 1.026, ""gross_edge_cash"": 1026.0}",economic_pair_cross_turn_600s_needs_path_review,unreviewed,unreviewed
2026-08-14_132026.SH_T089,2026-08-14,132026.SH,sell_then_buy,13:11:44,136.238,13:13:21,135.303,0.935,100,1000,sell,buy,maker_v01_queue,queue,maker_queue_v1_0,1000.0,2000.0,2000.0,2000.0,837.94,837.94,2000,2000,2000,2000,1000,0,0,[],not_exactly_matched_needs_causal_execution_audit,[],[],null,null,null,causal_mode_in_review_required,unreviewed,unreviewed
2026-08-14_132026.SH_T090,2026-08-14,132026.SH,buy_then_sell,13:13:21,135.303,13:15:43,136.443,1.14,100,1000,buy,sell,maker_v01_priority,priority,maker_priority_v1_38_candidate,1000.0,2000.0,1000.0,1000.0,146852.48,146852.48,1000,1000,1000,1000,1000,2,1,"[{""order_id"": 753, ""kind"": ""low_bid_reversion"", ""limit_price"": 135.303, ""quantity_bonds"": 1000.0, ""filled_quantity_bonds"": 0.0, ""created_market_time"": ""13:13:18"", ""updated_market_time"": ""13:13:21"", ""status"": ""cancelled"", ""cancel_reason"": ""maker_reprice"", ""initial_queue_ahead_bonds"": 0.0, ""final_queue_ahead_bonds"": 0.0, ""created_same_second_as_tape"": false}, {""order_id"": 754, ""kind"": ""low_bid_reversion"", ""limit_price"": 135.304, ""quantity_bonds"": 1000.0, ""filled_quantity_bonds"": 1000.0, ""created_market_time"": ""13:13:21"", ""updated_market_time"": ""13:13:24"", ""status"": ""filled"", ""cancel_reason"": null, ""initial_queue_ahead_bonds"": 0.0, ""final_queue_ahead_bonds"": 0.0, ""created_same_second_as_tape"": true}]",best_pair_both_legs_matched,"[{""order_id"": 754, ""strategy_id"": ""maker_v01_priority"", ""model_id"": ""maker_priority_v1_38_candidate"", ""market_time"": ""13:13:24"", ""side"": ""buy"", ""price"": 135.304, ""quantity_bonds"": 1000.0, ""fill_reason"": ""passive_buy"", ""inventory_after_bonds"": 2000.0, ""reference_tick_id"": 82418, ""crossed_book_residual_price"": 0.0, ""crossed_book_residual_bonds"": 0.0}]","[{""order_id"": 800, ""strategy_id"": ""maker_v01_priority"", ""model_id"": ""maker_priority_v1_38_candidate"", ""market_time"": ""13:15:45"", ""side"": ""sell"", ""price"": 136.442, ""quantity_bonds"": 1000.0, ""fill_reason"": ""passive_sell"", ""inventory_after_bonds"": 1000.0, ""reference_tick_id"": 82528, ""crossed_book_residual_price"": 0.0, ""crossed_book_residual_bonds"": 0.0}]",null,"{""open_time"": ""13:13:24"", ""open_price"": 135.304, ""open_quantity_bonds"": 1000.0, ""close_time"": ""13:15:45"", ""close_price"": 136.442, ""close_quantity_bonds"": 1000.0, ""matched_quantity_bonds"": 1000.0, ""edge"": 1.138, ""gross_edge_cash"": 1138.0}","{""open_time"": ""13:07:15"", ""open_price"": 134.064, ""open_quantity_bonds"": 1000.0, ""close_time"": ""13:15:45"", ""close_price"": 136.442, ""close_quantity_bonds"": 1000.0, ""matched_quantity_bonds"": 1000.0, ""edge"": 2.378, ""gross_edge_cash"": 2378.0}",exact_best_pair_capture,unreviewed,unreviewed
2026-08-14_132026.SH_T090,2026-08-14,132026.SH,buy_then_sell,13:13:21,135.303,13:15:43,136.443,1.14,100,1000,buy,sell,maker_v01_queue,queue,maker_queue_v1_0,1000.0,2000.0,2000.0,2000.0,837.94,837.94,0,0,0,0,1000,0,0,[],not_exactly_matched_needs_causal_execution_audit,[],[],null,null,null,opening_inventory_or_cash_capacity_blocked,unreviewed,unreviewed
2026-08-14_132026.SH_T091,2026-08-14,132026.SH,sell_then_buy,13:15:43,136.443,13:18:01,135.601,0.842,100,1000,sell,buy,maker_v01_priority,priority,maker_priority_v1_38_candidate,1000.0,2000.0,2000.0,2000.0,11548.48,11548.48,2000,2000,2000,2000,1000,1,1,"[{""order_id"": 800, ""kind"": ""inventory_exit"", ""limit_price"": 136.442, ""quantity_bonds"": 1000.0, ""filled_quantity_bonds"": 1000.0, ""created_market_time"": ""13:15:27"", ""updated_market_time"": ""13:15:45"", ""status"": ""filled"", ""cancel_reason"": null, ""initial_queue_ahead_bonds"": 0.0, ""final_queue_ahead_bonds"": 0.0, ""created_same_second_as_tape"": false}]",best_pair_open_leg_matched_only,"[{""order_id"": 800, ""strategy_id"": ""maker_v01_priority"", ""model_id"": ""maker_priority_v1_38_candidate"", ""market_time"": ""13:15:45"", ""side"": ""sell"", ""price"": 136.442, ""quantity_bonds"": 1000.0, ""fill_reason"": ""passive_sell"", ""inventory_after_bonds"": 1000.0, ""reference_tick_id"": 82528, ""crossed_book_residual_price"": 0.0, ""crossed_book_residual_bonds"": 0.0}]",[],null,null,null,preexisting_reaching_order_needs_execution_audit,unreviewed,unreviewed
2026-08-14_132026.SH_T091,2026-08-14,132026.SH,sell_then_buy,13:15:43,136.443,13:18:01,135.601,0.842,100,1000,sell,buy,maker_v01_queue,queue,maker_queue_v1_0,1000.0,2000.0,2000.0,2000.0,837.94,837.94,2000,2000,2000,2000,1000,0,0,[],not_exactly_matched_needs_causal_execution_audit,[],[],null,null,null,causal_mode_in_review_required,unreviewed,unreviewed
2026-08-14_132026.SH_T092,2026-08-14,132026.SH,buy_then_sell,13:18:01,135.601,13:18:20,135.996,0.395,100,1000,buy,sell,maker_v01_priority,priority,maker_priority_v1_38_candidate,1000.0,2000.0,1000.0,1000.0,147990.48,147990.48,1000,1000,1000,1000,1000,0,0,[],not_exactly_matched_needs_causal_execution_audit,[],[],null,null,"{""open_time"": ""13:07:15"", ""open_price"": 134.064, ""open_quantity_bonds"": 1000.0, ""close_time"": ""13:28:15"", ""close_price"": 135.989, ""close_quantity_bonds"": 1000.0, ""matched_quantity_bonds"": 1000.0, ""edge"": 1.925, ""gross_edge_cash"": 1925.0}",economic_pair_cross_turn_600s_needs_path_review,unreviewed,unreviewed
2026-08-14_132026.SH_T092,2026-08-14,132026.SH,buy_then_sell,13:18:01,135.601,13:18:20,135.996,0.395,100,1000,buy,sell,maker_v01_queue,queue,maker_queue_v1_0,1000.0,2000.0,2000.0,2000.0,837.94,837.94,0,0,0,0,1000,0,0,[],not_exactly_matched_needs_causal_execution_audit,[],[],null,null,null,opening_inventory_or_cash_capacity_blocked,unreviewed,unreviewed
2026-08-14_132026.SH_T093,2026-08-14,132026.SH,sell_then_buy,13:18:20,135.996,13:20:46,135.505,0.491,100,1000,sell,buy,maker_v01_priority,priority,maker_priority_v1_38_candidate,1000.0,2000.0,1000.0,1000.0,147990.48,147990.48,1000,1000,1000,1000,1000,0,0,[],not_exactly_matched_needs_causal_execution_audit,[],[],null,null,"{""open_time"": ""13:15:45"", ""open_price"": 136.442, ""open_quantity_bonds"": 1000.0, ""close_time"": ""13:28:24"", ""close_price"": 135.602, ""close_quantity_bonds"": 1000.0, ""matched_quantity_bonds"": 1000.0, ""edge"": 0.84, ""gross_edge_cash"": 840.0}",economic_pair_cross_turn_600s_needs_path_review,unreviewed,unreviewed
2026-08-14_132026.SH_T093,2026-08-14,132026.SH,sell_then_buy,13:18:20,135.996,13:20:46,135.505,0.491,100,1000,sell,buy,maker_v01_queue,queue,maker_queue_v1_0,1000.0,2000.0,2000.0,2000.0,837.94,837.94,2000,2000,2000,2000,1000,0,0,[],not_exactly_matched_needs_causal_execution_audit,[],[],null,null,null,causal_mode_in_review_required,unreviewed,unreviewed
2026-08-14_132026.SH_T094,2026-08-14,132026.SH,buy_then_sell,13:20:46,135.505,13:20:47,135.787,0.282,100,1000,buy,sell,maker_v01_priority,priority,maker_priority_v1_38_candidate,1000.0,2000.0,1000.0,1000.0,147990.48,147990.48,1000,1000,1000,1000,1000,0,0,[],not_exactly_matched_needs_causal_execution_audit,[],[],null,null,"{""open_time"": ""13:13:24"", ""open_price"": 135.304, ""open_quantity_bonds"": 1000.0, ""close_time"": ""13:28:15"", ""close_price"": 135.989, ""close_quantity_bonds"": 1000.0, ""matched_quantity_bonds"": 1000.0, ""edge"": 0.685, ""gross_edge_cash"": 685.0}",economic_pair_cross_turn_600s_needs_path_review,unreviewed,unreviewed
2026-08-14_132026.SH_T094,2026-08-14,132026.SH,buy_then_sell,13:20:46,135.505,13:20:47,135.787,0.282,100,1000,buy,sell,maker_v01_queue,queue,maker_queue_v1_0,1000.0,2000.0,2000.0,2000.0,837.94,837.94,0,0,0,0,1000,0,0,[],not_exactly_matched_needs_causal_execution_audit,[],[],null,null,null,opening_inventory_or_cash_capacity_blocked,unreviewed,unreviewed
2026-08-14_132026.SH_T095,2026-08-14,132026.SH,sell_then_buy,13:20:47,135.787,13:21:58,135.506,0.281,100,1000,sell,buy,maker_v01_priority,priority,maker_priority_v1_38_candidate,1000.0,2000.0,1000.0,1000.0,147990.48,147990.48,1000,1000,1000,1000,1000,0,0,[],not_exactly_matched_needs_causal_execution_audit,[],[],null,null,"{""open_time"": ""13:15:45"", ""open_price"": 136.442, ""open_quantity_bonds"": 1000.0, ""close_time"": ""13:28:24"", ""close_price"": 135.602, ""close_quantity_bonds"": 1000.0, ""matched_quantity_bonds"": 1000.0, ""edge"": 0.84, ""gross_edge_cash"": 840.0}",economic_pair_cross_turn_600s_needs_path_review,unreviewed,unreviewed
2026-08-14_132026.SH_T095,2026-08-14,132026.SH,sell_then_buy,13:20:47,135.787,13:21:58,135.506,0.281,100,1000,sell,buy,maker_v01_queue,queue,maker_queue_v1_0,1000.0,2000.0,2000.0,2000.0,837.94,837.94,2000,2000,2000,2000,1000,0,0,[],not_exactly_matched_needs_causal_execution_audit,[],[],null,null,null,causal_mode_in_review_required,unreviewed,unreviewed
2026-08-14_132026.SH_T096,2026-08-14,132026.SH,buy_then_sell,13:21:58,135.506,13:22:17,135.799,0.293,100,1000,buy,sell,maker_v01_priority,priority,maker_priority_v1_38_candidate,1000.0,2000.0,1000.0,1000.0,147990.48,147990.48,1000,1000,1000,1000,1000,0,0,[],not_exactly_matched_needs_causal_execution_audit,[],[],null,null,"{""open_time"": ""13:13:24"", ""open_price"": 135.304, ""open_quantity_bonds"": 1000.0, ""close_time"": ""13:28:15"", ""close_price"": 135.989, ""close_quantity_bonds"": 1000.0, ""matched_quantity_bonds"": 1000.0, ""edge"": 0.685, ""gross_edge_cash"": 685.0}",economic_pair_cross_turn_600s_needs_path_review,unreviewed,unreviewed
2026-08-14_132026.SH_T096,2026-08-14,132026.SH,buy_then_sell,13:21:58,135.506,13:22:17,135.799,0.293,100,1000,buy,sell,maker_v01_queue,queue,maker_queue_v1_0,1000.0,2000.0,2000.0,2000.0,837.94,837.94,0,0,0,0,1000,0,0,[],not_exactly_matched_needs_causal_execution_audit,[],[],null,null,null,opening_inventory_or_cash_capacity_blocked,unreviewed,unreviewed
2026-08-14_132026.SH_T097,2026-08-14,132026.SH,sell_then_buy,13:22:17,135.799,13:26:51,135.201,0.598,100,1000,sell,buy,maker_v01_priority,priority,maker_priority_v1_38_candidate,1000.0,2000.0,1000.0,1000.0,147990.48,147990.48,1000,1000,1000,1000,1000,0,0,[],not_exactly_matched_needs_causal_execution_audit,[],[],null,null,"{""open_time"": ""13:15:45"", ""open_price"": 136.442, ""open_quantity_bonds"": 1000.0, ""close_time"": ""13:28:24"", ""close_price"": 135.602, ""close_quantity_bonds"": 1000.0, ""matched_quantity_bonds"": 1000.0, ""edge"": 0.84, ""gross_edge_cash"": 840.0}",economic_pair_cross_turn_600s_needs_path_review,unreviewed,unreviewed
2026-08-14_132026.SH_T097,2026-08-14,132026.SH,sell_then_buy,13:22:17,135.799,13:26:51,135.201,0.598,100,1000,sell,buy,maker_v01_queue,queue,maker_queue_v1_0,1000.0,2000.0,2000.0,2000.0,837.94,837.94,2000,2000,2000,2000,1000,0,0,[],not_exactly_matched_needs_causal_execution_audit,[],[],null,null,null,causal_mode_in_review_required,unreviewed,unreviewed
2026-08-14_132026.SH_T098,2026-08-14,132026.SH,buy_then_sell,13:26:51,135.201,13:27:34,135.599,0.398,400,1000,buy,sell,maker_v01_priority,priority,maker_priority_v1_38_candidate,1000.0,2000.0,1000.0,1000.0,147990.48,147990.48,1000,1000,1000,1000,1000,1,0,"[{""order_id"": 816, ""kind"": ""low_bid_reversion"", ""limit_price"": 135.201, ""quantity_bonds"": 1000.0, ""filled_quantity_bonds"": 0.0, ""created_market_time"": ""13:26:51"", ""updated_market_time"": ""13:26:54"", ""status"": ""cancelled"", ""cancel_reason"": ""maker_reprice"", ""initial_queue_ahead_bonds"": 0.0, ""final_queue_ahead_bonds"": 0.0, ""created_same_second_as_tape"": true}]",not_exactly_matched_needs_causal_execution_audit,[],[],null,null,"{""open_time"": ""13:13:24"", ""open_price"": 135.304, ""open_quantity_bonds"": 1000.0, ""close_time"": ""13:37:03"", ""close_price"": 135.998, ""close_quantity_bonds"": 1000.0, ""matched_quantity_bonds"": 1000.0, ""edge"": 0.694, ""gross_edge_cash"": 694.0}",economic_pair_cross_turn_600s_needs_path_review,unreviewed,unreviewed
2026-08-14_132026.SH_T098,2026-08-14,132026.SH,buy_then_sell,13:26:51,135.201,13:27:34,135.599,0.398,400,1000,buy,sell,maker_v01_queue,queue,maker_queue_v1_0,1000.0,2000.0,2000.0,2000.0,837.94,837.94,0,0,0,0,1000,0,0,[],not_exactly_matched_needs_causal_execution_audit,[],[],null,null,null,opening_inventory_or_cash_capacity_blocked,unreviewed,unreviewed
2026-08-14_132026.SH_T099,2026-08-14,132026.SH,buy_then_sell,13:27:53,135.599,13:28:14,135.989,0.39,100,1000,buy,sell,maker_v01_priority,priority,maker_priority_v1_38_candidate,1000.0,2000.0,1000.0,1000.0,147990.48,147990.48,1000,1000,1000,1000,1000,0,0,[],best_pair_close_leg_matched_only,[],"[{""order_id"": 832, ""strategy_id"": ""maker_v01_priority"", ""model_id"": ""maker_priority_v1_38_candidate"", ""market_time"": ""13:28:15"", ""side"": ""sell"", ""price"": 135.989, ""quantity_bonds"": 1000.0, ""fill_reason"": ""passive_sell"", ""inventory_after_bonds"": 0.0, ""reference_tick_id"": 83045, ""crossed_book_residual_price"": 0.0, ""crossed_book_residual_bonds"": 0.0}]",null,null,null,causal_mode_in_review_required,unreviewed,unreviewed
2026-08-14_132026.SH_T099,2026-08-14,132026.SH,buy_then_sell,13:27:53,135.599,13:28:14,135.989,0.39,100,1000,buy,sell,maker_v01_queue,queue,maker_queue_v1_0,1000.0,2000.0,2000.0,2000.0,837.94,837.94,0,0,0,0,1000,0,0,[],not_exactly_matched_needs_causal_execution_audit,[],[],null,null,null,opening_inventory_or_cash_capacity_blocked,unreviewed,unreviewed
2026-08-14_132026.SH_T100,2026-08-14,132026.SH,sell_then_buy,13:28:14,135.989,13:28:21,135.601,0.388,100,1000,sell,buy,maker_v01_priority,priority,maker_priority_v1_38_candidate,1000.0,2000.0,1000.0,1000.0,147990.48,147990.48,1000,1000,1000,1000,1000,1,1,"[{""order_id"": 832, ""kind"": ""inventory_exit"", ""limit_price"": 135.989, ""quantity_bonds"": 1000.0, ""filled_quantity_bonds"": 1000.0, ""created_market_time"": ""13:28:12"", ""updated_market_time"": ""13:28:15"", ""status"": ""filled"", ""cancel_reason"": null, ""initial_queue_ahead_bonds"": 0.0, ""final_queue_ahead_bonds"": 0.0, ""created_same_second_as_tape"": false}]",best_pair_both_legs_matched,"[{""order_id"": 832, ""strategy_id"": ""maker_v01_priority"", ""model_id"": ""maker_priority_v1_38_candidate"", ""market_time"": ""13:28:15"", ""side"": ""sell"", ""price"": 135.989, ""quantity_bonds"": 1000.0, ""fill_reason"": ""passive_sell"", ""inventory_after_bonds"": 0.0, ""reference_tick_id"": 83045, ""crossed_book_residual_price"": 0.0, ""crossed_book_residual_bonds"": 0.0}]","[{""order_id"": 833, ""strategy_id"": ""maker_v01_priority"", ""model_id"": ""maker_priority_v1_38_candidate"", ""market_time"": ""13:28:24"", ""side"": ""buy"", ""price"": 135.602, ""quantity_bonds"": 1000.0, ""fill_reason"": ""passive_buy"", ""inventory_after_bonds"": 1000.0, ""reference_tick_id"": 83052, ""crossed_book_residual_price"": 0.0, ""crossed_book_residual_bonds"": 0.0}]",null,"{""open_time"": ""13:28:15"", ""open_price"": 135.989, ""open_quantity_bonds"": 1000.0, ""close_time"": ""13:28:24"", ""close_price"": 135.602, ""close_quantity_bonds"": 1000.0, ""matched_quantity_bonds"": 1000.0, ""edge"": 0.387, ""gross_edge_cash"": 387.0}","{""open_time"": ""13:28:15"", ""open_price"": 135.989, ""open_quantity_bonds"": 1000.0, ""close_time"": ""13:28:24"", ""close_price"": 135.602, ""close_quantity_bonds"": 1000.0, ""matched_quantity_bonds"": 1000.0, ""edge"": 0.387, ""gross_edge_cash"": 387.0}",exact_best_pair_capture,unreviewed,unreviewed
2026-08-14_132026.SH_T100,2026-08-14,132026.SH,sell_then_buy,13:28:14,135.989,13:28:21,135.601,0.388,100,1000,sell,buy,maker_v01_queue,queue,maker_queue_v1_0,1000.0,2000.0,2000.0,2000.0,837.94,837.94,2000,2000,2000,2000,1000,0,0,[],not_exactly_matched_needs_causal_execution_audit,[],[],null,null,null,causal_mode_in_review_required,unreviewed,unreviewed
2026-08-14_132026.SH_T101,2026-08-14,132026.SH,buy_then_sell,13:28:21,135.601,13:28:39,135.9,0.299,100,1000,buy,sell,maker_v01_priority,priority,maker_priority_v1_38_candidate,1000.0,2000.0,0.0,0.0,283979.48,283979.48,2000,2000,2000,2000,1000,1,1,"[{""order_id"": 833, ""kind"": ""inventory_replenish"", ""limit_price"": 135.602, ""quantity_bonds"": 1000.0, ""filled_quantity_bonds"": 1000.0, ""created_market_time"": ""13:28:15"", ""updated_market_time"": ""13:28:24"", ""status"": ""filled"", ""cancel_reason"": null, ""initial_queue_ahead_bonds"": 0.0, ""final_queue_ahead_bonds"": 0.0, ""created_same_second_as_tape"": false}]",best_pair_both_legs_matched,"[{""order_id"": 833, ""strategy_id"": ""maker_v01_priority"", ""model_id"": ""maker_priority_v1_38_candidate"", ""market_time"": ""13:28:24"", ""side"": ""buy"", ""price"": 135.602, ""quantity_bonds"": 1000.0, ""fill_reason"": ""passive_buy"", ""inventory_after_bonds"": 1000.0, ""reference_tick_id"": 83052, ""crossed_book_residual_price"": 0.0, ""crossed_book_residual_bonds"": 0.0}]","[{""order_id"": 840, ""strategy_id"": ""maker_v01_priority"", ""model_id"": ""maker_priority_v1_38_candidate"", ""market_time"": ""13:28:42"", ""side"": ""sell"", ""price"": 135.899, ""quantity_bonds"": 1000.0, ""fill_reason"": ""passive_sell"", ""inventory_after_bonds"": 0.0, ""reference_tick_id"": 83065, ""crossed_book_residual_price"": 0.0, ""crossed_book_residual_bonds"": 0.0}]",null,"{""open_time"": ""13:28:24"", ""open_price"": 135.602, ""open_quantity_bonds"": 1000.0, ""close_time"": ""13:28:42"", ""close_price"": 135.899, ""close_quantity_bonds"": 1000.0, ""matched_quantity_bonds"": 1000.0, ""edge"": 0.297, ""gross_edge_cash"": 297.0}","{""open_time"": ""13:28:24"", ""open_price"": 135.602, ""open_quantity_bonds"": 1000.0, ""close_time"": ""13:37:03"", ""close_price"": 135.998, ""close_quantity_bonds"": 1000.0, ""matched_quantity_bonds"": 1000.0, ""edge"": 0.396, ""gross_edge_cash"": 396.0}",exact_best_pair_capture,unreviewed,unreviewed
2026-08-14_132026.SH_T101,2026-08-14,132026.SH,buy_then_sell,13:28:21,135.601,13:28:39,135.9,0.299,100,1000,buy,sell,maker_v01_queue,queue,maker_queue_v1_0,1000.0,2000.0,2000.0,2000.0,837.94,837.94,0,0,0,0,1000,0,0,[],not_exactly_matched_needs_causal_execution_audit,[],[],null,null,null,opening_inventory_or_cash_capacity_blocked,unreviewed,unreviewed
2026-08-14_132026.SH_T102,2026-08-14,132026.SH,sell_then_buy,13:28:39,135.9,13:28:50,135.601,0.299,100,1000,sell,buy,maker_v01_priority,priority,maker_priority_v1_38_candidate,1000.0,2000.0,1000.0,1000.0,148377.48,148377.48,1000,1000,1000,1000,1000,1,0,"[{""order_id"": 840, ""kind"": ""inventory_exit"", ""limit_price"": 135.899, ""quantity_bonds"": 1000.0, ""filled_quantity_bonds"": 1000.0, ""created_market_time"": ""13:28:39"", ""updated_market_time"": ""13:28:42"", ""status"": ""filled"", ""cancel_reason"": null, ""initial_queue_ahead_bonds"": 0.0, ""final_queue_ahead_bonds"": 0.0, ""created_same_second_as_tape"": true}]",best_pair_both_legs_matched,"[{""order_id"": 840, ""strategy_id"": ""maker_v01_priority"", ""model_id"": ""maker_priority_v1_38_candidate"", ""market_time"": ""13:28:42"", ""side"": ""sell"", ""price"": 135.899, ""quantity_bonds"": 1000.0, ""fill_reason"": ""passive_sell"", ""inventory_after_bonds"": 0.0, ""reference_tick_id"": 83065, ""crossed_book_residual_price"": 0.0, ""crossed_book_residual_bonds"": 0.0}]","[{""order_id"": 841, ""strategy_id"": ""maker_v01_priority"", ""model_id"": ""maker_priority_v1_38_candidate"", ""market_time"": ""13:28:51"", ""side"": ""buy"", ""price"": 135.602, ""quantity_bonds"": 1000.0, ""fill_reason"": ""passive_buy"", ""inventory_after_bonds"": 1000.0, ""reference_tick_id"": 83072, ""crossed_book_residual_price"": 0.0, ""crossed_book_residual_bonds"": 0.0}]",null,"{""open_time"": ""13:28:15"", ""open_price"": 135.989, ""open_quantity_bonds"": 1000.0, ""close_time"": ""13:28:51"", ""close_price"": 135.602, ""close_quantity_bonds"": 1000.0, ""matched_quantity_bonds"": 1000.0, ""edge"": 0.387, ""gross_edge_cash"": 387.0}","{""open_time"": ""13:28:15"", ""open_price"": 135.989, ""open_quantity_bonds"": 1000.0, ""close_time"": ""13:28:51"", ""close_price"": 135.602, ""close_quantity_bonds"": 1000.0, ""matched_quantity_bonds"": 1000.0, ""edge"": 0.387, ""gross_edge_cash"": 387.0}",exact_best_pair_capture,unreviewed,unreviewed
2026-08-14_132026.SH_T102,2026-08-14,132026.SH,sell_then_buy,13:28:39,135.9,13:28:50,135.601,0.299,100,1000,sell,buy,maker_v01_queue,queue,maker_queue_v1_0,1000.0,2000.0,2000.0,2000.0,837.94,837.94,2000,2000,2000,2000,1000,0,0,[],not_exactly_matched_needs_causal_execution_audit,[],[],null,null,null,causal_mode_in_review_required,unreviewed,unreviewed
2026-08-14_132026.SH_T103,2026-08-14,132026.SH,buy_then_sell,13:28:50,135.601,13:28:58,135.879,0.278,100,1000,buy,sell,maker_v01_priority,priority,maker_priority_v1_38_candidate,1000.0,2000.0,0.0,0.0,284276.48,284276.48,2000,2000,2000,2000,1000,1,1,"[{""order_id"": 841, ""kind"": ""inventory_replenish"", ""limit_price"": 135.602, ""quantity_bonds"": 1000.0, ""filled_quantity_bonds"": 1000.0, ""created_market_time"": ""13:28:42"", ""updated_market_time"": ""13:28:51"", ""status"": ""filled"", ""cancel_reason"": null, ""initial_queue_ahead_bonds"": 0.0, ""final_queue_ahead_bonds"": 0.0, ""created_same_second_as_tape"": false}]",best_pair_open_leg_matched_only,"[{""order_id"": 841, ""strategy_id"": ""maker_v01_priority"", ""model_id"": ""maker_priority_v1_38_candidate"", ""market_time"": ""13:28:51"", ""side"": ""buy"", ""price"": 135.602, ""quantity_bonds"": 1000.0, ""fill_reason"": ""passive_buy"", ""inventory_after_bonds"": 1000.0, ""reference_tick_id"": 83072, ""crossed_book_residual_price"": 0.0, ""crossed_book_residual_bonds"": 0.0}]",[],null,null,"{""open_time"": ""13:28:24"", ""open_price"": 135.602, ""open_quantity_bonds"": 1000.0, ""close_time"": ""13:37:03"", ""close_price"": 135.998, ""close_quantity_bonds"": 1000.0, ""matched_quantity_bonds"": 1000.0, ""edge"": 0.396, ""gross_edge_cash"": 396.0}",economic_pair_cross_turn_600s_needs_path_review,unreviewed,unreviewed
2026-08-14_132026.SH_T103,2026-08-14,132026.SH,buy_then_sell,13:28:50,135.601,13:28:58,135.879,0.278,100,1000,buy,sell,maker_v01_queue,queue,maker_queue_v1_0,1000.0,2000.0,2000.0,2000.0,837.94,837.94,0,0,0,0,1000,0,0,[],not_exactly_matched_needs_causal_execution_audit,[],[],null,null,null,opening_inventory_or_cash_capacity_blocked,unreviewed,unreviewed
2026-08-14_132026.SH_T104,2026-08-14,132026.SH,sell_then_buy,13:28:58,135.879,13:29:39,135.6,0.279,100,1000,sell,buy,maker_v01_priority,priority,maker_priority_v1_38_candidate,1000.0,2000.0,1000.0,1000.0,148674.48,148674.48,1000,1000,1000,1000,1000,0,0,[],not_exactly_matched_needs_causal_execution_audit,[],[],null,"{""open_time"": ""13:28:15"", ""open_price"": 135.989, ""open_quantity_bonds"": 1000.0, ""close_time"": ""13:34:54"", ""close_price"": 135.702, ""close_quantity_bonds"": 1000.0, ""matched_quantity_bonds"": 1000.0, ""edge"": 0.287, ""gross_edge_cash"": 287.0}","{""open_time"": ""13:28:15"", ""open_price"": 135.989, ""open_quantity_bonds"": 1000.0, ""close_time"": ""13:34:54"", ""close_price"": 135.702, ""close_quantity_bonds"": 1000.0, ""matched_quantity_bonds"": 1000.0, ""edge"": 0.287, ""gross_edge_cash"": 287.0}",economic_pair_nearby_needs_cross_turn_review,unreviewed,unreviewed
2026-08-14_132026.SH_T104,2026-08-14,132026.SH,sell_then_buy,13:28:58,135.879,13:29:39,135.6,0.279,100,1000,sell,buy,maker_v01_queue,queue,maker_queue_v1_0,1000.0,2000.0,2000.0,2000.0,837.94,837.94,2000,2000,2000,2000,1000,0,0,[],not_exactly_matched_needs_causal_execution_audit,[],[],null,null,null,causal_mode_in_review_required,unreviewed,unreviewed
2026-08-14_132026.SH_T105,2026-08-14,132026.SH,buy_then_sell,13:29:39,135.6,13:34:43,135.999,0.399,100,1000,buy,sell,maker_v01_priority,priority,maker_priority_v1_38_candidate,1000.0,2000.0,1000.0,1000.0,148674.48,148674.48,1000,1000,1000,1000,1000,1,1,"[{""order_id"": 844, ""kind"": ""low_bid_reversion"", ""limit_price"": 135.602, ""quantity_bonds"": 1000.0, ""filled_quantity_bonds"": 0.0, ""created_market_time"": ""13:29:36"", ""updated_market_time"": ""13:29:39"", ""status"": ""cancelled"", ""cancel_reason"": ""maker_reprice"", ""initial_queue_ahead_bonds"": 0.0, ""final_queue_ahead_bonds"": 0.0, ""created_same_second_as_tape"": false}]",not_exactly_matched_needs_causal_execution_audit,[],[],null,null,"{""open_time"": ""13:28:24"", ""open_price"": 135.602, ""open_quantity_bonds"": 1000.0, ""close_time"": ""13:44:24"", ""close_price"": 137.195, ""close_quantity_bonds"": 1000.0, ""matched_quantity_bonds"": 1000.0, ""edge"": 1.593, ""gross_edge_cash"": 1593.0}",economic_pair_cross_turn_600s_needs_path_review,unreviewed,unreviewed
2026-08-14_132026.SH_T105,2026-08-14,132026.SH,buy_then_sell,13:29:39,135.6,13:34:43,135.999,0.399,100,1000,buy,sell,maker_v01_queue,queue,maker_queue_v1_0,1000.0,2000.0,2000.0,2000.0,837.94,837.94,0,0,0,0,1000,0,0,[],not_exactly_matched_needs_causal_execution_audit,[],[],null,null,null,opening_inventory_or_cash_capacity_blocked,unreviewed,unreviewed
2026-08-14_132026.SH_T106,2026-08-14,132026.SH,sell_then_buy,13:34:43,135.999,13:34:53,135.7,0.299,100,1000,sell,buy,maker_v01_priority,priority,maker_priority_v1_38_candidate,1000.0,2000.0,1000.0,1000.0,148674.48,148674.48,1000,1000,1000,1000,1000,0,0,[],best_pair_close_leg_matched_only,[],"[{""order_id"": 846, ""strategy_id"": ""maker_v01_priority"", ""model_id"": ""maker_priority_v1_38_candidate"", ""market_time"": ""13:34:54"", ""side"": ""buy"", ""price"": 135.702, ""quantity_bonds"": 1000.0, ""fill_reason"": ""passive_buy"", ""inventory_after_bonds"": 2000.0, ""reference_tick_id"": 83300, ""crossed_book_residual_price"": 0.0, ""crossed_book_residual_bonds"": 0.0}]",null,null,"{""open_time"": ""13:28:15"", ""open_price"": 135.989, ""open_quantity_bonds"": 1000.0, ""close_time"": ""13:34:54"", ""close_price"": 135.702, ""close_quantity_bonds"": 1000.0, ""matched_quantity_bonds"": 1000.0, ""edge"": 0.287, ""gross_edge_cash"": 287.0}",economic_pair_cross_turn_600s_needs_path_review,unreviewed,unreviewed
2026-08-14_132026.SH_T106,2026-08-14,132026.SH,sell_then_buy,13:34:43,135.999,13:34:53,135.7,0.299,100,1000,sell,buy,maker_v01_queue,queue,maker_queue_v1_0,1000.0,2000.0,2000.0,2000.0,837.94,837.94,2000,2000,2000,2000,1000,0,0,[],not_exactly_matched_needs_causal_execution_audit,[],[],null,null,null,causal_mode_in_review_required,unreviewed,unreviewed
2026-08-14_132026.SH_T107,2026-08-14,132026.SH,buy_then_sell,13:34:53,135.7,13:35:55,135.8,0.1,100,1000,buy,sell,maker_v01_priority,priority,maker_priority_v1_38_candidate,1000.0,2000.0,1000.0,1000.0,148674.48,148674.48,1000,1000,1000,1000,1000,1,1,"[{""order_id"": 846, ""kind"": ""high_side_validated_corridor_entry"", ""limit_price"": 135.702, ""quantity_bonds"": 1000.0, ""filled_quantity_bonds"": 1000.0, ""created_market_time"": ""13:34:45"", ""updated_market_time"": ""13:34:54"", ""status"": ""filled"", ""cancel_reason"": null, ""initial_queue_ahead_bonds"": 0.0, ""final_queue_ahead_bonds"": 0.0, ""created_same_second_as_tape"": false}]",best_pair_open_leg_matched_only,"[{""order_id"": 846, ""strategy_id"": ""maker_v01_priority"", ""model_id"": ""maker_priority_v1_38_candidate"", ""market_time"": ""13:34:54"", ""side"": ""buy"", ""price"": 135.702, ""quantity_bonds"": 1000.0, ""fill_reason"": ""passive_buy"", ""inventory_after_bonds"": 2000.0, ""reference_tick_id"": 83300, ""crossed_book_residual_price"": 0.0, ""crossed_book_residual_bonds"": 0.0}]",[],null,"{""open_time"": ""13:34:54"", ""open_price"": 135.702, ""open_quantity_bonds"": 1000.0, ""close_time"": ""13:37:03"", ""close_price"": 135.998, ""close_quantity_bonds"": 1000.0, ""matched_quantity_bonds"": 1000.0, ""edge"": 0.296, ""gross_edge_cash"": 296.0}","{""open_time"": ""13:28:24"", ""open_price"": 135.602, ""open_quantity_bonds"": 1000.0, ""close_time"": ""13:44:24"", ""close_price"": 137.195, ""close_quantity_bonds"": 1000.0, ""matched_quantity_bonds"": 1000.0, ""edge"": 1.593, ""gross_edge_cash"": 1593.0}",economic_pair_nearby_needs_cross_turn_review,unreviewed,unreviewed
2026-08-14_132026.SH_T107,2026-08-14,132026.SH,buy_then_sell,13:34:53,135.7,13:35:55,135.8,0.1,100,1000,buy,sell,maker_v01_queue,queue,maker_queue_v1_0,1000.0,2000.0,2000.0,2000.0,837.94,837.94,0,0,0,0,1000,0,0,[],not_exactly_matched_needs_causal_execution_audit,[],[],null,null,null,opening_inventory_or_cash_capacity_blocked,unreviewed,unreviewed
2026-08-14_132026.SH_T108,2026-08-14,132026.SH,sell_then_buy,13:35:55,135.8,13:36:00,135.714,0.086,100,1000,sell,buy,maker_v01_priority,priority,maker_priority_v1_38_candidate,1000.0,2000.0,2000.0,2000.0,12972.48,12972.48,2000,2000,2000,2000,1000,0,0,[],not_exactly_matched_needs_causal_execution_audit,[],[],null,null,null,causal_mode_in_review_required,unreviewed,unreviewed
2026-08-14_132026.SH_T108,2026-08-14,132026.SH,sell_then_buy,13:35:55,135.8,13:36:00,135.714,0.086,100,1000,sell,buy,maker_v01_queue,queue,maker_queue_v1_0,1000.0,2000.0,2000.0,2000.0,837.94,837.94,2000,2000,2000,2000,1000,0,0,[],not_exactly_matched_needs_causal_execution_audit,[],[],null,null,null,causal_mode_in_review_required,unreviewed,unreviewed
2026-08-14_132026.SH_T109,2026-08-14,132026.SH,buy_then_sell,13:36:00,135.714,13:37:02,135.999,0.285,100,1000,buy,sell,maker_v01_priority,priority,maker_priority_v1_38_candidate,1000.0,2000.0,2000.0,2000.0,12972.48,12972.48,0,0,0,0,1000,0,0,[],best_pair_close_leg_matched_only,[],"[{""order_id"": 848, ""strategy_id"": ""maker_v01_priority"", ""model_id"": ""maker_priority_v1_38_candidate"", ""market_time"": ""13:37:03"", ""side"": ""sell"", ""price"": 135.998, ""quantity_bonds"": 1000.0, ""fill_reason"": ""passive_sell"", ""inventory_after_bonds"": 1000.0, ""reference_tick_id"": 83379, ""crossed_book_residual_price"": 0.0, ""crossed_book_residual_bonds"": 0.0}]",null,"{""open_time"": ""13:34:54"", ""open_price"": 135.702, ""open_quantity_bonds"": 1000.0, ""close_time"": ""13:37:03"", ""close_price"": 135.998, ""close_quantity_bonds"": 1000.0, ""matched_quantity_bonds"": 1000.0, ""edge"": 0.296, ""gross_edge_cash"": 296.0}","{""open_time"": ""13:28:24"", ""open_price"": 135.602, ""open_quantity_bonds"": 1000.0, ""close_time"": ""13:44:24"", ""close_price"": 137.195, ""close_quantity_bonds"": 1000.0, ""matched_quantity_bonds"": 1000.0, ""edge"": 1.593, ""gross_edge_cash"": 1593.0}",economic_pair_nearby_needs_cross_turn_review,unreviewed,unreviewed
2026-08-14_132026.SH_T109,2026-08-14,132026.SH,buy_then_sell,13:36:00,135.714,13:37:02,135.999,0.285,100,1000,buy,sell,maker_v01_queue,queue,maker_queue_v1_0,1000.0,2000.0,2000.0,2000.0,837.94,837.94,0,0,0,0,1000,0,0,[],not_exactly_matched_needs_causal_execution_audit,[],[],null,null,null,opening_inventory_or_cash_capacity_blocked,unreviewed,unreviewed
2026-08-14_132026.SH_T110,2026-08-14,132026.SH,sell_then_buy,13:37:02,135.999,13:37:10,135.8,0.199,200,1000,sell,buy,maker_v01_priority,priority,maker_priority_v1_38_candidate,1000.0,2000.0,2000.0,2000.0,12972.48,12972.48,2000,2000,2000,2000,1000,1,1,"[{""order_id"": 848, ""kind"": ""inventory_exit"", ""limit_price"": 135.998, ""quantity_bonds"": 1000.0, ""filled_quantity_bonds"": 1000.0, ""created_market_time"": ""13:35:57"", ""updated_market_time"": ""13:37:03"", ""status"": ""filled"", ""cancel_reason"": null, ""initial_queue_ahead_bonds"": 0.0, ""final_queue_ahead_bonds"": 0.0, ""created_same_second_as_tape"": false}]",best_pair_open_leg_matched_only,"[{""order_id"": 848, ""strategy_id"": ""maker_v01_priority"", ""model_id"": ""maker_priority_v1_38_candidate"", ""market_time"": ""13:37:03"", ""side"": ""sell"", ""price"": 135.998, ""quantity_bonds"": 1000.0, ""fill_reason"": ""passive_sell"", ""inventory_after_bonds"": 1000.0, ""reference_tick_id"": 83379, ""crossed_book_residual_price"": 0.0, ""crossed_book_residual_bonds"": 0.0}]",[],null,null,null,preexisting_reaching_order_needs_execution_audit,unreviewed,unreviewed
2026-08-14_132026.SH_T110,2026-08-14,132026.SH,sell_then_buy,13:37:02,135.999,13:37:10,135.8,0.199,200,1000,sell,buy,maker_v01_queue,queue,maker_queue_v1_0,1000.0,2000.0,2000.0,2000.0,837.94,837.94,2000,2000,2000,2000,1000,0,0,[],not_exactly_matched_needs_causal_execution_audit,[],[],null,null,null,causal_mode_in_review_required,unreviewed,unreviewed
2026-08-14_132026.SH_T111,2026-08-14,132026.SH,buy_then_sell,13:37:10,135.8,13:42:59,135.999,0.199,100,1000,buy,sell,maker_v01_priority,priority,maker_priority_v1_38_candidate,1000.0,2000.0,1000.0,1000.0,148970.48,148970.48,1000,1000,1000,1000,1000,0,0,[],not_exactly_matched_needs_causal_execution_audit,[],[],null,null,"{""open_time"": ""13:28:24"", ""open_price"": 135.602, ""open_quantity_bonds"": 1000.0, ""close_time"": ""13:44:24"", ""close_price"": 137.195, ""close_quantity_bonds"": 1000.0, ""matched_quantity_bonds"": 1000.0, ""edge"": 1.593, ""gross_edge_cash"": 1593.0}",economic_pair_cross_turn_600s_needs_path_review,unreviewed,unreviewed
2026-08-14_132026.SH_T111,2026-08-14,132026.SH,buy_then_sell,13:37:10,135.8,13:42:59,135.999,0.199,100,1000,buy,sell,maker_v01_queue,queue,maker_queue_v1_0,1000.0,2000.0,2000.0,2000.0,837.94,837.94,0,0,0,0,1000,0,0,[],not_exactly_matched_needs_causal_execution_audit,[],[],null,null,null,opening_inventory_or_cash_capacity_blocked,unreviewed,unreviewed
2026-08-14_132026.SH_T112,2026-08-14,132026.SH,buy_then_sell,13:44:12,135.999,13:44:22,137.196,1.197,100,1000,buy,sell,maker_v01_priority,priority,maker_priority_v1_38_candidate,1000.0,2000.0,1000.0,2000.0,148970.48,12970.48,1000,0,0,1000,1000,1,0,"[{""order_id"": 851, ""kind"": ""sweep_tail"", ""limit_price"": 136.0, ""quantity_bonds"": 1000.0, ""filled_quantity_bonds"": 1000.0, ""created_market_time"": ""13:44:12"", ""updated_market_time"": ""13:44:12"", ""status"": ""filled"", ""cancel_reason"": null, ""initial_queue_ahead_bonds"": 0.0, ""final_queue_ahead_bonds"": 0.0, ""created_same_second_as_tape"": true}]",best_pair_both_legs_matched,"[{""order_id"": 851, ""strategy_id"": ""maker_v01_priority"", ""model_id"": ""maker_priority_v1_38_candidate"", ""market_time"": ""13:44:12"", ""side"": ""buy"", ""price"": 136.0, ""quantity_bonds"": 1000.0, ""fill_reason"": ""active_tail_sweep"", ""inventory_after_bonds"": 2000.0, ""reference_tick_id"": 83677, ""crossed_book_residual_price"": 0.0, ""crossed_book_residual_bonds"": 0.0}]","[{""order_id"": 852, ""strategy_id"": ""maker_v01_priority"", ""model_id"": ""maker_priority_v1_38_candidate"", ""market_time"": ""13:44:24"", ""side"": ""sell"", ""price"": 137.195, ""quantity_bonds"": 1000.0, ""fill_reason"": ""passive_sell"", ""inventory_after_bonds"": 1000.0, ""reference_tick_id"": 83687, ""crossed_book_residual_price"": 0.0, ""crossed_book_residual_bonds"": 0.0}, {""order_id"": 856, ""strategy_id"": ""maker_v01_priority"", ""model_id"": ""maker_priority_v1_38_candidate"", ""market_time"": ""13:44:27"", ""side"": ""sell"", ""price"": 137.195, ""quantity_bonds"": 1000.0, ""fill_reason"": ""passive_sell"", ""inventory_after_bonds"": 0.0, ""reference_tick_id"": 83690, ""crossed_book_residual_price"": 0.0, ""crossed_book_residual_bonds"": 0.0}]","{""open_time"": ""13:44:12"", ""open_price"": 136.0, ""open_quantity_bonds"": 1000.0, ""close_time"": ""13:44:24"", ""close_price"": 137.195, ""close_quantity_bonds"": 1000.0, ""matched_quantity_bonds"": 1000.0, ""edge"": 1.195, ""gross_edge_cash"": 1195.0}","{""open_time"": ""13:44:12"", ""open_price"": 136.0, ""open_quantity_bonds"": 1000.0, ""close_time"": ""13:44:24"", ""close_price"": 137.195, ""close_quantity_bonds"": 1000.0, ""matched_quantity_bonds"": 1000.0, ""edge"": 1.195, ""gross_edge_cash"": 1195.0}","{""open_time"": ""13:34:54"", ""open_price"": 135.702, ""open_quantity_bonds"": 1000.0, ""close_time"": ""13:44:24"", ""close_price"": 137.195, ""close_quantity_bonds"": 1000.0, ""matched_quantity_bonds"": 1000.0, ""edge"": 1.493, ""gross_edge_cash"": 1493.0}",exact_best_pair_capture,unreviewed,unreviewed
2026-08-14_132026.SH_T112,2026-08-14,132026.SH,buy_then_sell,13:44:12,135.999,13:44:22,137.196,1.197,100,1000,buy,sell,maker_v01_queue,queue,maker_queue_v1_0,1000.0,2000.0,2000.0,2000.0,837.94,837.94,0,0,0,0,1000,0,0,[],not_exactly_matched_needs_causal_execution_audit,[],[],null,null,null,opening_inventory_or_cash_capacity_blocked,unreviewed,unreviewed
2026-08-14_132026.SH_T113,2026-08-14,132026.SH,sell_then_buy,13:44:22,137.196,13:45:33,135.988,1.208,1000,1000,sell,buy,maker_v01_priority,priority,maker_priority_v1_38_candidate,1000.0,2000.0,2000.0,2000.0,12970.48,12970.48,2000,2000,2000,2000,1000,1,1,"[{""order_id"": 852, ""kind"": ""inventory_exit"", ""limit_price"": 137.195, ""quantity_bonds"": 1000.0, ""filled_quantity_bonds"": 1000.0, ""created_market_time"": ""13:44:12"", ""updated_market_time"": ""13:44:24"", ""status"": ""filled"", ""cancel_reason"": null, ""initial_queue_ahead_bonds"": 0.0, ""final_queue_ahead_bonds"": 0.0, ""created_same_second_as_tape"": false}]",best_pair_open_leg_matched_only,"[{""order_id"": 852, ""strategy_id"": ""maker_v01_priority"", ""model_id"": ""maker_priority_v1_38_candidate"", ""market_time"": ""13:44:24"", ""side"": ""sell"", ""price"": 137.195, ""quantity_bonds"": 1000.0, ""fill_reason"": ""passive_sell"", ""inventory_after_bonds"": 1000.0, ""reference_tick_id"": 83687, ""crossed_book_residual_price"": 0.0, ""crossed_book_residual_bonds"": 0.0}, {""order_id"": 856, ""strategy_id"": ""maker_v01_priority"", ""model_id"": ""maker_priority_v1_38_candidate"", ""market_time"": ""13:44:27"", ""side"": ""sell"", ""price"": 137.195, ""quantity_bonds"": 1000.0, ""fill_reason"": ""passive_sell"", ""inventory_after_bonds"": 0.0, ""reference_tick_id"": 83690, ""crossed_book_residual_price"": 0.0, ""crossed_book_residual_bonds"": 0.0}]",[],"{""open_time"": ""13:44:24"", ""open_price"": 137.195, ""open_quantity_bonds"": 1000.0, ""close_time"": ""13:44:51"", ""close_price"": 136.006, ""close_quantity_bonds"": 1000.0, ""matched_quantity_bonds"": 1000.0, ""edge"": 1.189, ""gross_edge_cash"": 1189.0}","{""open_time"": ""13:44:24"", ""open_price"": 137.195, ""open_quantity_bonds"": 1000.0, ""close_time"": ""13:44:51"", ""close_price"": 136.006, ""close_quantity_bonds"": 1000.0, ""matched_quantity_bonds"": 1000.0, ""edge"": 1.189, ""gross_edge_cash"": 1189.0}","{""open_time"": ""13:44:24"", ""open_price"": 137.195, ""open_quantity_bonds"": 1000.0, ""close_time"": ""13:44:51"", ""close_price"": 136.006, ""close_quantity_bonds"": 1000.0, ""matched_quantity_bonds"": 1000.0, ""edge"": 1.189, ""gross_edge_cash"": 1189.0}",economic_pair_within_turn_needs_overlap_review,unreviewed,unreviewed
2026-08-14_132026.SH_T113,2026-08-14,132026.SH,sell_then_buy,13:44:22,137.196,13:45:33,135.988,1.208,1000,1000,sell,buy,maker_v01_queue,queue,maker_queue_v1_0,1000.0,2000.0,2000.0,2000.0,837.94,837.94,2000,2000,2000,2000,1000,2,2,"[{""order_id"": 853, ""kind"": ""inventory_exit"", ""limit_price"": 137.196, ""quantity_bonds"": 860.0, ""filled_quantity_bonds"": 0.0, ""created_market_time"": ""13:44:18"", ""updated_market_time"": ""13:44:33"", ""status"": ""cancelled"", ""cancel_reason"": ""maker_reprice"", ""initial_queue_ahead_bonds"": 8000.0, ""final_queue_ahead_bonds"": 3000.0, ""created_same_second_as_tape"": false}, {""order_id"": 854, ""kind"": ""inventory_exit"", ""limit_price"": 137.196, ""quantity_bonds"": 140.0, ""filled_quantity_bonds"": 0.0, ""created_market_time"": ""13:44:18"", ""updated_market_time"": ""13:44:33"", ""status"": ""cancelled"", ""cancel_reason"": ""maker_reprice"", ""initial_queue_ahead_bonds"": 8000.0, ""final_queue_ahead_bonds"": 8000.0, ""created_same_second_as_tape"": false}]",not_exactly_matched_needs_causal_execution_audit,[],[],null,null,null,preexisting_reaching_order_needs_execution_audit,unreviewed,unreviewed
2026-08-14_132026.SH_T114,2026-08-14,132026.SH,buy_then_sell,13:45:33,135.988,13:45:33,136.008,0.02,200,1000,buy,sell,maker_v01_priority,priority,maker_priority_v1_38_candidate,1000.0,2000.0,2000.0,2000.0,15342.48,15342.48,0,0,0,0,1000,0,0,[],not_exactly_matched_needs_causal_execution_audit,[],[],null,null,null,opening_inventory_or_cash_capacity_blocked,unreviewed,unreviewed
2026-08-14_132026.SH_T114,2026-08-14,132026.SH,buy_then_sell,13:45:33,135.988,13:45:33,136.008,0.02,200,1000,buy,sell,maker_v01_queue,queue,maker_queue_v1_0,1000.0,2000.0,2000.0,2000.0,837.94,837.94,0,0,0,0,1000,0,0,[],not_exactly_matched_needs_causal_execution_audit,[],[],null,null,null,opening_inventory_or_cash_capacity_blocked,unreviewed,unreviewed
2026-08-14_132026.SH_T115,2026-08-14,132026.SH,sell_then_buy,13:45:33,136.008,13:45:45,135.814,0.194,400,1000,sell,buy,maker_v01_priority,priority,maker_priority_v1_38_candidate,1000.0,2000.0,2000.0,2000.0,15342.48,15342.48,2000,2000,2000,2000,1000,0,0,[],not_exactly_matched_needs_causal_execution_audit,[],[],null,"{""open_time"": ""13:44:24"", ""open_price"": 137.195, ""open_quantity_bonds"": 1000.0, ""close_time"": ""13:56:30"", ""close_price"": 135.903, ""close_quantity_bonds"": 1000.0, ""matched_quantity_bonds"": 1000.0, ""edge"": 1.292, ""gross_edge_cash"": 1292.0}","{""open_time"": ""13:44:24"", ""open_price"": 137.195, ""open_quantity_bonds"": 1000.0, ""close_time"": ""13:56:30"", ""close_price"": 135.903, ""close_quantity_bonds"": 1000.0, ""matched_quantity_bonds"": 1000.0, ""edge"": 1.292, ""gross_edge_cash"": 1292.0}",economic_pair_nearby_needs_cross_turn_review,unreviewed,unreviewed
2026-08-14_132026.SH_T115,2026-08-14,132026.SH,sell_then_buy,13:45:33,136.008,13:45:45,135.814,0.194,400,1000,sell,buy,maker_v01_queue,queue,maker_queue_v1_0,1000.0,2000.0,2000.0,2000.0,837.94,837.94,2000,2000,2000,2000,1000,0,0,[],not_exactly_matched_needs_causal_execution_audit,[],[],null,null,null,causal_mode_in_review_required,unreviewed,unreviewed
2026-08-14_132026.SH_T116,2026-08-14,132026.SH,buy_then_sell,13:45:45,135.814,13:56:24,136.299,0.485,100,1000,buy,sell,maker_v01_priority,priority,maker_priority_v1_38_candidate,1000.0,2000.0,2000.0,2000.0,15342.48,15342.48,0,0,0,0,1000,0,0,[],best_pair_close_leg_matched_only,[],"[{""order_id"": 906, ""strategy_id"": ""maker_v01_priority"", ""model_id"": ""maker_priority_v1_38_candidate"", ""market_time"": ""13:56:24"", ""side"": ""sell"", ""price"": 136.298, ""quantity_bonds"": 1000.0, ""fill_reason"": ""passive_sell"", ""inventory_after_bonds"": 1000.0, ""reference_tick_id"": 84141, ""crossed_book_residual_price"": 0.0, ""crossed_book_residual_bonds"": 0.0}]",null,"{""open_time"": ""13:44:12"", ""open_price"": 136.0, ""open_quantity_bonds"": 1000.0, ""close_time"": ""13:56:24"", ""close_price"": 136.298, ""close_quantity_bonds"": 1000.0, ""matched_quantity_bonds"": 1000.0, ""edge"": 0.298, ""gross_edge_cash"": 298.0}","{""open_time"": ""13:44:12"", ""open_price"": 136.0, ""open_quantity_bonds"": 1000.0, ""close_time"": ""14:05:27"", ""close_price"": 136.879, ""close_quantity_bonds"": 1000.0, ""matched_quantity_bonds"": 1000.0, ""edge"": 0.879, ""gross_edge_cash"": 879.0}",economic_pair_nearby_needs_cross_turn_review,unreviewed,unreviewed
2026-08-14_132026.SH_T116,2026-08-14,132026.SH,buy_then_sell,13:45:45,135.814,13:56:24,136.299,0.485,100,1000,buy,sell,maker_v01_queue,queue,maker_queue_v1_0,1000.0,2000.0,2000.0,2000.0,837.94,837.94,0,0,0,0,1000,0,0,[],not_exactly_matched_needs_causal_execution_audit,[],[],null,null,null,opening_inventory_or_cash_capacity_blocked,unreviewed,unreviewed
2026-08-14_132026.SH_T117,2026-08-14,132026.SH,sell_then_buy,13:56:24,136.299,13:56:28,135.902,0.397,100,1000,sell,buy,maker_v01_priority,priority,maker_priority_v1_38_candidate,1000.0,2000.0,2000.0,1000.0,15342.48,151640.48,2000,1000,1000,2000,1000,2,1,"[{""order_id"": 906, ""kind"": ""inventory_exit"", ""limit_price"": 136.298, ""quantity_bonds"": 1000.0, ""filled_quantity_bonds"": 1000.0, ""created_market_time"": ""13:54:57"", ""updated_market_time"": ""13:56:24"", ""status"": ""filled"", ""cancel_reason"": null, ""initial_queue_ahead_bonds"": 0.0, ""final_queue_ahead_bonds"": 0.0, ""created_same_second_as_tape"": false}, {""order_id"": 908, ""kind"": ""inventory_exit"", ""limit_price"": 136.298, ""quantity_bonds"": 1000.0, ""filled_quantity_bonds"": 0.0, ""created_market_time"": ""13:56:24"", ""updated_market_time"": ""13:56:30"", ""status"": ""cancelled"", ""cancel_reason"": ""exit_context_changed"", ""initial_queue_ahead_bonds"": 0.0, ""final_queue_ahead_bonds"": 0.0, ""created_same_second_as_tape"": true}]",best_pair_both_legs_matched,"[{""order_id"": 906, ""strategy_id"": ""maker_v01_priority"", ""model_id"": ""maker_priority_v1_38_candidate"", ""market_time"": ""13:56:24"", ""side"": ""sell"", ""price"": 136.298, ""quantity_bonds"": 1000.0, ""fill_reason"": ""passive_sell"", ""inventory_after_bonds"": 1000.0, ""reference_tick_id"": 84141, ""crossed_book_residual_price"": 0.0, ""crossed_book_residual_bonds"": 0.0}]","[{""order_id"": 907, ""strategy_id"": ""maker_v01_priority"", ""model_id"": ""maker_priority_v1_38_candidate"", ""market_time"": ""13:56:30"", ""side"": ""buy"", ""price"": 135.903, ""quantity_bonds"": 1000.0, ""fill_reason"": ""passive_buy"", ""inventory_after_bonds"": 2000.0, ""reference_tick_id"": 84145, ""crossed_book_residual_price"": 0.0, ""crossed_book_residual_bonds"": 0.0}]",null,"{""open_time"": ""13:56:24"", ""open_price"": 136.298, ""open_quantity_bonds"": 1000.0, ""close_time"": ""13:56:30"", ""close_price"": 135.903, ""close_quantity_bonds"": 1000.0, ""matched_quantity_bonds"": 1000.0, ""edge"": 0.395, ""gross_edge_cash"": 395.0}","{""open_time"": ""13:56:24"", ""open_price"": 136.298, ""open_quantity_bonds"": 1000.0, ""close_time"": ""13:56:30"", ""close_price"": 135.903, ""close_quantity_bonds"": 1000.0, ""matched_quantity_bonds"": 1000.0, ""edge"": 0.395, ""gross_edge_cash"": 395.0}",exact_best_pair_capture,unreviewed,unreviewed
2026-08-14_132026.SH_T117,2026-08-14,132026.SH,sell_then_buy,13:56:24,136.299,13:56:28,135.902,0.397,100,1000,sell,buy,maker_v01_queue,queue,maker_queue_v1_0,1000.0,2000.0,2000.0,2000.0,837.94,837.94,2000,2000,2000,2000,1000,0,0,[],not_exactly_matched_needs_causal_execution_audit,[],[],null,null,null,causal_mode_in_review_required,unreviewed,unreviewed
2026-08-14_132026.SH_T118,2026-08-14,132026.SH,buy_then_sell,13:56:28,135.902,14:05:26,136.88,0.978,100,1000,buy,sell,maker_v01_priority,priority,maker_priority_v1_38_candidate,1000.0,2000.0,1000.0,1000.0,151640.48,151640.48,1000,1000,1000,1000,1000,1,1,"[{""order_id"": 907, ""kind"": ""low_bid_reversion"", ""limit_price"": 135.903, ""quantity_bonds"": 1000.0, ""filled_quantity_bonds"": 1000.0, ""created_market_time"": ""13:56:24"", ""updated_market_time"": ""13:56:30"", ""status"": ""filled"", ""cancel_reason"": null, ""initial_queue_ahead_bonds"": 0.0, ""final_queue_ahead_bonds"": 0.0, ""created_same_second_as_tape"": false}]",best_pair_both_legs_matched,"[{""order_id"": 907, ""strategy_id"": ""maker_v01_priority"", ""model_id"": ""maker_priority_v1_38_candidate"", ""market_time"": ""13:56:30"", ""side"": ""buy"", ""price"": 135.903, ""quantity_bonds"": 1000.0, ""fill_reason"": ""passive_buy"", ""inventory_after_bonds"": 2000.0, ""reference_tick_id"": 84145, ""crossed_book_residual_price"": 0.0, ""crossed_book_residual_bonds"": 0.0}]","[{""order_id"": 929, ""strategy_id"": ""maker_v01_priority"", ""model_id"": ""maker_priority_v1_38_candidate"", ""market_time"": ""14:05:27"", ""side"": ""sell"", ""price"": 136.879, ""quantity_bonds"": 1000.0, ""fill_reason"": ""passive_sell"", ""inventory_after_bonds"": 1000.0, ""reference_tick_id"": 84485, ""crossed_book_residual_price"": 0.0, ""crossed_book_residual_bonds"": 0.0}]",null,"{""open_time"": ""13:56:30"", ""open_price"": 135.903, ""open_quantity_bonds"": 1000.0, ""close_time"": ""14:05:27"", ""close_price"": 136.879, ""close_quantity_bonds"": 1000.0, ""matched_quantity_bonds"": 1000.0, ""edge"": 0.976, ""gross_edge_cash"": 976.0}","{""open_time"": ""13:56:30"", ""open_price"": 135.903, ""open_quantity_bonds"": 1000.0, ""close_time"": ""14:05:27"", ""close_price"": 136.879, ""close_quantity_bonds"": 1000.0, ""matched_quantity_bonds"": 1000.0, ""edge"": 0.976, ""gross_edge_cash"": 976.0}",exact_best_pair_capture,unreviewed,unreviewed
2026-08-14_132026.SH_T118,2026-08-14,132026.SH,buy_then_sell,13:56:28,135.902,14:05:26,136.88,0.978,100,1000,buy,sell,maker_v01_queue,queue,maker_queue_v1_0,1000.0,2000.0,2000.0,2000.0,837.94,837.94,0,0,0,0,1000,0,0,[],not_exactly_matched_needs_causal_execution_audit,[],[],null,null,null,opening_inventory_or_cash_capacity_blocked,unreviewed,unreviewed
2026-08-14_132026.SH_T119,2026-08-14,132026.SH,sell_then_buy,14:05:26,136.88,14:05:31,136.001,0.879,100,1000,sell,buy,maker_v01_priority,priority,maker_priority_v1_38_candidate,1000.0,2000.0,2000.0,2000.0,15737.48,15737.48,2000,2000,2000,2000,1000,1,1,"[{""order_id"": 929, ""kind"": ""inventory_exit"", ""limit_price"": 136.879, ""quantity_bonds"": 1000.0, ""filled_quantity_bonds"": 1000.0, ""created_market_time"": ""14:04:09"", ""updated_market_time"": ""14:05:27"", ""status"": ""filled"", ""cancel_reason"": null, ""initial_queue_ahead_bonds"": 0.0, ""final_queue_ahead_bonds"": 0.0, ""created_same_second_as_tape"": false}]",best_pair_both_legs_matched,"[{""order_id"": 929, ""strategy_id"": ""maker_v01_priority"", ""model_id"": ""maker_priority_v1_38_candidate"", ""market_time"": ""14:05:27"", ""side"": ""sell"", ""price"": 136.879, ""quantity_bonds"": 1000.0, ""fill_reason"": ""passive_sell"", ""inventory_after_bonds"": 1000.0, ""reference_tick_id"": 84485, ""crossed_book_residual_price"": 0.0, ""crossed_book_residual_bonds"": 0.0}]","[{""order_id"": 932, ""strategy_id"": ""maker_v01_priority"", ""model_id"": ""maker_priority_v1_38_candidate"", ""market_time"": ""14:05:33"", ""side"": ""buy"", ""price"": 136.002, ""quantity_bonds"": 1000.0, ""fill_reason"": ""passive_buy"", ""inventory_after_bonds"": 2000.0, ""reference_tick_id"": 84489, ""crossed_book_residual_price"": 0.0, ""crossed_book_residual_bonds"": 0.0}]",null,"{""open_time"": ""14:05:27"", ""open_price"": 136.879, ""open_quantity_bonds"": 1000.0, ""close_time"": ""14:05:33"", ""close_price"": 136.002, ""close_quantity_bonds"": 1000.0, ""matched_quantity_bonds"": 1000.0, ""edge"": 0.877, ""gross_edge_cash"": 877.0}","{""open_time"": ""14:05:27"", ""open_price"": 136.879, ""open_quantity_bonds"": 1000.0, ""close_time"": ""14:05:33"", ""close_price"": 136.002, ""close_quantity_bonds"": 1000.0, ""matched_quantity_bonds"": 1000.0, ""edge"": 0.877, ""gross_edge_cash"": 877.0}",exact_best_pair_capture,unreviewed,unreviewed
2026-08-14_132026.SH_T119,2026-08-14,132026.SH,sell_then_buy,14:05:26,136.88,14:05:31,136.001,0.879,100,1000,sell,buy,maker_v01_queue,queue,maker_queue_v1_0,1000.0,2000.0,2000.0,2000.0,837.94,837.94,2000,2000,2000,2000,1000,2,2,"[{""order_id"": 930, ""kind"": ""inventory_exit"", ""limit_price"": 136.88, ""quantity_bonds"": 860.0, ""filled_quantity_bonds"": 0.0, ""created_market_time"": ""14:04:09"", ""updated_market_time"": ""14:05:39"", ""status"": ""cancelled"", ""cancel_reason"": ""maker_reprice"", ""initial_queue_ahead_bonds"": 4000.0, ""final_queue_ahead_bonds"": 3000.0, ""created_same_second_as_tape"": false}, {""order_id"": 931, ""kind"": ""inventory_exit"", ""limit_price"": 136.88, ""quantity_bonds"": 140.0, ""filled_quantity_bonds"": 0.0, ""created_market_time"": ""14:04:09"", ""updated_market_time"": ""14:05:39"", ""status"": ""cancelled"", ""cancel_reason"": ""maker_reprice"", ""initial_queue_ahead_bonds"": 4000.0, ""final_queue_ahead_bonds"": 4000.0, ""created_same_second_as_tape"": false}]",not_exactly_matched_needs_causal_execution_audit,[],[],null,null,null,preexisting_reaching_order_needs_execution_audit,unreviewed,unreviewed
2026-08-14_132026.SH_T120,2026-08-14,132026.SH,buy_then_sell,14:05:31,136.001,14:05:56,136.777,0.776,100,1000,buy,sell,maker_v01_priority,priority,maker_priority_v1_38_candidate,1000.0,2000.0,1000.0,1000.0,152616.48,152616.48,1000,1000,1000,1000,1000,1,1,"[{""order_id"": 932, ""kind"": ""low_bid_reversion"", ""limit_price"": 136.002, ""quantity_bonds"": 1000.0, ""filled_quantity_bonds"": 1000.0, ""created_market_time"": ""14:05:27"", ""updated_market_time"": ""14:05:33"", ""status"": ""filled"", ""cancel_reason"": null, ""initial_queue_ahead_bonds"": 0.0, ""final_queue_ahead_bonds"": 0.0, ""created_same_second_as_tape"": false}]",best_pair_open_leg_matched_only,"[{""order_id"": 932, ""strategy_id"": ""maker_v01_priority"", ""model_id"": ""maker_priority_v1_38_candidate"", ""market_time"": ""14:05:33"", ""side"": ""buy"", ""price"": 136.002, ""quantity_bonds"": 1000.0, ""fill_reason"": ""passive_buy"", ""inventory_after_bonds"": 2000.0, ""reference_tick_id"": 84489, ""crossed_book_residual_price"": 0.0, ""crossed_book_residual_bonds"": 0.0}]",[],null,"{""open_time"": ""14:05:33"", ""open_price"": 136.002, ""open_quantity_bonds"": 1000.0, ""close_time"": ""14:07:27"", ""close_price"": 136.29, ""close_quantity_bonds"": 1000.0, ""matched_quantity_bonds"": 1000.0, ""edge"": 0.288, ""gross_edge_cash"": 288.0}","{""open_time"": ""13:56:30"", ""open_price"": 135.903, ""open_quantity_bonds"": 1000.0, ""close_time"": ""14:09:06"", ""close_price"": 136.499, ""close_quantity_bonds"": 1000.0, ""matched_quantity_bonds"": 1000.0, ""edge"": 0.596, ""gross_edge_cash"": 596.0}",economic_pair_nearby_needs_cross_turn_review,unreviewed,unreviewed
2026-08-14_132026.SH_T120,2026-08-14,132026.SH,buy_then_sell,14:05:31,136.001,14:05:56,136.777,0.776,100,1000,buy,sell,maker_v01_queue,queue,maker_queue_v1_0,1000.0,2000.0,2000.0,2000.0,837.94,837.94,0,0,0,0,1000,0,0,[],not_exactly_matched_needs_causal_execution_audit,[],[],null,null,null,opening_inventory_or_cash_capacity_blocked,unreviewed,unreviewed
2026-08-14_132026.SH_T121,2026-08-14,132026.SH,sell_then_buy,14:05:56,136.777,14:06:02,136.007,0.77,100,1000,sell,buy,maker_v01_priority,priority,maker_priority_v1_38_candidate,1000.0,2000.0,2000.0,2000.0,16614.48,16614.48,2000,2000,2000,2000,1000,0,0,[],not_exactly_matched_needs_causal_execution_audit,[],[],null,"{""open_time"": ""14:05:27"", ""open_price"": 136.879, ""open_quantity_bonds"": 1000.0, ""close_time"": ""14:07:42"", ""close_price"": 136.033, ""close_quantity_bonds"": 1000.0, ""matched_quantity_bonds"": 1000.0, ""edge"": 0.846, ""gross_edge_cash"": 846.0}","{""open_time"": ""14:05:27"", ""open_price"": 136.879, ""open_quantity_bonds"": 1000.0, ""close_time"": ""14:07:42"", ""close_price"": 136.033, ""close_quantity_bonds"": 1000.0, ""matched_quantity_bonds"": 1000.0, ""edge"": 0.846, ""gross_edge_cash"": 846.0}",economic_pair_nearby_needs_cross_turn_review,unreviewed,unreviewed
2026-08-14_132026.SH_T121,2026-08-14,132026.SH,sell_then_buy,14:05:56,136.777,14:06:02,136.007,0.77,100,1000,sell,buy,maker_v01_queue,queue,maker_queue_v1_0,1000.0,2000.0,2000.0,2000.0,837.94,837.94,2000,2000,2000,2000,1000,0,0,[],not_exactly_matched_needs_causal_execution_audit,[],[],null,null,null,causal_mode_in_review_required,unreviewed,unreviewed
2026-08-14_132026.SH_T122,2026-08-14,132026.SH,buy_then_sell,14:06:02,136.007,14:09:06,136.499,0.492,100,1000,buy,sell,maker_v01_priority,priority,maker_priority_v1_38_candidate,1000.0,2000.0,2000.0,2000.0,16614.48,16614.48,0,0,0,0,1000,0,0,[],best_pair_close_leg_matched_only,[],"[{""order_id"": 972, ""strategy_id"": ""maker_v01_priority"", ""model_id"": ""maker_priority_v1_38_candidate"", ""market_time"": ""14:09:06"", ""side"": ""sell"", ""price"": 136.499, ""quantity_bonds"": 1000.0, ""fill_reason"": ""passive_sell"", ""inventory_after_bonds"": 1000.0, ""reference_tick_id"": 84667, ""crossed_book_residual_price"": 0.0, ""crossed_book_residual_bonds"": 0.0}]","{""open_time"": ""14:07:42"", ""open_price"": 136.033, ""open_quantity_bonds"": 1000.0, ""close_time"": ""14:09:06"", ""close_price"": 136.499, ""close_quantity_bonds"": 1000.0, ""matched_quantity_bonds"": 1000.0, ""edge"": 0.466, ""gross_edge_cash"": 466.0}","{""open_time"": ""14:05:33"", ""open_price"": 136.002, ""open_quantity_bonds"": 1000.0, ""close_time"": ""14:09:06"", ""close_price"": 136.499, ""close_quantity_bonds"": 1000.0, ""matched_quantity_bonds"": 1000.0, ""edge"": 0.497, ""gross_edge_cash"": 497.0}","{""open_time"": ""13:56:30"", ""open_price"": 135.903, ""open_quantity_bonds"": 1000.0, ""close_time"": ""14:09:06"", ""close_price"": 136.499, ""close_quantity_bonds"": 1000.0, ""matched_quantity_bonds"": 1000.0, ""edge"": 0.596, ""gross_edge_cash"": 596.0}",economic_pair_within_turn_needs_overlap_review,unreviewed,unreviewed
2026-08-14_132026.SH_T122,2026-08-14,132026.SH,buy_then_sell,14:06:02,136.007,14:09:06,136.499,0.492,100,1000,buy,sell,maker_v01_queue,queue,maker_queue_v1_0,1000.0,2000.0,2000.0,2000.0,837.94,837.94,0,0,0,0,1000,0,0,[],not_exactly_matched_needs_causal_execution_audit,[],[],null,null,null,opening_inventory_or_cash_capacity_blocked,unreviewed,unreviewed
2026-08-14_132026.SH_T123,2026-08-14,132026.SH,sell_then_buy,14:09:06,136.499,14:09:13,136.106,0.393,100,1000,sell,buy,maker_v01_priority,priority,maker_priority_v1_38_candidate,1000.0,2000.0,2000.0,1000.0,16871.48,153370.48,2000,1000,1000,2000,1000,1,1,"[{""order_id"": 972, ""kind"": ""inventory_exit"", ""limit_price"": 136.499, ""quantity_bonds"": 1000.0, ""filled_quantity_bonds"": 1000.0, ""created_market_time"": ""14:09:03"", ""updated_market_time"": ""14:09:06"", ""status"": ""filled"", ""cancel_reason"": null, ""initial_queue_ahead_bonds"": 0.0, ""final_queue_ahead_bonds"": 0.0, ""created_same_second_as_tape"": false}]",best_pair_both_legs_matched,"[{""order_id"": 972, ""strategy_id"": ""maker_v01_priority"", ""model_id"": ""maker_priority_v1_38_candidate"", ""market_time"": ""14:09:06"", ""side"": ""sell"", ""price"": 136.499, ""quantity_bonds"": 1000.0, ""fill_reason"": ""passive_sell"", ""inventory_after_bonds"": 1000.0, ""reference_tick_id"": 84667, ""crossed_book_residual_price"": 0.0, ""crossed_book_residual_bonds"": 0.0}]","[{""order_id"": 975, ""strategy_id"": ""maker_v01_priority"", ""model_id"": ""maker_priority_v1_38_candidate"", ""market_time"": ""14:09:15"", ""side"": ""buy"", ""price"": 136.106, ""quantity_bonds"": 1000.0, ""fill_reason"": ""passive_buy"", ""inventory_after_bonds"": 2000.0, ""reference_tick_id"": 84674, ""crossed_book_residual_price"": 0.0, ""crossed_book_residual_bonds"": 0.0}]",null,"{""open_time"": ""14:09:06"", ""open_price"": 136.499, ""open_quantity_bonds"": 1000.0, ""close_time"": ""14:09:15"", ""close_price"": 136.106, ""close_quantity_bonds"": 1000.0, ""matched_quantity_bonds"": 1000.0, ""edge"": 0.393, ""gross_edge_cash"": 393.0}","{""open_time"": ""14:05:27"", ""open_price"": 136.879, ""open_quantity_bonds"": 1000.0, ""close_time"": ""14:09:15"", ""close_price"": 136.106, ""close_quantity_bonds"": 1000.0, ""matched_quantity_bonds"": 1000.0, ""edge"": 0.773, ""gross_edge_cash"": 773.0}",exact_best_pair_capture,unreviewed,unreviewed
2026-08-14_132026.SH_T123,2026-08-14,132026.SH,sell_then_buy,14:09:06,136.499,14:09:13,136.106,0.393,100,1000,sell,buy,maker_v01_queue,queue,maker_queue_v1_0,1000.0,2000.0,2000.0,2000.0,837.94,837.94,2000,2000,2000,2000,1000,0,0,[],not_exactly_matched_needs_causal_execution_audit,[],[],null,null,null,causal_mode_in_review_required,unreviewed,unreviewed
2026-08-14_132026.SH_T124,2026-08-14,132026.SH,buy_then_sell,14:09:13,136.106,14:09:23,136.499,0.393,100,1000,buy,sell,maker_v01_priority,priority,maker_priority_v1_38_candidate,1000.0,2000.0,1000.0,1000.0,153370.48,153370.48,1000,1000,1000,1000,1000,1,1,"[{""order_id"": 975, ""kind"": ""low_bid_reversion"", ""limit_price"": 136.106, ""quantity_bonds"": 1000.0, ""filled_quantity_bonds"": 1000.0, ""created_market_time"": ""14:09:12"", ""updated_market_time"": ""14:09:15"", ""status"": ""filled"", ""cancel_reason"": null, ""initial_queue_ahead_bonds"": 0.0, ""final_queue_ahead_bonds"": 0.0, ""created_same_second_as_tape"": false}]",best_pair_both_legs_matched,"[{""order_id"": 975, ""strategy_id"": ""maker_v01_priority"", ""model_id"": ""maker_priority_v1_38_candidate"", ""market_time"": ""14:09:15"", ""side"": ""buy"", ""price"": 136.106, ""quantity_bonds"": 1000.0, ""fill_reason"": ""passive_buy"", ""inventory_after_bonds"": 2000.0, ""reference_tick_id"": 84674, ""crossed_book_residual_price"": 0.0, ""crossed_book_residual_bonds"": 0.0}]","[{""order_id"": 976, ""strategy_id"": ""maker_v01_priority"", ""model_id"": ""maker_priority_v1_38_candidate"", ""market_time"": ""14:09:24"", ""side"": ""sell"", ""price"": 136.498, ""quantity_bonds"": 1000.0, ""fill_reason"": ""passive_sell"", ""inventory_after_bonds"": 1000.0, ""reference_tick_id"": 84683, ""crossed_book_residual_price"": 0.0, ""crossed_book_residual_bonds"": 0.0}]",null,"{""open_time"": ""14:07:42"", ""open_price"": 136.033, ""open_quantity_bonds"": 1000.0, ""close_time"": ""14:09:24"", ""close_price"": 136.498, ""close_quantity_bonds"": 1000.0, ""matched_quantity_bonds"": 1000.0, ""edge"": 0.465, ""gross_edge_cash"": 465.0}","{""open_time"": ""14:05:33"", ""open_price"": 136.002, ""open_quantity_bonds"": 1000.0, ""close_time"": ""14:09:24"", ""close_price"": 136.498, ""close_quantity_bonds"": 1000.0, ""matched_quantity_bonds"": 1000.0, ""edge"": 0.496, ""gross_edge_cash"": 496.0}",exact_best_pair_capture,unreviewed,unreviewed
2026-08-14_132026.SH_T124,2026-08-14,132026.SH,buy_then_sell,14:09:13,136.106,14:09:23,136.499,0.393,100,1000,buy,sell,maker_v01_queue,queue,maker_queue_v1_0,1000.0,2000.0,2000.0,2000.0,837.94,837.94,0,0,0,0,1000,0,0,[],not_exactly_matched_needs_causal_execution_audit,[],[],null,null,null,opening_inventory_or_cash_capacity_blocked,unreviewed,unreviewed
2026-08-14_132026.SH_T125,2026-08-14,132026.SH,sell_then_buy,14:09:23,136.499,14:09:28,136.11,0.389,100,1000,sell,buy,maker_v01_priority,priority,maker_priority_v1_38_candidate,1000.0,2000.0,2000.0,2000.0,17264.48,17264.48,2000,2000,2000,2000,1000,1,1,"[{""order_id"": 976, ""kind"": ""inventory_exit"", ""limit_price"": 136.498, ""quantity_bonds"": 1000.0, ""filled_quantity_bonds"": 1000.0, ""created_market_time"": ""14:09:15"", ""updated_market_time"": ""14:09:24"", ""status"": ""filled"", ""cancel_reason"": null, ""initial_queue_ahead_bonds"": 0.0, ""final_queue_ahead_bonds"": 0.0, ""created_same_second_as_tape"": false}]",best_pair_both_legs_matched,"[{""order_id"": 976, ""strategy_id"": ""maker_v01_priority"", ""model_id"": ""maker_priority_v1_38_candidate"", ""market_time"": ""14:09:24"", ""side"": ""sell"", ""price"": 136.498, ""quantity_bonds"": 1000.0, ""fill_reason"": ""passive_sell"", ""inventory_after_bonds"": 1000.0, ""reference_tick_id"": 84683, ""crossed_book_residual_price"": 0.0, ""crossed_book_residual_bonds"": 0.0}]","[{""order_id"": 978, ""strategy_id"": ""maker_v01_priority"", ""model_id"": ""maker_priority_v1_38_candidate"", ""market_time"": ""14:09:30"", ""side"": ""buy"", ""price"": 136.111, ""quantity_bonds"": 1000.0, ""fill_reason"": ""passive_buy"", ""inventory_after_bonds"": 2000.0, ""reference_tick_id"": 84689, ""crossed_book_residual_price"": 0.0, ""crossed_book_residual_bonds"": 0.0}]",null,"{""open_time"": ""14:09:06"", ""open_price"": 136.499, ""open_quantity_bonds"": 1000.0, ""close_time"": ""14:09:30"", ""close_price"": 136.111, ""close_quantity_bonds"": 1000.0, ""matched_quantity_bonds"": 1000.0, ""edge"": 0.388, ""gross_edge_cash"": 388.0}","{""open_time"": ""14:05:27"", ""open_price"": 136.879, ""open_quantity_bonds"": 1000.0, ""close_time"": ""14:09:30"", ""close_price"": 136.111, ""close_quantity_bonds"": 1000.0, ""matched_quantity_bonds"": 1000.0, ""edge"": 0.768, ""gross_edge_cash"": 768.0}",exact_best_pair_capture,unreviewed,unreviewed
2026-08-14_132026.SH_T125,2026-08-14,132026.SH,sell_then_buy,14:09:23,136.499,14:09:28,136.11,0.389,100,1000,sell,buy,maker_v01_queue,queue,maker_queue_v1_0,1000.0,2000.0,2000.0,2000.0,837.94,837.94,2000,2000,2000,2000,1000,0,0,[],not_exactly_matched_needs_causal_execution_audit,[],[],null,null,null,causal_mode_in_review_required,unreviewed,unreviewed
2026-08-14_132026.SH_T126,2026-08-14,132026.SH,buy_then_sell,14:09:28,136.11,14:10:53,136.499,0.389,100,1000,buy,sell,maker_v01_priority,priority,maker_priority_v1_38_candidate,1000.0,2000.0,1000.0,1000.0,153762.48,153762.48,1000,1000,1000,1000,1000,1,1,"[{""order_id"": 978, ""kind"": ""low_bid_reversion"", ""limit_price"": 136.111, ""quantity_bonds"": 1000.0, ""filled_quantity_bonds"": 1000.0, ""created_market_time"": ""14:09:27"", ""updated_market_time"": ""14:09:30"", ""status"": ""filled"", ""cancel_reason"": null, ""initial_queue_ahead_bonds"": 0.0, ""final_queue_ahead_bonds"": 0.0, ""created_same_second_as_tape"": false}]",best_pair_both_legs_matched,"[{""order_id"": 978, ""strategy_id"": ""maker_v01_priority"", ""model_id"": ""maker_priority_v1_38_candidate"", ""market_time"": ""14:09:30"", ""side"": ""buy"", ""price"": 136.111, ""quantity_bonds"": 1000.0, ""fill_reason"": ""passive_buy"", ""inventory_after_bonds"": 2000.0, ""reference_tick_id"": 84689, ""crossed_book_residual_price"": 0.0, ""crossed_book_residual_bonds"": 0.0}]","[{""order_id"": 983, ""strategy_id"": ""maker_v01_priority"", ""model_id"": ""maker_priority_v1_38_candidate"", ""market_time"": ""14:10:54"", ""side"": ""sell"", ""price"": 136.498, ""quantity_bonds"": 1000.0, ""fill_reason"": ""passive_sell"", ""inventory_after_bonds"": 1000.0, ""reference_tick_id"": 84751, ""crossed_book_residual_price"": 0.0, ""crossed_book_residual_bonds"": 0.0}]",null,"{""open_time"": ""14:07:42"", ""open_price"": 136.033, ""open_quantity_bonds"": 1000.0, ""close_time"": ""14:10:54"", ""close_price"": 136.498, ""close_quantity_bonds"": 1000.0, ""matched_quantity_bonds"": 1000.0, ""edge"": 0.465, ""gross_edge_cash"": 465.0}","{""open_time"": ""14:05:33"", ""open_price"": 136.002, ""open_quantity_bonds"": 1000.0, ""close_time"": ""14:20:00"", ""close_price"": 136.868, ""close_quantity_bonds"": 1000.0, ""matched_quantity_bonds"": 1000.0, ""edge"": 0.866, ""gross_edge_cash"": 866.0}",exact_best_pair_capture,unreviewed,unreviewed
2026-08-14_132026.SH_T126,2026-08-14,132026.SH,buy_then_sell,14:09:28,136.11,14:10:53,136.499,0.389,100,1000,buy,sell,maker_v01_queue,queue,maker_queue_v1_0,1000.0,2000.0,2000.0,2000.0,837.94,837.94,0,0,0,0,1000,0,0,[],not_exactly_matched_needs_causal_execution_audit,[],[],null,null,null,opening_inventory_or_cash_capacity_blocked,unreviewed,unreviewed
2026-08-14_132026.SH_T127,2026-08-14,132026.SH,sell_then_buy,14:10:53,136.499,14:11:01,136.131,0.368,100,1000,sell,buy,maker_v01_priority,priority,maker_priority_v1_38_candidate,1000.0,2000.0,2000.0,2000.0,17651.48,17651.48,2000,2000,2000,2000,1000,1,1,"[{""order_id"": 983, ""kind"": ""inventory_exit"", ""limit_price"": 136.498, ""quantity_bonds"": 1000.0, ""filled_quantity_bonds"": 1000.0, ""created_market_time"": ""14:10:33"", ""updated_market_time"": ""14:10:54"", ""status"": ""filled"", ""cancel_reason"": null, ""initial_queue_ahead_bonds"": 0.0, ""final_queue_ahead_bonds"": 0.0, ""created_same_second_as_tape"": false}]",best_pair_both_legs_matched,"[{""order_id"": 983, ""strategy_id"": ""maker_v01_priority"", ""model_id"": ""maker_priority_v1_38_candidate"", ""market_time"": ""14:10:54"", ""side"": ""sell"", ""price"": 136.498, ""quantity_bonds"": 1000.0, ""fill_reason"": ""passive_sell"", ""inventory_after_bonds"": 1000.0, ""reference_tick_id"": 84751, ""crossed_book_residual_price"": 0.0, ""crossed_book_residual_bonds"": 0.0}]","[{""order_id"": 984, ""strategy_id"": ""maker_v01_priority"", ""model_id"": ""maker_priority_v1_38_candidate"", ""market_time"": ""14:11:03"", ""side"": ""buy"", ""price"": 136.132, ""quantity_bonds"": 1000.0, ""fill_reason"": ""passive_buy"", ""inventory_after_bonds"": 2000.0, ""reference_tick_id"": 84757, ""crossed_book_residual_price"": 0.0, ""crossed_book_residual_bonds"": 0.0}]",null,"{""open_time"": ""14:09:06"", ""open_price"": 136.499, ""open_quantity_bonds"": 1000.0, ""close_time"": ""14:11:03"", ""close_price"": 136.132, ""close_quantity_bonds"": 1000.0, ""matched_quantity_bonds"": 1000.0, ""edge"": 0.367, ""gross_edge_cash"": 367.0}","{""open_time"": ""14:05:27"", ""open_price"": 136.879, ""open_quantity_bonds"": 1000.0, ""close_time"": ""14:11:03"", ""close_price"": 136.132, ""close_quantity_bonds"": 1000.0, ""matched_quantity_bonds"": 1000.0, ""edge"": 0.747, ""gross_edge_cash"": 747.0}",exact_best_pair_capture,unreviewed,unreviewed
2026-08-14_132026.SH_T127,2026-08-14,132026.SH,sell_then_buy,14:10:53,136.499,14:11:01,136.131,0.368,100,1000,sell,buy,maker_v01_queue,queue,maker_queue_v1_0,1000.0,2000.0,2000.0,2000.0,837.94,837.94,2000,2000,2000,2000,1000,0,0,[],not_exactly_matched_needs_causal_execution_audit,[],[],null,null,null,causal_mode_in_review_required,unreviewed,unreviewed
2026-08-14_132026.SH_T128,2026-08-14,132026.SH,buy_then_sell,14:11:01,136.131,14:13:40,136.499,0.368,100,1000,buy,sell,maker_v01_priority,priority,maker_priority_v1_38_candidate,1000.0,2000.0,1000.0,1000.0,154149.48,154149.48,1000,1000,1000,1000,1000,1,1,"[{""order_id"": 984, ""kind"": ""low_bid_reversion"", ""limit_price"": 136.132, ""quantity_bonds"": 1000.0, ""filled_quantity_bonds"": 1000.0, ""created_market_time"": ""14:11:00"", ""updated_market_time"": ""14:11:03"", ""status"": ""filled"", ""cancel_reason"": null, ""initial_queue_ahead_bonds"": 0.0, ""final_queue_ahead_bonds"": 0.0, ""created_same_second_as_tape"": false}]",best_pair_both_legs_matched,"[{""order_id"": 984, ""strategy_id"": ""maker_v01_priority"", ""model_id"": ""maker_priority_v1_38_candidate"", ""market_time"": ""14:11:03"", ""side"": ""buy"", ""price"": 136.132, ""quantity_bonds"": 1000.0, ""fill_reason"": ""passive_buy"", ""inventory_after_bonds"": 2000.0, ""reference_tick_id"": 84757, ""crossed_book_residual_price"": 0.0, ""crossed_book_residual_bonds"": 0.0}]","[{""order_id"": 985, ""strategy_id"": ""maker_v01_priority"", ""model_id"": ""maker_priority_v1_38_candidate"", ""market_time"": ""14:13:42"", ""side"": ""sell"", ""price"": 136.498, ""quantity_bonds"": 1000.0, ""fill_reason"": ""passive_sell"", ""inventory_after_bonds"": 1000.0, ""reference_tick_id"": 84852, ""crossed_book_residual_price"": 0.0, ""crossed_book_residual_bonds"": 0.0}]",null,"{""open_time"": ""14:09:15"", ""open_price"": 136.106, ""open_quantity_bonds"": 1000.0, ""close_time"": ""14:13:42"", ""close_price"": 136.498, ""close_quantity_bonds"": 1000.0, ""matched_quantity_bonds"": 1000.0, ""edge"": 0.392, ""gross_edge_cash"": 392.0}","{""open_time"": ""14:05:33"", ""open_price"": 136.002, ""open_quantity_bonds"": 1000.0, ""close_time"": ""14:20:00"", ""close_price"": 136.868, ""close_quantity_bonds"": 1000.0, ""matched_quantity_bonds"": 1000.0, ""edge"": 0.866, ""gross_edge_cash"": 866.0}",exact_best_pair_capture,unreviewed,unreviewed
2026-08-14_132026.SH_T128,2026-08-14,132026.SH,buy_then_sell,14:11:01,136.131,14:13:40,136.499,0.368,100,1000,buy,sell,maker_v01_queue,queue,maker_queue_v1_0,1000.0,2000.0,2000.0,2000.0,837.94,837.94,0,0,0,0,1000,0,0,[],not_exactly_matched_needs_causal_execution_audit,[],[],null,null,null,opening_inventory_or_cash_capacity_blocked,unreviewed,unreviewed
2026-08-14_132026.SH_T129,2026-08-14,132026.SH,sell_then_buy,14:13:40,136.499,14:17:40,136.151,0.348,100,1000,sell,buy,maker_v01_priority,priority,maker_priority_v1_38_candidate,1000.0,2000.0,2000.0,2000.0,18017.48,18017.48,2000,2000,2000,2000,1000,1,1,"[{""order_id"": 985, ""kind"": ""inventory_exit"", ""limit_price"": 136.498, ""quantity_bonds"": 1000.0, ""filled_quantity_bonds"": 1000.0, ""created_market_time"": ""14:11:03"", ""updated_market_time"": ""14:13:42"", ""status"": ""filled"", ""cancel_reason"": null, ""initial_queue_ahead_bonds"": 0.0, ""final_queue_ahead_bonds"": 0.0, ""created_same_second_as_tape"": false}]",best_pair_open_leg_matched_only,"[{""order_id"": 985, ""strategy_id"": ""maker_v01_priority"", ""model_id"": ""maker_priority_v1_38_candidate"", ""market_time"": ""14:13:42"", ""side"": ""sell"", ""price"": 136.498, ""quantity_bonds"": 1000.0, ""fill_reason"": ""passive_sell"", ""inventory_after_bonds"": 1000.0, ""reference_tick_id"": 84852, ""crossed_book_residual_price"": 0.0, ""crossed_book_residual_bonds"": 0.0}]",[],"{""open_time"": ""14:13:42"", ""open_price"": 136.498, ""open_quantity_bonds"": 1000.0, ""close_time"": ""14:13:51"", ""close_price"": 136.157, ""close_quantity_bonds"": 1000.0, ""matched_quantity_bonds"": 1000.0, ""edge"": 0.341, ""gross_edge_cash"": 341.0}","{""open_time"": ""14:13:42"", ""open_price"": 136.498, ""open_quantity_bonds"": 1000.0, ""close_time"": ""14:13:51"", ""close_price"": 136.157, ""close_quantity_bonds"": 1000.0, ""matched_quantity_bonds"": 1000.0, ""edge"": 0.341, ""gross_edge_cash"": 341.0}","{""open_time"": ""14:05:27"", ""open_price"": 136.879, ""open_quantity_bonds"": 1000.0, ""close_time"": ""14:13:51"", ""close_price"": 136.157, ""close_quantity_bonds"": 1000.0, ""matched_quantity_bonds"": 1000.0, ""edge"": 0.722, ""gross_edge_cash"": 722.0}",economic_pair_within_turn_needs_overlap_review,unreviewed,unreviewed
2026-08-14_132026.SH_T129,2026-08-14,132026.SH,sell_then_buy,14:13:40,136.499,14:17:40,136.151,0.348,100,1000,sell,buy,maker_v01_queue,queue,maker_queue_v1_0,1000.0,2000.0,2000.0,2000.0,837.94,837.94,2000,2000,2000,2000,1000,0,0,[],not_exactly_matched_needs_causal_execution_audit,[],[],null,null,null,causal_mode_in_review_required,unreviewed,unreviewed
2026-08-14_132026.SH_T130,2026-08-14,132026.SH,buy_then_sell,14:17:40,136.151,14:19:57,136.869,0.718,100,1000,buy,sell,maker_v01_priority,priority,maker_priority_v1_38_candidate,1000.0,2000.0,2000.0,2000.0,18358.48,18358.48,0,0,0,0,1000,0,0,[],best_pair_close_leg_matched_only,[],"[{""order_id"": 1013, ""strategy_id"": ""maker_v01_priority"", ""model_id"": ""maker_priority_v1_38_candidate"", ""market_time"": ""14:20:00"", ""side"": ""sell"", ""price"": 136.868, ""quantity_bonds"": 1000.0, ""fill_reason"": ""passive_sell"", ""inventory_after_bonds"": 1000.0, ""reference_tick_id"": 85125, ""crossed_book_residual_price"": 0.0, ""crossed_book_residual_bonds"": 0.0}]",null,"{""open_time"": ""14:13:51"", ""open_price"": 136.157, ""open_quantity_bonds"": 1000.0, ""close_time"": ""14:20:00"", ""close_price"": 136.868, ""close_quantity_bonds"": 1000.0, ""matched_quantity_bonds"": 1000.0, ""edge"": 0.711, ""gross_edge_cash"": 711.0}","{""open_time"": ""14:05:33"", ""open_price"": 136.002, ""open_quantity_bonds"": 1000.0, ""close_time"": ""14:20:00"", ""close_price"": 136.868, ""close_quantity_bonds"": 1000.0, ""matched_quantity_bonds"": 1000.0, ""edge"": 0.866, ""gross_edge_cash"": 866.0}",economic_pair_nearby_needs_cross_turn_review,unreviewed,unreviewed
2026-08-14_132026.SH_T130,2026-08-14,132026.SH,buy_then_sell,14:17:40,136.151,14:19:57,136.869,0.718,100,1000,buy,sell,maker_v01_queue,queue,maker_queue_v1_0,1000.0,2000.0,2000.0,2000.0,837.94,837.94,0,0,0,0,1000,0,0,[],not_exactly_matched_needs_causal_execution_audit,[],[],null,null,null,opening_inventory_or_cash_capacity_blocked,unreviewed,unreviewed
2026-08-14_132026.SH_T131,2026-08-14,132026.SH,sell_then_buy,14:19:57,136.869,14:29:13,136.203,0.666,100,1000,sell,buy,maker_v01_priority,priority,maker_priority_v1_38_candidate,1000.0,2000.0,2000.0,2000.0,18358.48,18358.48,2000,2000,2000,2000,1000,1,1,"[{""order_id"": 1013, ""kind"": ""inventory_exit"", ""limit_price"": 136.868, ""quantity_bonds"": 1000.0, ""filled_quantity_bonds"": 1000.0, ""created_market_time"": ""14:19:54"", ""updated_market_time"": ""14:20:00"", ""status"": ""filled"", ""cancel_reason"": null, ""initial_queue_ahead_bonds"": 0.0, ""final_queue_ahead_bonds"": 0.0, ""created_same_second_as_tape"": false}]",best_pair_open_leg_matched_only,"[{""order_id"": 1013, ""strategy_id"": ""maker_v01_priority"", ""model_id"": ""maker_priority_v1_38_candidate"", ""market_time"": ""14:20:00"", ""side"": ""sell"", ""price"": 136.868, ""quantity_bonds"": 1000.0, ""fill_reason"": ""passive_sell"", ""inventory_after_bonds"": 1000.0, ""reference_tick_id"": 85125, ""crossed_book_residual_price"": 0.0, ""crossed_book_residual_bonds"": 0.0}]",[],"{""open_time"": ""14:20:00"", ""open_price"": 136.868, ""open_quantity_bonds"": 1000.0, ""close_time"": ""14:20:15"", ""close_price"": 136.302, ""close_quantity_bonds"": 1000.0, ""matched_quantity_bonds"": 1000.0, ""edge"": 0.566, ""gross_edge_cash"": 566.0}","{""open_time"": ""14:20:00"", ""open_price"": 136.868, ""open_quantity_bonds"": 1000.0, ""close_time"": ""14:34:57"", ""close_price"": 136.013, ""close_quantity_bonds"": 1000.0, ""matched_quantity_bonds"": 1000.0, ""edge"": 0.855, ""gross_edge_cash"": 855.0}","{""open_time"": ""14:20:00"", ""open_price"": 136.868, ""open_quantity_bonds"": 1000.0, ""close_time"": ""14:34:57"", ""close_price"": 136.013, ""close_quantity_bonds"": 1000.0, ""matched_quantity_bonds"": 1000.0, ""edge"": 0.855, ""gross_edge_cash"": 855.0}",economic_pair_within_turn_needs_overlap_review,unreviewed,unreviewed
2026-08-14_132026.SH_T131,2026-08-14,132026.SH,sell_then_buy,14:19:57,136.869,14:29:13,136.203,0.666,100,1000,sell,buy,maker_v01_queue,queue,maker_queue_v1_0,1000.0,2000.0,2000.0,2000.0,837.94,837.94,2000,2000,2000,2000,1000,2,2,"[{""order_id"": 1014, ""kind"": ""inventory_exit"", ""limit_price"": 136.869, ""quantity_bonds"": 860.0, ""filled_quantity_bonds"": 0.0, ""created_market_time"": ""14:19:54"", ""updated_market_time"": ""14:20:36"", ""status"": ""cancelled"", ""cancel_reason"": ""maker_reprice"", ""initial_queue_ahead_bonds"": 4000.0, ""final_queue_ahead_bonds"": 3000.0, ""created_same_second_as_tape"": false}, {""order_id"": 1015, ""kind"": ""inventory_exit"", ""limit_price"": 136.869, ""quantity_bonds"": 140.0, ""filled_quantity_bonds"": 0.0, ""created_market_time"": ""14:19:54"", ""updated_market_time"": ""14:20:36"", ""status"": ""cancelled"", ""cancel_reason"": ""maker_reprice"", ""initial_queue_ahead_bonds"": 4000.0, ""final_queue_ahead_bonds"": 4000.0, ""created_same_second_as_tape"": false}]",not_exactly_matched_needs_causal_execution_audit,[],[],null,null,null,preexisting_reaching_order_needs_execution_audit,unreviewed,unreviewed
2026-08-14_132026.SH_T132,2026-08-14,132026.SH,buy_then_sell,14:29:13,136.203,14:34:17,136.55,0.347,200,2000,buy,sell,maker_v01_priority,priority,maker_priority_v1_38_candidate,1000.0,2000.0,2000.0,2000.0,18924.48,18924.48,0,0,0,0,1000,0,0,[],not_exactly_matched_needs_causal_execution_audit,[],[],null,"{""open_time"": ""14:20:15"", ""open_price"": 136.302, ""open_quantity_bonds"": 1000.0, ""close_time"": ""14:34:39"", ""close_price"": 136.597, ""close_quantity_bonds"": 1000.0, ""matched_quantity_bonds"": 1000.0, ""edge"": 0.295, ""gross_edge_cash"": 295.0}","{""open_time"": ""14:11:03"", ""open_price"": 136.132, ""open_quantity_bonds"": 1000.0, ""close_time"": ""14:34:39"", ""close_price"": 136.597, ""close_quantity_bonds"": 1000.0, ""matched_quantity_bonds"": 1000.0, ""edge"": 0.465, ""gross_edge_cash"": 465.0}",economic_pair_nearby_needs_cross_turn_review,unreviewed,unreviewed
2026-08-14_132026.SH_T132,2026-08-14,132026.SH,buy_then_sell,14:29:13,136.203,14:34:17,136.55,0.347,200,2000,buy,sell,maker_v01_queue,queue,maker_queue_v1_0,1000.0,2000.0,2000.0,2000.0,837.94,837.94,0,0,0,0,1000,0,0,[],not_exactly_matched_needs_causal_execution_audit,[],[],null,null,null,opening_inventory_or_cash_capacity_blocked,unreviewed,unreviewed
2026-08-14_132026.SH_T133,2026-08-14,132026.SH,sell_then_buy,14:34:17,136.55,14:41:54,135.8,0.75,200,2000,sell,buy,maker_v01_priority,priority,maker_priority_v1_38_candidate,1000.0,2000.0,2000.0,2000.0,18924.48,18924.48,2000,2000,2000,2000,1000,0,0,[],not_exactly_matched_needs_causal_execution_audit,[],[],"{""open_time"": ""14:34:39"", ""open_price"": 136.597, ""open_quantity_bonds"": 1000.0, ""close_time"": ""14:34:57"", ""close_price"": 136.013, ""close_quantity_bonds"": 1000.0, ""matched_quantity_bonds"": 1000.0, ""edge"": 0.584, ""gross_edge_cash"": 584.0}","{""open_time"": ""14:34:39"", ""open_price"": 136.597, ""open_quantity_bonds"": 1000.0, ""close_time"": ""14:34:57"", ""close_price"": 136.013, ""close_quantity_bonds"": 1000.0, ""matched_quantity_bonds"": 1000.0, ""edge"": 0.584, ""gross_edge_cash"": 584.0}","{""open_time"": ""14:34:39"", ""open_price"": 136.597, ""open_quantity_bonds"": 1000.0, ""close_time"": ""14:34:57"", ""close_price"": 136.013, ""close_quantity_bonds"": 1000.0, ""matched_quantity_bonds"": 1000.0, ""edge"": 0.584, ""gross_edge_cash"": 584.0}",economic_pair_within_turn_needs_overlap_review,unreviewed,unreviewed
2026-08-14_132026.SH_T133,2026-08-14,132026.SH,sell_then_buy,14:34:17,136.55,14:41:54,135.8,0.75,200,2000,sell,buy,maker_v01_queue,queue,maker_queue_v1_0,1000.0,2000.0,2000.0,2000.0,837.94,837.94,2000,2000,2000,2000,1000,0,0,[],not_exactly_matched_needs_causal_execution_audit,[],[],null,null,null,causal_mode_in_review_required,unreviewed,unreviewed
2026-08-14_132026.SH_T134,2026-08-14,132026.SH,buy_then_sell,14:41:54,135.8,14:41:54,135.9,0.1,100,1000,buy,sell,maker_v01_priority,priority,maker_priority_v1_38_candidate,1000.0,2000.0,1000.0,1000.0,155608.48,155608.48,1000,1000,1000,1000,1000,0,0,[],not_exactly_matched_needs_causal_execution_audit,[],[],"{""open_time"": ""14:34:57"", ""open_price"": 136.013, ""open_quantity_bonds"": 1000.0, ""close_time"": ""14:35:33"", ""close_price"": 136.1, ""close_quantity_bonds"": 1000.0, ""matched_quantity_bonds"": 1000.0, ""edge"": 0.087, ""gross_edge_cash"": 87.0}","{""open_time"": ""14:34:57"", ""open_price"": 136.013, ""open_quantity_bonds"": 1000.0, ""close_time"": ""14:35:33"", ""close_price"": 136.1, ""close_quantity_bonds"": 1000.0, ""matched_quantity_bonds"": 1000.0, ""edge"": 0.087, ""gross_edge_cash"": 87.0}","{""open_time"": ""14:34:57"", ""open_price"": 136.013, ""open_quantity_bonds"": 1000.0, ""close_time"": ""14:35:33"", ""close_price"": 136.1, ""close_quantity_bonds"": 1000.0, ""matched_quantity_bonds"": 1000.0, ""edge"": 0.087, ""gross_edge_cash"": 87.0}",economic_pair_within_turn_needs_overlap_review,unreviewed,unreviewed
2026-08-14_132026.SH_T134,2026-08-14,132026.SH,buy_then_sell,14:41:54,135.8,14:41:54,135.9,0.1,100,1000,buy,sell,maker_v01_queue,queue,maker_queue_v1_0,1000.0,2000.0,2000.0,2000.0,837.94,837.94,0,0,0,0,1000,0,0,[],not_exactly_matched_needs_causal_execution_audit,[],[],null,null,null,opening_inventory_or_cash_capacity_blocked,unreviewed,unreviewed
2026-08-14_132026.SH_T135,2026-08-14,132026.SH,sell_then_buy,14:41:54,135.9,14:41:56,135.8,0.1,100,1000,sell,buy,maker_v01_priority,priority,maker_priority_v1_38_candidate,1000.0,2000.0,1000.0,1000.0,155608.48,155608.48,1000,1000,1000,1000,1000,0,0,[],not_exactly_matched_needs_causal_execution_audit,[],[],null,null,"{""open_time"": ""14:34:39"", ""open_price"": 136.597, ""open_quantity_bonds"": 1000.0, ""close_time"": ""14:50:03"", ""close_price"": 135.402, ""close_quantity_bonds"": 380.0, ""matched_quantity_bonds"": 380.0, ""edge"": 1.195, ""gross_edge_cash"": 454.1}",economic_pair_cross_turn_600s_needs_path_review,unreviewed,unreviewed
2026-08-14_132026.SH_T135,2026-08-14,132026.SH,sell_then_buy,14:41:54,135.9,14:41:56,135.8,0.1,100,1000,sell,buy,maker_v01_queue,queue,maker_queue_v1_0,1000.0,2000.0,2000.0,2000.0,837.94,837.94,2000,2000,2000,2000,1000,0,0,[],not_exactly_matched_needs_causal_execution_audit,[],[],null,null,null,causal_mode_in_review_required,unreviewed,unreviewed
2026-08-14_132026.SH_T136,2026-08-14,132026.SH,buy_then_sell,14:41:56,135.8,14:44:57,135.91,0.11,100,1000,buy,sell,maker_v01_priority,priority,maker_priority_v1_38_candidate,1000.0,2000.0,1000.0,1000.0,155608.48,155608.48,1000,1000,1000,1000,1000,0,0,[],not_exactly_matched_needs_causal_execution_audit,[],[],null,null,null,causal_mode_in_review_required,unreviewed,unreviewed
2026-08-14_132026.SH_T136,2026-08-14,132026.SH,buy_then_sell,14:41:56,135.8,14:44:57,135.91,0.11,100,1000,buy,sell,maker_v01_queue,queue,maker_queue_v1_0,1000.0,2000.0,2000.0,2000.0,837.94,837.94,0,0,0,0,1000,0,0,[],not_exactly_matched_needs_causal_execution_audit,[],[],null,null,null,opening_inventory_or_cash_capacity_blocked,unreviewed,unreviewed
2026-08-14_132026.SH_T137,2026-08-14,132026.SH,sell_then_buy,14:44:57,135.91,14:46:20,135.625,0.285,100,1000,sell,buy,maker_v01_priority,priority,maker_priority_v1_38_candidate,1000.0,2000.0,1000.0,1000.0,155608.48,155608.48,1000,1000,1000,1000,1000,0,0,[],not_exactly_matched_needs_causal_execution_audit,[],[],null,null,"{""open_time"": ""14:35:33"", ""open_price"": 136.1, ""open_quantity_bonds"": 1000.0, ""close_time"": ""14:50:03"", ""close_price"": 135.402, ""close_quantity_bonds"": 380.0, ""matched_quantity_bonds"": 380.0, ""edge"": 0.698, ""gross_edge_cash"": 265.24}",economic_pair_cross_turn_600s_needs_path_review,unreviewed,unreviewed
2026-08-14_132026.SH_T137,2026-08-14,132026.SH,sell_then_buy,14:44:57,135.91,14:46:20,135.625,0.285,100,1000,sell,buy,maker_v01_queue,queue,maker_queue_v1_0,1000.0,2000.0,2000.0,2000.0,837.94,837.94,2000,2000,2000,2000,1000,0,0,[],not_exactly_matched_needs_causal_execution_audit,[],[],null,null,null,causal_mode_in_review_required,unreviewed,unreviewed
2026-08-14_132026.SH_T138,2026-08-14,132026.SH,sell_then_buy,14:48:14,135.625,14:48:18,135.62,0.005,100,1000,sell,buy,maker_v01_priority,priority,maker_priority_v1_38_candidate,1000.0,2000.0,1000.0,1000.0,155608.48,155608.48,1000,1000,1000,1000,1000,0,0,[],not_exactly_matched_needs_causal_execution_audit,[],[],null,null,null,causal_mode_in_review_required,unreviewed,unreviewed
2026-08-14_132026.SH_T138,2026-08-14,132026.SH,sell_then_buy,14:48:14,135.625,14:48:18,135.62,0.005,100,1000,sell,buy,maker_v01_queue,queue,maker_queue_v1_0,1000.0,2000.0,2000.0,2000.0,837.94,837.94,2000,2000,2000,2000,1000,0,0,[],not_exactly_matched_needs_causal_execution_audit,[],[],null,null,null,causal_mode_in_review_required,unreviewed,unreviewed
2026-08-14_132026.SH_T139,2026-08-14,132026.SH,buy_then_sell,14:48:18,135.62,14:48:21,135.625,0.005,100,1000,buy,sell,maker_v01_priority,priority,maker_priority_v1_38_candidate,1000.0,2000.0,1000.0,1000.0,155608.48,155608.48,1000,1000,1000,1000,1000,0,0,[],not_exactly_matched_needs_causal_execution_audit,[],[],null,null,null,causal_mode_in_review_required,unreviewed,unreviewed
2026-08-14_132026.SH_T139,2026-08-14,132026.SH,buy_then_sell,14:48:18,135.62,14:48:21,135.625,0.005,100,1000,buy,sell,maker_v01_queue,queue,maker_queue_v1_0,1000.0,2000.0,2000.0,2000.0,837.94,837.94,0,0,0,0,1000,0,0,[],not_exactly_matched_needs_causal_execution_audit,[],[],null,null,null,opening_inventory_or_cash_capacity_blocked,unreviewed,unreviewed
2026-08-14_132026.SH_T140,2026-08-14,132026.SH,sell_then_buy,14:48:21,135.625,14:50:02,135.401,0.224,100,380,sell,buy,maker_v01_priority,priority,maker_priority_v1_38_candidate,1000.0,2000.0,1000.0,1000.0,155608.48,155608.48,1000,1000,1000,1000,380,0,0,[],best_pair_close_leg_matched_only,[],"[{""order_id"": 1073, ""strategy_id"": ""maker_v01_priority"", ""model_id"": ""maker_priority_v1_38_candidate"", ""market_time"": ""14:50:03"", ""side"": ""buy"", ""price"": 135.402, ""quantity_bonds"": 380.0, ""fill_reason"": ""passive_buy"", ""inventory_after_bonds"": 1380.0, ""reference_tick_id"": 86337, ""crossed_book_residual_price"": 0.0, ""crossed_book_residual_bonds"": 0.0}]",null,null,null,causal_mode_in_review_required,unreviewed,unreviewed
2026-08-14_132026.SH_T140,2026-08-14,132026.SH,sell_then_buy,14:48:21,135.625,14:50:02,135.401,0.224,100,380,sell,buy,maker_v01_queue,queue,maker_queue_v1_0,1000.0,2000.0,2000.0,2000.0,837.94,837.94,2000,2000,2000,2000,380,0,0,[],not_exactly_matched_needs_causal_execution_audit,[],[],null,null,null,causal_mode_in_review_required,unreviewed,unreviewed
2026-08-14_132026.SH_T141,2026-08-14,132026.SH,buy_then_sell,14:50:02,135.401,14:50:21,135.606,0.205,114,140,buy,sell,maker_v01_priority,priority,maker_priority_v1_38_candidate,1000.0,2000.0,1000.0,1000.0,155608.48,155608.48,1000,1000,1000,1000,140,1,1,"[{""order_id"": 1073, ""kind"": ""persistent_wall_supported_falling_entry"", ""limit_price"": 135.402, ""quantity_bonds"": 1000.0, ""filled_quantity_bonds"": 380.0, ""created_market_time"": ""14:49:45"", ""updated_market_time"": ""14:50:18"", ""status"": ""cancelled"", ""cancel_reason"": ""entry_context_changed"", ""initial_queue_ahead_bonds"": 0.0, ""final_queue_ahead_bonds"": 0.0, ""created_same_second_as_tape"": false}]",best_pair_both_legs_matched,"[{""order_id"": 1073, ""strategy_id"": ""maker_v01_priority"", ""model_id"": ""maker_priority_v1_38_candidate"", ""market_time"": ""14:50:03"", ""side"": ""buy"", ""price"": 135.402, ""quantity_bonds"": 380.0, ""fill_reason"": ""passive_buy"", ""inventory_after_bonds"": 1380.0, ""reference_tick_id"": 86337, ""crossed_book_residual_price"": 0.0, ""crossed_book_residual_bonds"": 0.0}]","[{""order_id"": 1074, ""strategy_id"": ""maker_v01_priority"", ""model_id"": ""maker_priority_v1_38_candidate"", ""market_time"": ""14:50:21"", ""side"": ""sell"", ""price"": 135.601, ""quantity_bonds"": 380.0, ""fill_reason"": ""passive_sell"", ""inventory_after_bonds"": 1000.0, ""reference_tick_id"": 86353, ""crossed_book_residual_price"": 0.0, ""crossed_book_residual_bonds"": 0.0}]","{""open_time"": ""14:50:03"", ""open_price"": 135.402, ""open_quantity_bonds"": 380.0, ""close_time"": ""14:50:21"", ""close_price"": 135.601, ""close_quantity_bonds"": 380.0, ""matched_quantity_bonds"": 380.0, ""edge"": 0.199, ""gross_edge_cash"": 75.62}","{""open_time"": ""14:50:03"", ""open_price"": 135.402, ""open_quantity_bonds"": 380.0, ""close_time"": ""14:50:21"", ""close_price"": 135.601, ""close_quantity_bonds"": 380.0, ""matched_quantity_bonds"": 380.0, ""edge"": 0.199, ""gross_edge_cash"": 75.62}","{""open_time"": ""14:50:03"", ""open_price"": 135.402, ""open_quantity_bonds"": 380.0, ""close_time"": ""14:55:15"", ""close_price"": 135.65, ""close_quantity_bonds"": 380.0, ""matched_quantity_bonds"": 380.0, ""edge"": 0.248, ""gross_edge_cash"": 94.24}",exact_best_pair_capture,unreviewed,unreviewed
2026-08-14_132026.SH_T141,2026-08-14,132026.SH,buy_then_sell,14:50:02,135.401,14:50:21,135.606,0.205,114,140,buy,sell,maker_v01_queue,queue,maker_queue_v1_0,1000.0,2000.0,2000.0,2000.0,837.94,837.94,0,0,0,0,140,0,0,[],not_exactly_matched_needs_causal_execution_audit,[],[],null,null,null,opening_inventory_or_cash_capacity_blocked,unreviewed,unreviewed
2026-08-14_132026.SH_T142,2026-08-14,132026.SH,sell_then_buy,14:50:21,135.606,14:51:02,135.401,0.205,114,140,sell,buy,maker_v01_priority,priority,maker_priority_v1_38_candidate,1000.0,2000.0,1380.0,1000.0,104155.72,155684.1,1380,1000,1000,1380,140,1,1,"[{""order_id"": 1074, ""kind"": ""inventory_exit"", ""limit_price"": 135.601, ""quantity_bonds"": 380.0, ""filled_quantity_bonds"": 380.0, ""created_market_time"": ""14:50:03"", ""updated_market_time"": ""14:50:21"", ""status"": ""filled"", ""cancel_reason"": null, ""initial_queue_ahead_bonds"": 0.0, ""final_queue_ahead_bonds"": 0.0, ""created_same_second_as_tape"": false}]",best_pair_open_leg_matched_only,"[{""order_id"": 1074, ""strategy_id"": ""maker_v01_priority"", ""model_id"": ""maker_priority_v1_38_candidate"", ""market_time"": ""14:50:21"", ""side"": ""sell"", ""price"": 135.601, ""quantity_bonds"": 380.0, ""fill_reason"": ""passive_sell"", ""inventory_after_bonds"": 1000.0, ""reference_tick_id"": 86353, ""crossed_book_residual_price"": 0.0, ""crossed_book_residual_bonds"": 0.0}]",[],null,"{""open_time"": ""14:50:21"", ""open_price"": 135.601, ""open_quantity_bonds"": 380.0, ""close_time"": ""14:54:12"", ""close_price"": 135.402, ""close_quantity_bonds"": 380.0, ""matched_quantity_bonds"": 380.0, ""edge"": 0.199, ""gross_edge_cash"": 75.62}","{""open_time"": ""14:50:21"", ""open_price"": 135.601, ""open_quantity_bonds"": 380.0, ""close_time"": ""14:54:12"", ""close_price"": 135.402, ""close_quantity_bonds"": 380.0, ""matched_quantity_bonds"": 380.0, ""edge"": 0.199, ""gross_edge_cash"": 75.62}",economic_pair_nearby_needs_cross_turn_review,unreviewed,unreviewed
2026-08-14_132026.SH_T142,2026-08-14,132026.SH,sell_then_buy,14:50:21,135.606,14:51:02,135.401,0.205,114,140,sell,buy,maker_v01_queue,queue,maker_queue_v1_0,1000.0,2000.0,2000.0,2000.0,837.94,837.94,2000,2000,2000,2000,140,0,0,[],not_exactly_matched_needs_causal_execution_audit,[],[],null,null,null,causal_mode_in_review_required,unreviewed,unreviewed
2026-08-14_132026.SH_T143,2026-08-14,132026.SH,buy_then_sell,14:51:02,135.401,14:52:37,135.497,0.096,138,380,buy,sell,maker_v01_priority,priority,maker_priority_v1_38_candidate,1000.0,2000.0,1000.0,1000.0,155684.1,155684.1,1000,1000,1000,1000,380,0,0,[],not_exactly_matched_needs_causal_execution_audit,[],[],null,null,"{""open_time"": ""14:50:03"", ""open_price"": 135.402, ""open_quantity_bonds"": 380.0, ""close_time"": ""14:55:15"", ""close_price"": 135.65, ""close_quantity_bonds"": 380.0, ""matched_quantity_bonds"": 380.0, ""edge"": 0.248, ""gross_edge_cash"": 94.24}",economic_pair_cross_turn_600s_needs_path_review,unreviewed,unreviewed
2026-08-14_132026.SH_T143,2026-08-14,132026.SH,buy_then_sell,14:51:02,135.401,14:52:37,135.497,0.096,138,380,buy,sell,maker_v01_queue,queue,maker_queue_v1_0,1000.0,2000.0,2000.0,2000.0,837.94,837.94,0,0,0,0,380,0,0,[],not_exactly_matched_needs_causal_execution_audit,[],[],null,null,null,opening_inventory_or_cash_capacity_blocked,unreviewed,unreviewed
2026-08-14_132026.SH_T144,2026-08-14,132026.SH,sell_then_buy,14:52:37,135.497,14:54:11,135.401,0.096,38,380,sell,buy,maker_v01_priority,priority,maker_priority_v1_38_candidate,1000.0,2000.0,1000.0,1000.0,155684.1,155684.1,1000,1000,1000,1000,380,0,0,[],best_pair_close_leg_matched_only,[],"[{""order_id"": 1082, ""strategy_id"": ""maker_v01_priority"", ""model_id"": ""maker_priority_v1_38_candidate"", ""market_time"": ""14:54:12"", ""side"": ""buy"", ""price"": 135.402, ""quantity_bonds"": 380.0, ""fill_reason"": ""passive_buy"", ""inventory_after_bonds"": 1380.0, ""reference_tick_id"": 86542, ""crossed_book_residual_price"": 0.0, ""crossed_book_residual_bonds"": 0.0}]",null,null,"{""open_time"": ""14:50:21"", ""open_price"": 135.601, ""open_quantity_bonds"": 380.0, ""close_time"": ""14:54:12"", ""close_price"": 135.402, ""close_quantity_bonds"": 380.0, ""matched_quantity_bonds"": 380.0, ""edge"": 0.199, ""gross_edge_cash"": 75.62}",economic_pair_cross_turn_600s_needs_path_review,unreviewed,unreviewed
2026-08-14_132026.SH_T144,2026-08-14,132026.SH,sell_then_buy,14:52:37,135.497,14:54:11,135.401,0.096,38,380,sell,buy,maker_v01_queue,queue,maker_queue_v1_0,1000.0,2000.0,2000.0,2000.0,837.94,837.94,2000,2000,2000,2000,380,0,0,[],not_exactly_matched_needs_causal_execution_audit,[],[],null,null,null,causal_mode_in_review_required,unreviewed,unreviewed
