turn_id,market_date,code,direction,best_open_time,best_open_price,best_close_time,best_close_price,maximum_edge,maximum_matchable_hands,best_pair_tape_capacity_bonds,expected_open_side,expected_close_side,strategy_id,fill_mode,model_id,initial_inventory_bonds,maximum_inventory_bonds,inventory_before_open_strict_bonds,inventory_after_open_second_bonds,cash_before_open_strict,cash_after_open_second,opening_action_capacity_strict_bonds,opening_action_capacity_including_same_second_bonds,opening_action_capacity_low_bonds,opening_action_capacity_high_bonds,standard_or_tape_required_bonds,active_reaching_open_order_count,preexisting_reaching_open_order_count,active_reaching_open_orders,exact_capture_status,matching_open_fills,matching_close_fills,economic_pair_within_turn,economic_pair_nearby_120s,economic_pair_cross_turn_600s,preliminary_status,causal_mode_in_status,final_capture_class
2026-08-14_132024.SH_T001,2026-08-14,132024.SH,sell_then_buy,09:31:51,137.268,09:35:13,135.3,1.968,100,1000,sell,buy,maker_132024_v01_priority,priority,maker_priority_v1_33_candidate,1000.0,2000.0,1000.0,1000.0,136800.0,136800.0,1000,1000,1000,1000,1000,1,1,"[{""order_id"": 46, ""kind"": ""inventory_exit"", ""limit_price"": 137.267, ""quantity_bonds"": 1000.0, ""filled_quantity_bonds"": 1000.0, ""created_market_time"": ""09:31:14"", ""updated_market_time"": ""09:31:53"", ""status"": ""filled"", ""cancel_reason"": null, ""initial_queue_ahead_bonds"": 0.0, ""final_queue_ahead_bonds"": 0.0, ""created_same_second_as_tape"": false}]",best_pair_open_leg_matched_only,"[{""order_id"": 46, ""strategy_id"": ""maker_132024_v01_priority"", ""model_id"": ""maker_priority_v1_33_candidate"", ""market_time"": ""09:31:53"", ""side"": ""sell"", ""price"": 137.267, ""quantity_bonds"": 1000.0, ""fill_reason"": ""passive_sell"", ""inventory_after_bonds"": 0.0, ""reference_tick_id"": 77202, ""crossed_book_residual_price"": 0.0, ""crossed_book_residual_bonds"": 0.0}]",[],"{""open_time"": ""09:31:53"", ""open_price"": 137.267, ""open_quantity_bonds"": 1000.0, ""close_time"": ""09:35:02"", ""close_price"": 135.302, ""close_quantity_bonds"": 1000.0, ""matched_quantity_bonds"": 1000.0, ""edge"": 1.965, ""gross_edge_cash"": 1965.0}","{""open_time"": ""09:31:53"", ""open_price"": 137.267, ""open_quantity_bonds"": 1000.0, ""close_time"": ""09:35:02"", ""close_price"": 135.302, ""close_quantity_bonds"": 1000.0, ""matched_quantity_bonds"": 1000.0, ""edge"": 1.965, ""gross_edge_cash"": 1965.0}","{""open_time"": ""09:31:53"", ""open_price"": 137.267, ""open_quantity_bonds"": 1000.0, ""close_time"": ""09:35:02"", ""close_price"": 135.302, ""close_quantity_bonds"": 1000.0, ""matched_quantity_bonds"": 1000.0, ""edge"": 1.965, ""gross_edge_cash"": 1965.0}",economic_pair_within_turn_needs_overlap_review,unreviewed,unreviewed
2026-08-14_132024.SH_T001,2026-08-14,132024.SH,sell_then_buy,09:31:51,137.268,09:35:13,135.3,1.968,100,1000,sell,buy,maker_132024_v01_queue,queue,maker_queue_v1_0,1000.0,2000.0,1000.0,1000.0,136800.0,136800.0,1000,1000,1000,1000,1000,1,1,"[{""order_id"": 47, ""kind"": ""inventory_exit"", ""limit_price"": 137.268, ""quantity_bonds"": 1000.0, ""filled_quantity_bonds"": 0.0, ""created_market_time"": ""09:31:14"", ""updated_market_time"": ""09:31:56"", ""status"": ""cancelled"", ""cancel_reason"": ""maker_reprice"", ""initial_queue_ahead_bonds"": 2000.0, ""final_queue_ahead_bonds"": 1000.0, ""created_same_second_as_tape"": false}]",not_exactly_matched_needs_causal_execution_audit,[],[],null,null,null,preexisting_reaching_order_needs_execution_audit,unreviewed,unreviewed
2026-08-14_132024.SH_T002,2026-08-14,132024.SH,buy_then_sell,09:35:13,135.3,09:44:07,135.65,0.35,181,810,buy,sell,maker_132024_v01_priority,priority,maker_priority_v1_33_candidate,1000.0,2000.0,1000.0,1000.0,138765.0,138765.0,1000,1000,1000,1000,810,0,0,[],not_exactly_matched_needs_causal_execution_audit,[],[],null,"{""open_time"": ""09:35:02"", ""open_price"": 135.302, ""open_quantity_bonds"": 1000.0, ""close_time"": ""09:44:08"", ""close_price"": 135.629, ""close_quantity_bonds"": 190.0, ""matched_quantity_bonds"": 190.0, ""edge"": 0.327, ""gross_edge_cash"": 62.13}","{""open_time"": ""09:35:02"", ""open_price"": 135.302, ""open_quantity_bonds"": 1000.0, ""close_time"": ""09:54:05"", ""close_price"": 136.613, ""close_quantity_bonds"": 810.0, ""matched_quantity_bonds"": 810.0, ""edge"": 1.311, ""gross_edge_cash"": 1061.91}",economic_pair_nearby_needs_cross_turn_review,unreviewed,unreviewed
2026-08-14_132024.SH_T002,2026-08-14,132024.SH,buy_then_sell,09:35:13,135.3,09:44:07,135.65,0.35,181,810,buy,sell,maker_132024_v01_queue,queue,maker_queue_v1_0,1000.0,2000.0,2000.0,2000.0,1499.0,1499.0,0,0,0,0,810,0,0,[],not_exactly_matched_needs_causal_execution_audit,[],[],null,null,null,opening_inventory_or_cash_capacity_blocked,unreviewed,unreviewed
2026-08-14_132024.SH_T003,2026-08-14,132024.SH,sell_then_buy,09:44:07,135.65,09:45:17,135.551,0.099,157,810,sell,buy,maker_132024_v01_priority,priority,maker_priority_v1_33_candidate,1000.0,2000.0,1190.0,1190.0,113057.62,113057.62,1190,1190,1190,1190,810,1,1,"[{""order_id"": 92, ""kind"": ""inventory_exit"", ""limit_price"": 135.629, ""quantity_bonds"": 190.0, ""filled_quantity_bonds"": 190.0, ""created_market_time"": ""09:43:02"", ""updated_market_time"": ""09:44:08"", ""status"": ""filled"", ""cancel_reason"": null, ""initial_queue_ahead_bonds"": 0.0, ""final_queue_ahead_bonds"": 0.0, ""created_same_second_as_tape"": false}]",not_exactly_matched_needs_causal_execution_audit,[],[],null,null,null,preexisting_reaching_order_needs_execution_audit,unreviewed,unreviewed
2026-08-14_132024.SH_T003,2026-08-14,132024.SH,sell_then_buy,09:44:07,135.65,09:45:17,135.551,0.099,157,810,sell,buy,maker_132024_v01_queue,queue,maker_queue_v1_0,1000.0,2000.0,2000.0,2000.0,1499.0,1499.0,2000,2000,2000,2000,810,0,0,[],not_exactly_matched_needs_causal_execution_audit,[],[],null,null,null,causal_mode_in_review_required,unreviewed,unreviewed
2026-08-14_132024.SH_T004,2026-08-14,132024.SH,buy_then_sell,09:45:17,135.551,09:51:41,135.926,0.375,19,190,buy,sell,maker_132024_v01_priority,priority,maker_priority_v1_33_candidate,1000.0,2000.0,1000.0,1000.0,138827.13,138827.13,1000,1000,1000,1000,190,0,0,[],not_exactly_matched_needs_causal_execution_audit,[],[],null,null,"{""open_time"": ""09:41:14"", ""open_price"": 135.302, ""open_quantity_bonds"": 190.0, ""close_time"": ""09:54:08"", ""close_price"": 136.995, ""close_quantity_bonds"": 1000.0, ""matched_quantity_bonds"": 190.0, ""edge"": 1.693, ""gross_edge_cash"": 321.67}",economic_pair_cross_turn_600s_needs_path_review,unreviewed,unreviewed
2026-08-14_132024.SH_T004,2026-08-14,132024.SH,buy_then_sell,09:45:17,135.551,09:51:41,135.926,0.375,19,190,buy,sell,maker_132024_v01_queue,queue,maker_queue_v1_0,1000.0,2000.0,2000.0,2000.0,1499.0,1499.0,0,0,0,0,190,0,0,[],not_exactly_matched_needs_causal_execution_audit,[],[],null,null,null,opening_inventory_or_cash_capacity_blocked,unreviewed,unreviewed
2026-08-14_132024.SH_T005,2026-08-14,132024.SH,buy_then_sell,09:52:05,135.927,09:54:05,136.996,1.069,100,1000,buy,sell,maker_132024_v01_priority,priority,maker_priority_v1_33_candidate,1000.0,2000.0,1000.0,2000.0,138827.13,2899.13,1000,0,0,1000,1000,1,1,"[{""order_id"": 97, ""kind"": ""low_bid_reversion"", ""limit_price"": 135.928, ""quantity_bonds"": 1000.0, ""filled_quantity_bonds"": 1000.0, ""created_market_time"": ""09:51:44"", ""updated_market_time"": ""09:52:05"", ""status"": ""filled"", ""cancel_reason"": null, ""initial_queue_ahead_bonds"": 0.0, ""final_queue_ahead_bonds"": 0.0, ""created_same_second_as_tape"": false}]",best_pair_both_legs_matched,"[{""order_id"": 97, ""strategy_id"": ""maker_132024_v01_priority"", ""model_id"": ""maker_priority_v1_33_candidate"", ""market_time"": ""09:52:05"", ""side"": ""buy"", ""price"": 135.928, ""quantity_bonds"": 1000.0, ""fill_reason"": ""passive_buy"", ""inventory_after_bonds"": 2000.0, ""reference_tick_id"": 76083, ""crossed_book_residual_price"": 0.0, ""crossed_book_residual_bonds"": 0.0}]","[{""order_id"": 101, ""strategy_id"": ""maker_132024_v01_priority"", ""model_id"": ""maker_priority_v1_33_candidate"", ""market_time"": ""09:54:08"", ""side"": ""sell"", ""price"": 136.995, ""quantity_bonds"": 1000.0, ""fill_reason"": ""passive_sell"", ""inventory_after_bonds"": 0.0, ""reference_tick_id"": 76165, ""crossed_book_residual_price"": 0.0, ""crossed_book_residual_bonds"": 0.0}]","{""open_time"": ""09:52:05"", ""open_price"": 135.928, ""open_quantity_bonds"": 1000.0, ""close_time"": ""09:54:05"", ""close_price"": 136.613, ""close_quantity_bonds"": 810.0, ""matched_quantity_bonds"": 810.0, ""edge"": 0.685, ""gross_edge_cash"": 554.85}","{""open_time"": ""09:52:05"", ""open_price"": 135.928, ""open_quantity_bonds"": 1000.0, ""close_time"": ""09:54:08"", ""close_price"": 136.995, ""close_quantity_bonds"": 1000.0, ""matched_quantity_bonds"": 1000.0, ""edge"": 1.067, ""gross_edge_cash"": 1067.0}","{""open_time"": ""09:52:05"", ""open_price"": 135.928, ""open_quantity_bonds"": 1000.0, ""close_time"": ""09:54:08"", ""close_price"": 136.995, ""close_quantity_bonds"": 1000.0, ""matched_quantity_bonds"": 1000.0, ""edge"": 1.067, ""gross_edge_cash"": 1067.0}",exact_best_pair_capture,unreviewed,unreviewed
2026-08-14_132024.SH_T005,2026-08-14,132024.SH,buy_then_sell,09:52:05,135.927,09:54:05,136.996,1.069,100,1000,buy,sell,maker_132024_v01_queue,queue,maker_queue_v1_0,1000.0,2000.0,2000.0,2000.0,1499.0,1499.0,0,0,0,0,1000,0,0,[],not_exactly_matched_needs_causal_execution_audit,[],[],null,null,null,opening_inventory_or_cash_capacity_blocked,unreviewed,unreviewed
2026-08-14_132024.SH_T006,2026-08-14,132024.SH,sell_then_buy,09:54:05,136.996,09:54:20,136.612,0.384,100,1000,sell,buy,maker_132024_v01_priority,priority,maker_priority_v1_33_candidate,1000.0,2000.0,2000.0,1000.0,2899.13,139511.37,2000,1000,1000,2000,1000,3,1,"[{""order_id"": 98, ""kind"": ""inventory_exit"", ""limit_price"": 136.609, ""quantity_bonds"": 1000.0, ""filled_quantity_bonds"": 190.0, ""created_market_time"": ""09:52:05"", ""updated_market_time"": ""09:54:05"", ""status"": ""cancelled"", ""cancel_reason"": ""active_risk_exit_replaced_passive_sell"", ""initial_queue_ahead_bonds"": 0.0, ""final_queue_ahead_bonds"": 0.0, ""created_same_second_as_tape"": false}, {""order_id"": 99, ""kind"": ""inventory_risk_exit"", ""limit_price"": 136.613, ""quantity_bonds"": 810.0, ""filled_quantity_bonds"": 810.0, ""created_market_time"": ""09:54:05"", ""updated_market_time"": ""09:54:05"", ""status"": ""filled"", ""cancel_reason"": null, ""initial_queue_ahead_bonds"": 0.0, ""final_queue_ahead_bonds"": 0.0, ""created_same_second_as_tape"": true}, {""order_id"": 101, ""kind"": ""inventory_exit"", ""limit_price"": 136.995, ""quantity_bonds"": 1000.0, ""filled_quantity_bonds"": 1000.0, ""created_market_time"": ""09:54:05"", ""updated_market_time"": ""09:54:08"", ""status"": ""filled"", ""cancel_reason"": null, ""initial_queue_ahead_bonds"": 0.0, ""final_queue_ahead_bonds"": 0.0, ""created_same_second_as_tape"": true}]",best_pair_open_leg_matched_only,"[{""order_id"": 101, ""strategy_id"": ""maker_132024_v01_priority"", ""model_id"": ""maker_priority_v1_33_candidate"", ""market_time"": ""09:54:08"", ""side"": ""sell"", ""price"": 136.995, ""quantity_bonds"": 1000.0, ""fill_reason"": ""passive_sell"", ""inventory_after_bonds"": 0.0, ""reference_tick_id"": 76165, ""crossed_book_residual_price"": 0.0, ""crossed_book_residual_bonds"": 0.0}]",[],null,"{""open_time"": ""09:54:08"", ""open_price"": 136.995, ""open_quantity_bonds"": 1000.0, ""close_time"": ""09:56:20"", ""close_price"": 136.202, ""close_quantity_bonds"": 190.0, ""matched_quantity_bonds"": 190.0, ""edge"": 0.793, ""gross_edge_cash"": 150.67}","{""open_time"": ""09:54:08"", ""open_price"": 136.995, ""open_quantity_bonds"": 1000.0, ""close_time"": ""09:59:53"", ""close_price"": 136.012, ""close_quantity_bonds"": 1000.0, ""matched_quantity_bonds"": 1000.0, ""edge"": 0.983, ""gross_edge_cash"": 983.0}",economic_pair_nearby_needs_cross_turn_review,unreviewed,unreviewed
2026-08-14_132024.SH_T006,2026-08-14,132024.SH,sell_then_buy,09:54:05,136.996,09:54:20,136.612,0.384,100,1000,sell,buy,maker_132024_v01_queue,queue,maker_queue_v1_0,1000.0,2000.0,2000.0,2000.0,1499.0,1499.0,2000,2000,2000,2000,1000,2,1,"[{""order_id"": 96, ""kind"": ""inventory_exit"", ""limit_price"": 136.61, ""quantity_bonds"": 1000.0, ""filled_quantity_bonds"": 0.0, ""created_market_time"": ""09:51:41"", ""updated_market_time"": ""09:54:05"", ""status"": ""cancelled"", ""cancel_reason"": ""maker_reprice"", ""initial_queue_ahead_bonds"": 190.0, ""final_queue_ahead_bonds"": 0.0, ""created_same_second_as_tape"": false}, {""order_id"": 102, ""kind"": ""inventory_exit"", ""limit_price"": 136.996, ""quantity_bonds"": 1000.0, ""filled_quantity_bonds"": 0.0, ""created_market_time"": ""09:54:05"", ""updated_market_time"": ""09:54:17"", ""status"": ""cancelled"", ""cancel_reason"": ""maker_reprice"", ""initial_queue_ahead_bonds"": 4000.0, ""final_queue_ahead_bonds"": 3000.0, ""created_same_second_as_tape"": true}]",not_exactly_matched_needs_causal_execution_audit,[],[],null,null,null,preexisting_reaching_order_needs_execution_audit,unreviewed,unreviewed
2026-08-14_132024.SH_T007,2026-08-14,132024.SH,sell_then_buy,09:56:17,136.599,09:56:20,136.201,0.398,19,190,sell,buy,maker_132024_v01_priority,priority,maker_priority_v1_33_candidate,1000.0,2000.0,0.0,0.0,276506.37,276506.37,0,0,0,0,190,0,0,[],best_pair_close_leg_matched_only,[],"[{""order_id"": 118, ""strategy_id"": ""maker_132024_v01_priority"", ""model_id"": ""maker_priority_v1_33_candidate"", ""market_time"": ""09:56:20"", ""side"": ""buy"", ""price"": 136.202, ""quantity_bonds"": 190.0, ""fill_reason"": ""passive_buy"", ""inventory_after_bonds"": 190.0, ""reference_tick_id"": 76254, ""crossed_book_residual_price"": 0.0, ""crossed_book_residual_bonds"": 0.0}]",null,null,"{""open_time"": ""09:54:08"", ""open_price"": 136.995, ""open_quantity_bonds"": 1000.0, ""close_time"": ""09:59:53"", ""close_price"": 136.012, ""close_quantity_bonds"": 1000.0, ""matched_quantity_bonds"": 1000.0, ""edge"": 0.983, ""gross_edge_cash"": 983.0}",economic_pair_cross_turn_600s_needs_path_review,unreviewed,unreviewed
2026-08-14_132024.SH_T007,2026-08-14,132024.SH,sell_then_buy,09:56:17,136.599,09:56:20,136.201,0.398,19,190,sell,buy,maker_132024_v01_queue,queue,maker_queue_v1_0,1000.0,2000.0,2000.0,2000.0,1499.0,1499.0,2000,2000,2000,2000,190,1,1,"[{""order_id"": 124, ""kind"": ""inventory_exit"", ""limit_price"": 136.599, ""quantity_bonds"": 1000.0, ""filled_quantity_bonds"": 0.0, ""created_market_time"": ""09:55:56"", ""updated_market_time"": ""09:57:14"", ""status"": ""cancelled"", ""cancel_reason"": ""maker_reprice"", ""initial_queue_ahead_bonds"": 2000.0, ""final_queue_ahead_bonds"": 1000.0, ""created_same_second_as_tape"": false}]",not_exactly_matched_needs_causal_execution_audit,[],[],null,null,null,preexisting_reaching_order_needs_execution_audit,unreviewed,unreviewed
2026-08-14_132024.SH_T008,2026-08-14,132024.SH,buy_then_sell,09:56:20,136.201,09:58:54,136.956,0.755,19,190,buy,sell,maker_132024_v01_priority,priority,maker_priority_v1_33_candidate,1000.0,2000.0,0.0,190.0,276506.37,250627.99,2000,1810,1810,2000,190,1,1,"[{""order_id"": 118, ""kind"": ""profitable_visible_bid_base_replenish"", ""limit_price"": 136.202, ""quantity_bonds"": 1000.0, ""filled_quantity_bonds"": 190.0, ""created_market_time"": ""09:55:38"", ""updated_market_time"": ""09:57:11"", ""status"": ""cancelled"", ""cancel_reason"": ""maker_reprice"", ""initial_queue_ahead_bonds"": 0.0, ""final_queue_ahead_bonds"": 0.0, ""created_same_second_as_tape"": false}]",best_pair_both_legs_matched,"[{""order_id"": 118, ""strategy_id"": ""maker_132024_v01_priority"", ""model_id"": ""maker_priority_v1_33_candidate"", ""market_time"": ""09:56:20"", ""side"": ""buy"", ""price"": 136.202, ""quantity_bonds"": 190.0, ""fill_reason"": ""passive_buy"", ""inventory_after_bonds"": 190.0, ""reference_tick_id"": 76254, ""crossed_book_residual_price"": 0.0, ""crossed_book_residual_bonds"": 0.0}]","[{""order_id"": 180, ""strategy_id"": ""maker_132024_v01_priority"", ""model_id"": ""maker_priority_v1_33_candidate"", ""market_time"": ""09:58:56"", ""side"": ""sell"", ""price"": 136.956, ""quantity_bonds"": 190.0, ""fill_reason"": ""passive_sell"", ""inventory_after_bonds"": 0.0, ""reference_tick_id"": 76363, ""crossed_book_residual_price"": 0.0, ""crossed_book_residual_bonds"": 0.0}]",null,"{""open_time"": ""09:56:20"", ""open_price"": 136.202, ""open_quantity_bonds"": 190.0, ""close_time"": ""09:58:56"", ""close_price"": 136.956, ""close_quantity_bonds"": 190.0, ""matched_quantity_bonds"": 190.0, ""edge"": 0.754, ""gross_edge_cash"": 143.26}","{""open_time"": ""09:52:05"", ""open_price"": 135.928, ""open_quantity_bonds"": 1000.0, ""close_time"": ""10:08:47"", ""close_price"": 136.498, ""close_quantity_bonds"": 1000.0, ""matched_quantity_bonds"": 1000.0, ""edge"": 0.57, ""gross_edge_cash"": 570.0}",exact_best_pair_capture,unreviewed,unreviewed
2026-08-14_132024.SH_T008,2026-08-14,132024.SH,buy_then_sell,09:56:20,136.201,09:58:54,136.956,0.755,19,190,buy,sell,maker_132024_v01_queue,queue,maker_queue_v1_0,1000.0,2000.0,2000.0,2000.0,1499.0,1499.0,0,0,0,0,190,0,0,[],not_exactly_matched_needs_causal_execution_audit,[],[],null,null,null,opening_inventory_or_cash_capacity_blocked,unreviewed,unreviewed
2026-08-14_132024.SH_T009,2026-08-14,132024.SH,sell_then_buy,09:58:54,136.956,09:59:52,136.011,0.945,100,1000,sell,buy,maker_132024_v01_priority,priority,maker_priority_v1_33_candidate,1000.0,2000.0,190.0,190.0,250627.99,250627.99,190,190,190,190,1000,1,1,"[{""order_id"": 180, ""kind"": ""inventory_exit"", ""limit_price"": 136.956, ""quantity_bonds"": 190.0, ""filled_quantity_bonds"": 190.0, ""created_market_time"": ""09:58:53"", ""updated_market_time"": ""09:58:56"", ""status"": ""filled"", ""cancel_reason"": null, ""initial_queue_ahead_bonds"": 0.0, ""final_queue_ahead_bonds"": 0.0, ""created_same_second_as_tape"": false}]",best_pair_both_legs_matched,"[{""order_id"": 180, ""strategy_id"": ""maker_132024_v01_priority"", ""model_id"": ""maker_priority_v1_33_candidate"", ""market_time"": ""09:58:56"", ""side"": ""sell"", ""price"": 136.956, ""quantity_bonds"": 190.0, ""fill_reason"": ""passive_sell"", ""inventory_after_bonds"": 0.0, ""reference_tick_id"": 76363, ""crossed_book_residual_price"": 0.0, ""crossed_book_residual_bonds"": 0.0}]","[{""order_id"": 182, ""strategy_id"": ""maker_132024_v01_priority"", ""model_id"": ""maker_priority_v1_33_candidate"", ""market_time"": ""09:59:53"", ""side"": ""buy"", ""price"": 136.012, ""quantity_bonds"": 1000.0, ""fill_reason"": ""passive_buy"", ""inventory_after_bonds"": 1000.0, ""reference_tick_id"": 76403, ""crossed_book_residual_price"": 0.0, ""crossed_book_residual_bonds"": 0.0}]",null,"{""open_time"": ""09:58:56"", ""open_price"": 136.956, ""open_quantity_bonds"": 190.0, ""close_time"": ""09:59:53"", ""close_price"": 136.012, ""close_quantity_bonds"": 1000.0, ""matched_quantity_bonds"": 190.0, ""edge"": 0.944, ""gross_edge_cash"": 179.36}","{""open_time"": ""09:54:08"", ""open_price"": 136.995, ""open_quantity_bonds"": 1000.0, ""close_time"": ""09:59:53"", ""close_price"": 136.012, ""close_quantity_bonds"": 1000.0, ""matched_quantity_bonds"": 1000.0, ""edge"": 0.983, ""gross_edge_cash"": 983.0}",exact_best_pair_capture,unreviewed,unreviewed
2026-08-14_132024.SH_T009,2026-08-14,132024.SH,sell_then_buy,09:58:54,136.956,09:59:52,136.011,0.945,100,1000,sell,buy,maker_132024_v01_queue,queue,maker_queue_v1_0,1000.0,2000.0,2000.0,2000.0,1499.0,1499.0,2000,2000,2000,2000,1000,0,0,[],not_exactly_matched_needs_causal_execution_audit,[],[],null,null,null,causal_mode_in_review_required,unreviewed,unreviewed
2026-08-14_132024.SH_T010,2026-08-14,132024.SH,buy_then_sell,09:59:52,136.011,10:06:23,136.499,0.488,100,1000,buy,sell,maker_132024_v01_priority,priority,maker_priority_v1_33_candidate,1000.0,2000.0,0.0,0.0,276649.63,276649.63,2000,2000,2000,2000,1000,1,1,"[{""order_id"": 182, ""kind"": ""profitable_visible_bid_base_replenish"", ""limit_price"": 136.012, ""quantity_bonds"": 1000.0, ""filled_quantity_bonds"": 1000.0, ""created_market_time"": ""09:58:56"", ""updated_market_time"": ""09:59:53"", ""status"": ""filled"", ""cancel_reason"": null, ""initial_queue_ahead_bonds"": 0.0, ""final_queue_ahead_bonds"": 0.0, ""created_same_second_as_tape"": false}]",best_pair_open_leg_matched_only,"[{""order_id"": 182, ""strategy_id"": ""maker_132024_v01_priority"", ""model_id"": ""maker_priority_v1_33_candidate"", ""market_time"": ""09:59:53"", ""side"": ""buy"", ""price"": 136.012, ""quantity_bonds"": 1000.0, ""fill_reason"": ""passive_buy"", ""inventory_after_bonds"": 1000.0, ""reference_tick_id"": 76403, ""crossed_book_residual_price"": 0.0, ""crossed_book_residual_bonds"": 0.0}]",[],null,"{""open_time"": ""09:59:53"", ""open_price"": 136.012, ""open_quantity_bonds"": 1000.0, ""close_time"": ""10:08:47"", ""close_price"": 136.498, ""close_quantity_bonds"": 1000.0, ""matched_quantity_bonds"": 1000.0, ""edge"": 0.486, ""gross_edge_cash"": 486.0}","{""open_time"": ""09:52:05"", ""open_price"": 135.928, ""open_quantity_bonds"": 1000.0, ""close_time"": ""10:08:47"", ""close_price"": 136.498, ""close_quantity_bonds"": 1000.0, ""matched_quantity_bonds"": 1000.0, ""edge"": 0.57, ""gross_edge_cash"": 570.0}",economic_pair_nearby_needs_cross_turn_review,unreviewed,unreviewed
2026-08-14_132024.SH_T010,2026-08-14,132024.SH,buy_then_sell,09:59:52,136.011,10:06:23,136.499,0.488,100,1000,buy,sell,maker_132024_v01_queue,queue,maker_queue_v1_0,1000.0,2000.0,2000.0,2000.0,1499.0,1499.0,0,0,0,0,1000,0,0,[],best_pair_close_leg_matched_only,[],"[{""order_id"": 192, ""strategy_id"": ""maker_132024_v01_queue"", ""model_id"": ""maker_queue_v1_0"", ""market_time"": ""10:06:26"", ""side"": ""sell"", ""price"": 136.499, ""quantity_bonds"": 1000.0, ""fill_reason"": ""passive_sell"", ""inventory_after_bonds"": 1000.0, ""reference_tick_id"": 76626, ""crossed_book_residual_price"": 0.0, ""crossed_book_residual_bonds"": 0.0}]",null,null,null,opening_inventory_or_cash_capacity_blocked,unreviewed,unreviewed
2026-08-14_132024.SH_T011,2026-08-14,132024.SH,sell_then_buy,10:06:23,136.499,10:07:33,136.211,0.288,100,1000,sell,buy,maker_132024_v01_priority,priority,maker_priority_v1_33_candidate,1000.0,2000.0,1000.0,1000.0,140637.63,140637.63,1000,1000,1000,1000,1000,0,0,[],best_pair_close_leg_matched_only,[],"[{""order_id"": 197, ""strategy_id"": ""maker_132024_v01_priority"", ""model_id"": ""maker_priority_v1_33_candidate"", ""market_time"": ""10:07:35"", ""side"": ""buy"", ""price"": 136.212, ""quantity_bonds"": 1000.0, ""fill_reason"": ""passive_buy"", ""inventory_after_bonds"": 2000.0, ""reference_tick_id"": 76667, ""crossed_book_residual_price"": 0.0, ""crossed_book_residual_bonds"": 0.0}]",null,null,"{""open_time"": ""09:58:56"", ""open_price"": 136.956, ""open_quantity_bonds"": 190.0, ""close_time"": ""10:07:35"", ""close_price"": 136.212, ""close_quantity_bonds"": 1000.0, ""matched_quantity_bonds"": 190.0, ""edge"": 0.744, ""gross_edge_cash"": 141.36}",economic_pair_cross_turn_600s_needs_path_review,unreviewed,unreviewed
2026-08-14_132024.SH_T011,2026-08-14,132024.SH,sell_then_buy,10:06:23,136.499,10:07:33,136.211,0.288,100,1000,sell,buy,maker_132024_v01_queue,queue,maker_queue_v1_0,1000.0,2000.0,2000.0,2000.0,1499.0,1499.0,2000,2000,2000,2000,1000,1,1,"[{""order_id"": 192, ""kind"": ""inventory_exit"", ""limit_price"": 136.499, ""quantity_bonds"": 1000.0, ""filled_quantity_bonds"": 1000.0, ""created_market_time"": ""09:59:29"", ""updated_market_time"": ""10:06:26"", ""status"": ""filled"", ""cancel_reason"": null, ""initial_queue_ahead_bonds"": 1000.0, ""final_queue_ahead_bonds"": 0.0, ""created_same_second_as_tape"": false}]",best_pair_open_leg_matched_only,"[{""order_id"": 192, ""strategy_id"": ""maker_132024_v01_queue"", ""model_id"": ""maker_queue_v1_0"", ""market_time"": ""10:06:26"", ""side"": ""sell"", ""price"": 136.499, ""quantity_bonds"": 1000.0, ""fill_reason"": ""passive_sell"", ""inventory_after_bonds"": 1000.0, ""reference_tick_id"": 76626, ""crossed_book_residual_price"": 0.0, ""crossed_book_residual_bonds"": 0.0}]",[],null,null,null,preexisting_reaching_order_needs_execution_audit,unreviewed,unreviewed
2026-08-14_132024.SH_T012,2026-08-14,132024.SH,buy_then_sell,10:07:33,136.211,10:11:05,136.672,0.461,100,1000,buy,sell,maker_132024_v01_priority,priority,maker_priority_v1_33_candidate,1000.0,2000.0,1000.0,1000.0,140637.63,140637.63,1000,1000,1000,1000,1000,1,1,"[{""order_id"": 197, ""kind"": ""low_bid_reversion"", ""limit_price"": 136.212, ""quantity_bonds"": 1000.0, ""filled_quantity_bonds"": 1000.0, ""created_market_time"": ""10:06:32"", ""updated_market_time"": ""10:07:35"", ""status"": ""filled"", ""cancel_reason"": null, ""initial_queue_ahead_bonds"": 0.0, ""final_queue_ahead_bonds"": 0.0, ""created_same_second_as_tape"": false}]",best_pair_open_leg_matched_only,"[{""order_id"": 197, ""strategy_id"": ""maker_132024_v01_priority"", ""model_id"": ""maker_priority_v1_33_candidate"", ""market_time"": ""10:07:35"", ""side"": ""buy"", ""price"": 136.212, ""quantity_bonds"": 1000.0, ""fill_reason"": ""passive_buy"", ""inventory_after_bonds"": 2000.0, ""reference_tick_id"": 76667, ""crossed_book_residual_price"": 0.0, ""crossed_book_residual_bonds"": 0.0}]",[],"{""open_time"": ""10:07:35"", ""open_price"": 136.212, ""open_quantity_bonds"": 1000.0, ""close_time"": ""10:08:47"", ""close_price"": 136.498, ""close_quantity_bonds"": 1000.0, ""matched_quantity_bonds"": 1000.0, ""edge"": 0.286, ""gross_edge_cash"": 286.0}","{""open_time"": ""10:07:35"", ""open_price"": 136.212, ""open_quantity_bonds"": 1000.0, ""close_time"": ""10:08:47"", ""close_price"": 136.498, ""close_quantity_bonds"": 1000.0, ""matched_quantity_bonds"": 1000.0, ""edge"": 0.286, ""gross_edge_cash"": 286.0}","{""open_time"": ""09:59:53"", ""open_price"": 136.012, ""open_quantity_bonds"": 1000.0, ""close_time"": ""10:21:53"", ""close_price"": 136.797, ""close_quantity_bonds"": 1000.0, ""matched_quantity_bonds"": 1000.0, ""edge"": 0.785, ""gross_edge_cash"": 785.0}",economic_pair_within_turn_needs_overlap_review,unreviewed,unreviewed
2026-08-14_132024.SH_T012,2026-08-14,132024.SH,buy_then_sell,10:07:33,136.211,10:11:05,136.672,0.461,100,1000,buy,sell,maker_132024_v01_queue,queue,maker_queue_v1_0,1000.0,2000.0,1000.0,1000.0,137998.0,137998.0,1000,1000,1000,1000,1000,0,0,[],not_exactly_matched_needs_causal_execution_audit,[],[],null,null,null,causal_mode_in_review_required,unreviewed,unreviewed
2026-08-14_132024.SH_T013,2026-08-14,132024.SH,sell_then_buy,10:11:05,136.672,10:13:46,136.4,0.272,200,1000,sell,buy,maker_132024_v01_priority,priority,maker_priority_v1_33_candidate,1000.0,2000.0,1000.0,1000.0,140923.63,140923.63,1000,1000,1000,1000,1000,0,0,[],not_exactly_matched_needs_causal_execution_audit,[],[],null,null,"{""open_time"": ""09:58:56"", ""open_price"": 136.956, ""open_quantity_bonds"": 190.0, ""close_time"": ""10:22:08"", ""close_price"": 136.552, ""close_quantity_bonds"": 1000.0, ""matched_quantity_bonds"": 190.0, ""edge"": 0.404, ""gross_edge_cash"": 76.76}",economic_pair_cross_turn_600s_needs_path_review,unreviewed,unreviewed
2026-08-14_132024.SH_T013,2026-08-14,132024.SH,sell_then_buy,10:11:05,136.672,10:13:46,136.4,0.272,200,1000,sell,buy,maker_132024_v01_queue,queue,maker_queue_v1_0,1000.0,2000.0,1000.0,1000.0,137998.0,137998.0,1000,1000,1000,1000,1000,0,0,[],not_exactly_matched_needs_causal_execution_audit,[],[],null,null,null,causal_mode_in_review_required,unreviewed,unreviewed
2026-08-14_132024.SH_T014,2026-08-14,132024.SH,buy_then_sell,10:13:46,136.4,10:13:57,136.5,0.1,100,1000,buy,sell,maker_132024_v01_priority,priority,maker_priority_v1_33_candidate,1000.0,2000.0,1000.0,1000.0,140923.63,140923.63,1000,1000,1000,1000,1000,0,0,[],not_exactly_matched_needs_causal_execution_audit,[],[],null,null,"{""open_time"": ""10:07:35"", ""open_price"": 136.212, ""open_quantity_bonds"": 1000.0, ""close_time"": ""10:21:53"", ""close_price"": 136.797, ""close_quantity_bonds"": 1000.0, ""matched_quantity_bonds"": 1000.0, ""edge"": 0.585, ""gross_edge_cash"": 585.0}",economic_pair_cross_turn_600s_needs_path_review,unreviewed,unreviewed
2026-08-14_132024.SH_T014,2026-08-14,132024.SH,buy_then_sell,10:13:46,136.4,10:13:57,136.5,0.1,100,1000,buy,sell,maker_132024_v01_queue,queue,maker_queue_v1_0,1000.0,2000.0,1000.0,1000.0,137998.0,137998.0,1000,1000,1000,1000,1000,0,0,[],not_exactly_matched_needs_causal_execution_audit,[],[],null,null,null,causal_mode_in_review_required,unreviewed,unreviewed
2026-08-14_132024.SH_T015,2026-08-14,132024.SH,sell_then_buy,10:13:57,136.5,10:14:21,136.2,0.3,100,1000,sell,buy,maker_132024_v01_priority,priority,maker_priority_v1_33_candidate,1000.0,2000.0,1000.0,1000.0,140923.63,140923.63,1000,1000,1000,1000,1000,0,0,[],not_exactly_matched_needs_causal_execution_audit,[],[],null,null,null,causal_mode_in_review_required,unreviewed,unreviewed
2026-08-14_132024.SH_T015,2026-08-14,132024.SH,sell_then_buy,10:13:57,136.5,10:14:21,136.2,0.3,100,1000,sell,buy,maker_132024_v01_queue,queue,maker_queue_v1_0,1000.0,2000.0,1000.0,1000.0,137998.0,137998.0,1000,1000,1000,1000,1000,0,0,[],not_exactly_matched_needs_causal_execution_audit,[],[],null,null,null,causal_mode_in_review_required,unreviewed,unreviewed
2026-08-14_132024.SH_T016,2026-08-14,132024.SH,buy_then_sell,10:14:21,136.2,10:21:04,136.7,0.5,200,1000,buy,sell,maker_132024_v01_priority,priority,maker_priority_v1_33_candidate,1000.0,2000.0,1000.0,1000.0,140923.63,140923.63,1000,1000,1000,1000,1000,0,0,[],not_exactly_matched_needs_causal_execution_audit,[],[],null,null,"{""open_time"": ""10:07:35"", ""open_price"": 136.212, ""open_quantity_bonds"": 1000.0, ""close_time"": ""10:27:50"", ""close_price"": 137.296, ""close_quantity_bonds"": 1000.0, ""matched_quantity_bonds"": 1000.0, ""edge"": 1.084, ""gross_edge_cash"": 1084.0}",economic_pair_cross_turn_600s_needs_path_review,unreviewed,unreviewed
2026-08-14_132024.SH_T016,2026-08-14,132024.SH,buy_then_sell,10:14:21,136.2,10:21:04,136.7,0.5,200,1000,buy,sell,maker_132024_v01_queue,queue,maker_queue_v1_0,1000.0,2000.0,1000.0,1000.0,137998.0,137998.0,1000,1000,1000,1000,1000,0,0,[],best_pair_close_leg_matched_only,[],"[{""order_id"": 274, ""strategy_id"": ""maker_132024_v01_queue"", ""model_id"": ""maker_queue_v1_0"", ""market_time"": ""10:21:08"", ""side"": ""sell"", ""price"": 136.8, ""quantity_bonds"": 1000.0, ""fill_reason"": ""passive_sell"", ""inventory_after_bonds"": 0.0, ""reference_tick_id"": 79062, ""crossed_book_residual_price"": 0.0, ""crossed_book_residual_bonds"": 0.0}]",null,null,null,causal_mode_in_review_required,unreviewed,unreviewed
2026-08-14_132024.SH_T017,2026-08-14,132024.SH,sell_then_buy,10:21:04,136.7,10:21:06,136.501,0.199,100,1000,sell,buy,maker_132024_v01_priority,priority,maker_priority_v1_33_candidate,1000.0,2000.0,1000.0,1000.0,140923.63,140923.63,1000,1000,1000,1000,1000,0,0,[],not_exactly_matched_needs_causal_execution_audit,[],[],null,null,null,causal_mode_in_review_required,unreviewed,unreviewed
2026-08-14_132024.SH_T017,2026-08-14,132024.SH,sell_then_buy,10:21:04,136.7,10:21:06,136.501,0.199,100,1000,sell,buy,maker_132024_v01_queue,queue,maker_queue_v1_0,1000.0,2000.0,1000.0,1000.0,137998.0,137998.0,1000,1000,1000,1000,1000,0,0,[],best_pair_open_leg_matched_only,"[{""order_id"": 274, ""strategy_id"": ""maker_132024_v01_queue"", ""model_id"": ""maker_queue_v1_0"", ""market_time"": ""10:21:08"", ""side"": ""sell"", ""price"": 136.8, ""quantity_bonds"": 1000.0, ""fill_reason"": ""passive_sell"", ""inventory_after_bonds"": 0.0, ""reference_tick_id"": 79062, ""crossed_book_residual_price"": 0.0, ""crossed_book_residual_bonds"": 0.0}]",[],null,null,null,causal_mode_in_review_required,unreviewed,unreviewed
2026-08-14_132024.SH_T018,2026-08-14,132024.SH,buy_then_sell,10:21:06,136.501,10:21:07,136.8,0.299,100,1000,buy,sell,maker_132024_v01_priority,priority,maker_priority_v1_33_candidate,1000.0,2000.0,1000.0,1000.0,140923.63,140923.63,1000,1000,1000,1000,1000,0,0,[],not_exactly_matched_needs_causal_execution_audit,[],[],null,null,null,causal_mode_in_review_required,unreviewed,unreviewed
2026-08-14_132024.SH_T018,2026-08-14,132024.SH,buy_then_sell,10:21:06,136.501,10:21:07,136.8,0.299,100,1000,buy,sell,maker_132024_v01_queue,queue,maker_queue_v1_0,1000.0,2000.0,1000.0,1000.0,137998.0,137998.0,1000,1000,1000,1000,1000,0,0,[],best_pair_close_leg_matched_only,[],"[{""order_id"": 274, ""strategy_id"": ""maker_132024_v01_queue"", ""model_id"": ""maker_queue_v1_0"", ""market_time"": ""10:21:08"", ""side"": ""sell"", ""price"": 136.8, ""quantity_bonds"": 1000.0, ""fill_reason"": ""passive_sell"", ""inventory_after_bonds"": 0.0, ""reference_tick_id"": 79062, ""crossed_book_residual_price"": 0.0, ""crossed_book_residual_bonds"": 0.0}]",null,null,null,causal_mode_in_review_required,unreviewed,unreviewed
2026-08-14_132024.SH_T019,2026-08-14,132024.SH,sell_then_buy,10:21:07,136.8,10:21:10,136.502,0.298,100,1000,sell,buy,maker_132024_v01_priority,priority,maker_priority_v1_33_candidate,1000.0,2000.0,1000.0,1000.0,140923.63,140923.63,1000,1000,1000,1000,1000,0,0,[],not_exactly_matched_needs_causal_execution_audit,[],[],null,null,null,causal_mode_in_review_required,unreviewed,unreviewed
2026-08-14_132024.SH_T019,2026-08-14,132024.SH,sell_then_buy,10:21:07,136.8,10:21:10,136.502,0.298,100,1000,sell,buy,maker_132024_v01_queue,queue,maker_queue_v1_0,1000.0,2000.0,1000.0,1000.0,137998.0,137998.0,1000,1000,1000,1000,1000,1,1,"[{""order_id"": 274, ""kind"": ""inventory_exit"", ""limit_price"": 136.8, ""quantity_bonds"": 1000.0, ""filled_quantity_bonds"": 1000.0, ""created_market_time"": ""10:21:05"", ""updated_market_time"": ""10:21:08"", ""status"": ""filled"", ""cancel_reason"": null, ""initial_queue_ahead_bonds"": 1000.0, ""final_queue_ahead_bonds"": 0.0, ""created_same_second_as_tape"": false}]",best_pair_open_leg_matched_only,"[{""order_id"": 274, ""strategy_id"": ""maker_132024_v01_queue"", ""model_id"": ""maker_queue_v1_0"", ""market_time"": ""10:21:08"", ""side"": ""sell"", ""price"": 136.8, ""quantity_bonds"": 1000.0, ""fill_reason"": ""passive_sell"", ""inventory_after_bonds"": 0.0, ""reference_tick_id"": 79062, ""crossed_book_residual_price"": 0.0, ""crossed_book_residual_bonds"": 0.0}]",[],null,null,null,preexisting_reaching_order_needs_execution_audit,unreviewed,unreviewed
2026-08-14_132024.SH_T020,2026-08-14,132024.SH,buy_then_sell,10:21:10,136.502,10:21:52,136.798,0.296,100,1000,buy,sell,maker_132024_v01_priority,priority,maker_priority_v1_33_candidate,1000.0,2000.0,1000.0,1000.0,140923.63,140923.63,1000,1000,1000,1000,1000,0,0,[],best_pair_close_leg_matched_only,[],"[{""order_id"": 283, ""strategy_id"": ""maker_132024_v01_priority"", ""model_id"": ""maker_priority_v1_33_candidate"", ""market_time"": ""10:21:53"", ""side"": ""sell"", ""price"": 136.797, ""quantity_bonds"": 1000.0, ""fill_reason"": ""passive_sell"", ""inventory_after_bonds"": 0.0, ""reference_tick_id"": 79102, ""crossed_book_residual_price"": 0.0, ""crossed_book_residual_bonds"": 0.0}]",null,null,null,causal_mode_in_review_required,unreviewed,unreviewed
2026-08-14_132024.SH_T020,2026-08-14,132024.SH,buy_then_sell,10:21:10,136.502,10:21:52,136.798,0.296,100,1000,buy,sell,maker_132024_v01_queue,queue,maker_queue_v1_0,1000.0,2000.0,0.0,0.0,274798.0,274798.0,2000,2000,2000,2000,1000,1,1,"[{""order_id"": 276, ""kind"": ""inventory_replenish"", ""limit_price"": 136.502, ""quantity_bonds"": 1000.0, ""filled_quantity_bonds"": 0.0, ""created_market_time"": ""10:21:08"", ""updated_market_time"": ""10:21:23"", ""status"": ""cancelled"", ""cancel_reason"": ""maker_reprice"", ""initial_queue_ahead_bonds"": 2000.0, ""final_queue_ahead_bonds"": 1000.0, ""created_same_second_as_tape"": false}]",not_exactly_matched_needs_causal_execution_audit,[],[],null,null,null,preexisting_reaching_order_needs_execution_audit,unreviewed,unreviewed
2026-08-14_132024.SH_T021,2026-08-14,132024.SH,sell_then_buy,10:21:52,136.798,10:22:06,136.551,0.247,400,1000,sell,buy,maker_132024_v01_priority,priority,maker_priority_v1_33_candidate,1000.0,2000.0,1000.0,1000.0,140923.63,140923.63,1000,1000,1000,1000,1000,1,1,"[{""order_id"": 283, ""kind"": ""inventory_exit"", ""limit_price"": 136.797, ""quantity_bonds"": 1000.0, ""filled_quantity_bonds"": 1000.0, ""created_market_time"": ""10:21:38"", ""updated_market_time"": ""10:21:53"", ""status"": ""filled"", ""cancel_reason"": null, ""initial_queue_ahead_bonds"": 0.0, ""final_queue_ahead_bonds"": 0.0, ""created_same_second_as_tape"": false}]",best_pair_both_legs_matched,"[{""order_id"": 283, ""strategy_id"": ""maker_132024_v01_priority"", ""model_id"": ""maker_priority_v1_33_candidate"", ""market_time"": ""10:21:53"", ""side"": ""sell"", ""price"": 136.797, ""quantity_bonds"": 1000.0, ""fill_reason"": ""passive_sell"", ""inventory_after_bonds"": 0.0, ""reference_tick_id"": 79102, ""crossed_book_residual_price"": 0.0, ""crossed_book_residual_bonds"": 0.0}]","[{""order_id"": 285, ""strategy_id"": ""maker_132024_v01_priority"", ""model_id"": ""maker_priority_v1_33_candidate"", ""market_time"": ""10:22:08"", ""side"": ""buy"", ""price"": 136.552, ""quantity_bonds"": 1000.0, ""fill_reason"": ""passive_buy"", ""inventory_after_bonds"": 1000.0, ""reference_tick_id"": 79116, ""crossed_book_residual_price"": 0.0, ""crossed_book_residual_bonds"": 0.0}]",null,"{""open_time"": ""10:21:53"", ""open_price"": 136.797, ""open_quantity_bonds"": 1000.0, ""close_time"": ""10:22:08"", ""close_price"": 136.552, ""close_quantity_bonds"": 1000.0, ""matched_quantity_bonds"": 1000.0, ""edge"": 0.245, ""gross_edge_cash"": 245.0}","{""open_time"": ""10:21:53"", ""open_price"": 136.797, ""open_quantity_bonds"": 1000.0, ""close_time"": ""10:22:08"", ""close_price"": 136.552, ""close_quantity_bonds"": 1000.0, ""matched_quantity_bonds"": 1000.0, ""edge"": 0.245, ""gross_edge_cash"": 245.0}",exact_best_pair_capture,unreviewed,unreviewed
2026-08-14_132024.SH_T021,2026-08-14,132024.SH,sell_then_buy,10:21:52,136.798,10:22:06,136.551,0.247,400,1000,sell,buy,maker_132024_v01_queue,queue,maker_queue_v1_0,1000.0,2000.0,0.0,0.0,274798.0,274798.0,0,0,0,0,1000,0,0,[],not_exactly_matched_needs_causal_execution_audit,[],[],null,null,null,opening_inventory_or_cash_capacity_blocked,unreviewed,unreviewed
2026-08-14_132024.SH_T022,2026-08-14,132024.SH,buy_then_sell,10:22:06,136.551,10:22:25,136.699,0.148,100,1000,buy,sell,maker_132024_v01_priority,priority,maker_priority_v1_33_candidate,1000.0,2000.0,0.0,0.0,277720.63,277720.63,2000,2000,2000,2000,1000,1,1,"[{""order_id"": 285, ""kind"": ""inventory_replenish"", ""limit_price"": 136.552, ""quantity_bonds"": 1000.0, ""filled_quantity_bonds"": 1000.0, ""created_market_time"": ""10:22:02"", ""updated_market_time"": ""10:22:08"", ""status"": ""filled"", ""cancel_reason"": null, ""initial_queue_ahead_bonds"": 0.0, ""final_queue_ahead_bonds"": 0.0, ""created_same_second_as_tape"": false}]",best_pair_open_leg_matched_only,"[{""order_id"": 285, ""strategy_id"": ""maker_132024_v01_priority"", ""model_id"": ""maker_priority_v1_33_candidate"", ""market_time"": ""10:22:08"", ""side"": ""buy"", ""price"": 136.552, ""quantity_bonds"": 1000.0, ""fill_reason"": ""passive_buy"", ""inventory_after_bonds"": 1000.0, ""reference_tick_id"": 79116, ""crossed_book_residual_price"": 0.0, ""crossed_book_residual_bonds"": 0.0}]",[],null,null,"{""open_time"": ""10:22:08"", ""open_price"": 136.552, ""open_quantity_bonds"": 1000.0, ""close_time"": ""10:27:50"", ""close_price"": 137.296, ""close_quantity_bonds"": 1000.0, ""matched_quantity_bonds"": 1000.0, ""edge"": 0.744, ""gross_edge_cash"": 744.0}",economic_pair_cross_turn_600s_needs_path_review,unreviewed,unreviewed
2026-08-14_132024.SH_T022,2026-08-14,132024.SH,buy_then_sell,10:22:06,136.551,10:22:25,136.699,0.148,100,1000,buy,sell,maker_132024_v01_queue,queue,maker_queue_v1_0,1000.0,2000.0,0.0,0.0,274798.0,274798.0,2000,2000,2000,2000,1000,1,1,"[{""order_id"": 286, ""kind"": ""inventory_replenish"", ""limit_price"": 136.551, ""quantity_bonds"": 1000.0, ""filled_quantity_bonds"": 0.0, ""created_market_time"": ""10:22:02"", ""updated_market_time"": ""10:22:20"", ""status"": ""cancelled"", ""cancel_reason"": ""maker_reprice"", ""initial_queue_ahead_bonds"": 2000.0, ""final_queue_ahead_bonds"": 1000.0, ""created_same_second_as_tape"": false}]",not_exactly_matched_needs_causal_execution_audit,[],[],null,null,null,preexisting_reaching_order_needs_execution_audit,unreviewed,unreviewed
2026-08-14_132024.SH_T023,2026-08-14,132024.SH,sell_then_buy,10:22:25,136.699,10:22:29,136.5,0.199,100,1000,sell,buy,maker_132024_v01_priority,priority,maker_priority_v1_33_candidate,1000.0,2000.0,1000.0,1000.0,141168.63,141168.63,1000,1000,1000,1000,1000,0,0,[],not_exactly_matched_needs_causal_execution_audit,[],[],null,null,null,causal_mode_in_review_required,unreviewed,unreviewed
2026-08-14_132024.SH_T023,2026-08-14,132024.SH,sell_then_buy,10:22:25,136.699,10:22:29,136.5,0.199,100,1000,sell,buy,maker_132024_v01_queue,queue,maker_queue_v1_0,1000.0,2000.0,0.0,0.0,274798.0,274798.0,0,0,0,0,1000,0,0,[],not_exactly_matched_needs_causal_execution_audit,[],[],null,null,null,opening_inventory_or_cash_capacity_blocked,unreviewed,unreviewed
2026-08-14_132024.SH_T024,2026-08-14,132024.SH,buy_then_sell,10:22:29,136.5,10:27:47,137.297,0.797,200,1000,buy,sell,maker_132024_v01_priority,priority,maker_priority_v1_33_candidate,1000.0,2000.0,1000.0,1000.0,141168.63,141168.63,1000,1000,1000,1000,1000,0,0,[],best_pair_close_leg_matched_only,[],"[{""order_id"": 308, ""strategy_id"": ""maker_132024_v01_priority"", ""model_id"": ""maker_priority_v1_33_candidate"", ""market_time"": ""10:27:50"", ""side"": ""sell"", ""price"": 137.296, ""quantity_bonds"": 1000.0, ""fill_reason"": ""passive_sell"", ""inventory_after_bonds"": 0.0, ""reference_tick_id"": 79366, ""crossed_book_residual_price"": 0.0, ""crossed_book_residual_bonds"": 0.0}]",null,"{""open_time"": ""10:22:08"", ""open_price"": 136.552, ""open_quantity_bonds"": 1000.0, ""close_time"": ""10:27:50"", ""close_price"": 137.296, ""close_quantity_bonds"": 1000.0, ""matched_quantity_bonds"": 1000.0, ""edge"": 0.744, ""gross_edge_cash"": 744.0}","{""open_time"": ""10:22:08"", ""open_price"": 136.552, ""open_quantity_bonds"": 1000.0, ""close_time"": ""10:27:50"", ""close_price"": 137.296, ""close_quantity_bonds"": 1000.0, ""matched_quantity_bonds"": 1000.0, ""edge"": 0.744, ""gross_edge_cash"": 744.0}",economic_pair_nearby_needs_cross_turn_review,unreviewed,unreviewed
2026-08-14_132024.SH_T024,2026-08-14,132024.SH,buy_then_sell,10:22:29,136.5,10:27:47,137.297,0.797,200,1000,buy,sell,maker_132024_v01_queue,queue,maker_queue_v1_0,1000.0,2000.0,0.0,0.0,274798.0,274798.0,2000,2000,2000,2000,1000,1,1,"[{""order_id"": 287, ""kind"": ""inventory_replenish"", ""limit_price"": 136.5, ""quantity_bonds"": 1000.0, ""filled_quantity_bonds"": 0.0, ""created_market_time"": ""10:22:20"", ""updated_market_time"": ""10:22:29"", ""status"": ""cancelled"", ""cancel_reason"": ""entry_context_changed"", ""initial_queue_ahead_bonds"": 2000.0, ""final_queue_ahead_bonds"": 1000.0, ""created_same_second_as_tape"": false}]",not_exactly_matched_needs_causal_execution_audit,[],[],null,null,null,preexisting_reaching_order_needs_execution_audit,unreviewed,unreviewed
2026-08-14_132024.SH_T025,2026-08-14,132024.SH,sell_then_buy,10:27:47,137.297,10:30:45,137.0,0.297,67,670,sell,buy,maker_132024_v01_priority,priority,maker_priority_v1_33_candidate,1000.0,2000.0,1000.0,1000.0,141168.63,141168.63,1000,1000,1000,1000,670,1,1,"[{""order_id"": 308, ""kind"": ""inventory_exit"", ""limit_price"": 137.296, ""quantity_bonds"": 1000.0, ""filled_quantity_bonds"": 1000.0, ""created_market_time"": ""10:27:23"", ""updated_market_time"": ""10:27:50"", ""status"": ""filled"", ""cancel_reason"": null, ""initial_queue_ahead_bonds"": 0.0, ""final_queue_ahead_bonds"": 0.0, ""created_same_second_as_tape"": false}]",best_pair_open_leg_matched_only,"[{""order_id"": 308, ""strategy_id"": ""maker_132024_v01_priority"", ""model_id"": ""maker_priority_v1_33_candidate"", ""market_time"": ""10:27:50"", ""side"": ""sell"", ""price"": 137.296, ""quantity_bonds"": 1000.0, ""fill_reason"": ""passive_sell"", ""inventory_after_bonds"": 0.0, ""reference_tick_id"": 79366, ""crossed_book_residual_price"": 0.0, ""crossed_book_residual_bonds"": 0.0}]",[],null,null,"{""open_time"": ""10:27:50"", ""open_price"": 137.296, ""open_quantity_bonds"": 1000.0, ""close_time"": ""10:37:29"", ""close_price"": 136.552, ""close_quantity_bonds"": 810.0, ""matched_quantity_bonds"": 810.0, ""edge"": 0.744, ""gross_edge_cash"": 602.64}",economic_pair_cross_turn_600s_needs_path_review,unreviewed,unreviewed
2026-08-14_132024.SH_T025,2026-08-14,132024.SH,sell_then_buy,10:27:47,137.297,10:30:45,137.0,0.297,67,670,sell,buy,maker_132024_v01_queue,queue,maker_queue_v1_0,1000.0,2000.0,0.0,0.0,274798.0,274798.0,0,0,0,0,670,0,0,[],not_exactly_matched_needs_causal_execution_audit,[],[],null,null,null,opening_inventory_or_cash_capacity_blocked,unreviewed,unreviewed
2026-08-14_132024.SH_T026,2026-08-14,132024.SH,sell_then_buy,10:30:59,137.0,10:30:59,136.999,0.001,33,330,sell,buy,maker_132024_v01_priority,priority,maker_priority_v1_33_candidate,1000.0,2000.0,0.0,0.0,278464.63,278464.63,0,0,0,0,330,0,0,[],not_exactly_matched_needs_causal_execution_audit,[],[],null,null,"{""open_time"": ""10:27:50"", ""open_price"": 137.296, ""open_quantity_bonds"": 1000.0, ""close_time"": ""10:37:29"", ""close_price"": 136.552, ""close_quantity_bonds"": 810.0, ""matched_quantity_bonds"": 810.0, ""edge"": 0.744, ""gross_edge_cash"": 602.64}",economic_pair_cross_turn_600s_needs_path_review,unreviewed,unreviewed
2026-08-14_132024.SH_T026,2026-08-14,132024.SH,sell_then_buy,10:30:59,137.0,10:30:59,136.999,0.001,33,330,sell,buy,maker_132024_v01_queue,queue,maker_queue_v1_0,1000.0,2000.0,0.0,0.0,274798.0,274798.0,0,0,0,0,330,0,0,[],not_exactly_matched_needs_causal_execution_audit,[],[],null,null,null,opening_inventory_or_cash_capacity_blocked,unreviewed,unreviewed
2026-08-14_132024.SH_T027,2026-08-14,132024.SH,buy_then_sell,10:30:59,136.999,10:31:15,137.0,0.001,100,670,buy,sell,maker_132024_v01_priority,priority,maker_priority_v1_33_candidate,1000.0,2000.0,0.0,0.0,278464.63,278464.63,2000,2000,2000,2000,670,0,0,[],not_exactly_matched_needs_causal_execution_audit,[],[],null,null,null,causal_mode_in_review_required,unreviewed,unreviewed
2026-08-14_132024.SH_T027,2026-08-14,132024.SH,buy_then_sell,10:30:59,136.999,10:31:15,137.0,0.001,100,670,buy,sell,maker_132024_v01_queue,queue,maker_queue_v1_0,1000.0,2000.0,0.0,0.0,274798.0,274798.0,2000,2000,2000,2000,670,0,0,[],not_exactly_matched_needs_causal_execution_audit,[],[],null,null,null,causal_mode_in_review_required,unreviewed,unreviewed
2026-08-14_132024.SH_T028,2026-08-14,132024.SH,sell_then_buy,10:31:15,137.0,10:37:27,136.551,0.449,100,670,sell,buy,maker_132024_v01_priority,priority,maker_priority_v1_33_candidate,1000.0,2000.0,0.0,0.0,278464.63,278464.63,0,0,0,0,670,0,0,[],best_pair_close_leg_matched_only,[],"[{""order_id"": 349, ""strategy_id"": ""maker_132024_v01_priority"", ""model_id"": ""maker_priority_v1_33_candidate"", ""market_time"": ""10:37:29"", ""side"": ""buy"", ""price"": 136.552, ""quantity_bonds"": 810.0, ""fill_reason"": ""passive_buy"", ""inventory_after_bonds"": 1000.0, ""reference_tick_id"": 79832, ""crossed_book_residual_price"": 0.0, ""crossed_book_residual_bonds"": 0.0}]",null,null,"{""open_time"": ""10:27:50"", ""open_price"": 137.296, ""open_quantity_bonds"": 1000.0, ""close_time"": ""10:37:29"", ""close_price"": 136.552, ""close_quantity_bonds"": 810.0, ""matched_quantity_bonds"": 810.0, ""edge"": 0.744, ""gross_edge_cash"": 602.64}",economic_pair_cross_turn_600s_needs_path_review,unreviewed,unreviewed
2026-08-14_132024.SH_T028,2026-08-14,132024.SH,sell_then_buy,10:31:15,137.0,10:37:27,136.551,0.449,100,670,sell,buy,maker_132024_v01_queue,queue,maker_queue_v1_0,1000.0,2000.0,0.0,0.0,274798.0,274798.0,0,0,0,0,670,0,0,[],not_exactly_matched_needs_causal_execution_audit,[],[],null,null,null,opening_inventory_or_cash_capacity_blocked,unreviewed,unreviewed
2026-08-14_132024.SH_T029,2026-08-14,132024.SH,buy_then_sell,10:37:27,136.551,10:43:41,136.988,0.437,119,1000,buy,sell,maker_132024_v01_priority,priority,maker_priority_v1_33_candidate,1000.0,2000.0,190.0,190.0,252510.25,252510.25,1810,1810,1810,1810,1000,1,1,"[{""order_id"": 349, ""kind"": ""profitable_visible_bid_base_replenish"", ""limit_price"": 136.552, ""quantity_bonds"": 810.0, ""filled_quantity_bonds"": 810.0, ""created_market_time"": ""10:36:20"", ""updated_market_time"": ""10:37:29"", ""status"": ""filled"", ""cancel_reason"": null, ""initial_queue_ahead_bonds"": 0.0, ""final_queue_ahead_bonds"": 0.0, ""created_same_second_as_tape"": false}]",best_pair_open_leg_matched_only,"[{""order_id"": 349, ""strategy_id"": ""maker_132024_v01_priority"", ""model_id"": ""maker_priority_v1_33_candidate"", ""market_time"": ""10:37:29"", ""side"": ""buy"", ""price"": 136.552, ""quantity_bonds"": 810.0, ""fill_reason"": ""passive_buy"", ""inventory_after_bonds"": 1000.0, ""reference_tick_id"": 79832, ""crossed_book_residual_price"": 0.0, ""crossed_book_residual_bonds"": 0.0}]",[],null,null,"{""open_time"": ""10:37:29"", ""open_price"": 136.552, ""open_quantity_bonds"": 810.0, ""close_time"": ""10:51:11"", ""close_price"": 136.746, ""close_quantity_bonds"": 190.0, ""matched_quantity_bonds"": 190.0, ""edge"": 0.194, ""gross_edge_cash"": 36.86}",economic_pair_cross_turn_600s_needs_path_review,unreviewed,unreviewed
2026-08-14_132024.SH_T029,2026-08-14,132024.SH,buy_then_sell,10:37:27,136.551,10:43:41,136.988,0.437,119,1000,buy,sell,maker_132024_v01_queue,queue,maker_queue_v1_0,1000.0,2000.0,0.0,0.0,274798.0,274798.0,2000,2000,2000,2000,1000,1,1,"[{""order_id"": 350, ""kind"": ""inventory_replenish"", ""limit_price"": 136.551, ""quantity_bonds"": 1000.0, ""filled_quantity_bonds"": 0.0, ""created_market_time"": ""10:36:20"", ""updated_market_time"": ""10:37:41"", ""status"": ""cancelled"", ""cancel_reason"": ""maker_reprice"", ""initial_queue_ahead_bonds"": 2000.0, ""final_queue_ahead_bonds"": 1000.0, ""created_same_second_as_tape"": false}]",not_exactly_matched_needs_causal_execution_audit,[],[],null,null,null,preexisting_reaching_order_needs_execution_audit,unreviewed,unreviewed
2026-08-14_132024.SH_T030,2026-08-14,132024.SH,sell_then_buy,10:43:41,136.988,10:44:11,136.75,0.238,100,1000,sell,buy,maker_132024_v01_priority,priority,maker_priority_v1_33_candidate,1000.0,2000.0,1000.0,1000.0,141903.13,141903.13,1000,1000,1000,1000,1000,0,0,[],not_exactly_matched_needs_causal_execution_audit,[],[],null,null,null,causal_mode_in_review_required,unreviewed,unreviewed
2026-08-14_132024.SH_T030,2026-08-14,132024.SH,sell_then_buy,10:43:41,136.988,10:44:11,136.75,0.238,100,1000,sell,buy,maker_132024_v01_queue,queue,maker_queue_v1_0,1000.0,2000.0,0.0,0.0,274798.0,274798.0,0,0,0,0,1000,0,0,[],not_exactly_matched_needs_causal_execution_audit,[],[],null,null,null,opening_inventory_or_cash_capacity_blocked,unreviewed,unreviewed
2026-08-14_132024.SH_T031,2026-08-14,132024.SH,buy_then_sell,10:44:11,136.75,10:44:16,136.9,0.15,100,1000,buy,sell,maker_132024_v01_priority,priority,maker_priority_v1_33_candidate,1000.0,2000.0,1000.0,1000.0,141903.13,141903.13,1000,1000,1000,1000,1000,0,0,[],not_exactly_matched_needs_causal_execution_audit,[],[],null,null,"{""open_time"": ""10:37:29"", ""open_price"": 136.552, ""open_quantity_bonds"": 810.0, ""close_time"": ""10:51:11"", ""close_price"": 136.746, ""close_quantity_bonds"": 190.0, ""matched_quantity_bonds"": 190.0, ""edge"": 0.194, ""gross_edge_cash"": 36.86}",economic_pair_cross_turn_600s_needs_path_review,unreviewed,unreviewed
2026-08-14_132024.SH_T031,2026-08-14,132024.SH,buy_then_sell,10:44:11,136.75,10:44:16,136.9,0.15,100,1000,buy,sell,maker_132024_v01_queue,queue,maker_queue_v1_0,1000.0,2000.0,0.0,0.0,274798.0,274798.0,2000,2000,2000,2000,1000,0,0,[],not_exactly_matched_needs_causal_execution_audit,[],[],null,null,null,causal_mode_in_review_required,unreviewed,unreviewed
2026-08-14_132024.SH_T032,2026-08-14,132024.SH,sell_then_buy,10:44:16,136.9,10:46:44,136.8,0.1,200,1000,sell,buy,maker_132024_v01_priority,priority,maker_priority_v1_33_candidate,1000.0,2000.0,1000.0,1000.0,141903.13,141903.13,1000,1000,1000,1000,1000,0,0,[],not_exactly_matched_needs_causal_execution_audit,[],[],null,null,null,causal_mode_in_review_required,unreviewed,unreviewed
2026-08-14_132024.SH_T032,2026-08-14,132024.SH,sell_then_buy,10:44:16,136.9,10:46:44,136.8,0.1,200,1000,sell,buy,maker_132024_v01_queue,queue,maker_queue_v1_0,1000.0,2000.0,0.0,0.0,274798.0,274798.0,0,0,0,0,1000,0,0,[],not_exactly_matched_needs_causal_execution_audit,[],[],null,null,null,opening_inventory_or_cash_capacity_blocked,unreviewed,unreviewed
2026-08-14_132024.SH_T033,2026-08-14,132024.SH,sell_then_buy,10:47:51,136.8,10:50:34,136.55,0.25,200,1000,sell,buy,maker_132024_v01_priority,priority,maker_priority_v1_33_candidate,1000.0,2000.0,1000.0,1000.0,141903.13,141903.13,1000,1000,1000,1000,1000,0,0,[],not_exactly_matched_needs_causal_execution_audit,[],[],null,null,null,causal_mode_in_review_required,unreviewed,unreviewed
2026-08-14_132024.SH_T033,2026-08-14,132024.SH,sell_then_buy,10:47:51,136.8,10:50:34,136.55,0.25,200,1000,sell,buy,maker_132024_v01_queue,queue,maker_queue_v1_0,1000.0,2000.0,0.0,0.0,274798.0,274798.0,0,0,0,0,1000,0,0,[],not_exactly_matched_needs_causal_execution_audit,[],[],null,null,null,opening_inventory_or_cash_capacity_blocked,unreviewed,unreviewed
2026-08-14_132024.SH_T034,2026-08-14,132024.SH,buy_then_sell,10:50:34,136.55,10:51:09,136.748,0.198,219,1000,buy,sell,maker_132024_v01_priority,priority,maker_priority_v1_33_candidate,1000.0,2000.0,1190.0,1190.0,115958.25,115958.25,810,810,810,810,1000,0,0,[],best_pair_close_leg_matched_only,[],"[{""order_id"": 370, ""strategy_id"": ""maker_132024_v01_priority"", ""model_id"": ""maker_priority_v1_33_candidate"", ""market_time"": ""10:51:11"", ""side"": ""sell"", ""price"": 136.746, ""quantity_bonds"": 190.0, ""fill_reason"": ""passive_sell"", ""inventory_after_bonds"": 1000.0, ""reference_tick_id"": 80421, ""crossed_book_residual_price"": 0.0, ""crossed_book_residual_bonds"": 0.0}]",null,"{""open_time"": ""10:49:11"", ""open_price"": 136.552, ""open_quantity_bonds"": 190.0, ""close_time"": ""10:51:11"", ""close_price"": 136.746, ""close_quantity_bonds"": 190.0, ""matched_quantity_bonds"": 190.0, ""edge"": 0.194, ""gross_edge_cash"": 36.86}","{""open_time"": ""10:49:11"", ""open_price"": 136.552, ""open_quantity_bonds"": 190.0, ""close_time"": ""10:51:11"", ""close_price"": 136.746, ""close_quantity_bonds"": 190.0, ""matched_quantity_bonds"": 190.0, ""edge"": 0.194, ""gross_edge_cash"": 36.86}",economic_pair_nearby_needs_cross_turn_review,unreviewed,unreviewed
2026-08-14_132024.SH_T034,2026-08-14,132024.SH,buy_then_sell,10:50:34,136.55,10:51:09,136.748,0.198,219,1000,buy,sell,maker_132024_v01_queue,queue,maker_queue_v1_0,1000.0,2000.0,0.0,0.0,274798.0,274798.0,2000,2000,2000,2000,1000,0,0,[],not_exactly_matched_needs_causal_execution_audit,[],[],null,null,null,causal_mode_in_review_required,unreviewed,unreviewed
2026-08-14_132024.SH_T035,2026-08-14,132024.SH,sell_then_buy,10:51:09,136.748,10:53:39,136.5,0.248,119,1000,sell,buy,maker_132024_v01_priority,priority,maker_priority_v1_33_candidate,1000.0,2000.0,1190.0,1190.0,115958.25,115958.25,1190,1190,1190,1190,1000,1,1,"[{""order_id"": 370, ""kind"": ""inventory_exit"", ""limit_price"": 136.746, ""quantity_bonds"": 190.0, ""filled_quantity_bonds"": 190.0, ""created_market_time"": ""10:50:32"", ""updated_market_time"": ""10:51:11"", ""status"": ""filled"", ""cancel_reason"": null, ""initial_queue_ahead_bonds"": 0.0, ""final_queue_ahead_bonds"": 0.0, ""created_same_second_as_tape"": false}]",best_pair_open_leg_matched_only,"[{""order_id"": 370, ""strategy_id"": ""maker_132024_v01_priority"", ""model_id"": ""maker_priority_v1_33_candidate"", ""market_time"": ""10:51:11"", ""side"": ""sell"", ""price"": 136.746, ""quantity_bonds"": 190.0, ""fill_reason"": ""passive_sell"", ""inventory_after_bonds"": 1000.0, ""reference_tick_id"": 80421, ""crossed_book_residual_price"": 0.0, ""crossed_book_residual_bonds"": 0.0}]",[],null,null,"{""open_time"": ""10:51:11"", ""open_price"": 136.746, ""open_quantity_bonds"": 190.0, ""close_time"": ""10:59:41"", ""close_price"": 136.202, ""close_quantity_bonds"": 1000.0, ""matched_quantity_bonds"": 190.0, ""edge"": 0.544, ""gross_edge_cash"": 103.36}",economic_pair_cross_turn_600s_needs_path_review,unreviewed,unreviewed
2026-08-14_132024.SH_T035,2026-08-14,132024.SH,sell_then_buy,10:51:09,136.748,10:53:39,136.5,0.248,119,1000,sell,buy,maker_132024_v01_queue,queue,maker_queue_v1_0,1000.0,2000.0,0.0,0.0,274798.0,274798.0,0,0,0,0,1000,0,0,[],not_exactly_matched_needs_causal_execution_audit,[],[],null,null,null,opening_inventory_or_cash_capacity_blocked,unreviewed,unreviewed
2026-08-14_132024.SH_T036,2026-08-14,132024.SH,sell_then_buy,10:53:59,136.5,10:58:53,136.201,0.299,100,1000,sell,buy,maker_132024_v01_priority,priority,maker_priority_v1_33_candidate,1000.0,2000.0,1000.0,1000.0,141939.99,141939.99,1000,1000,1000,1000,1000,0,0,[],not_exactly_matched_needs_causal_execution_audit,[],[],null,null,"{""open_time"": ""10:51:11"", ""open_price"": 136.746, ""open_quantity_bonds"": 190.0, ""close_time"": ""10:59:41"", ""close_price"": 136.202, ""close_quantity_bonds"": 1000.0, ""matched_quantity_bonds"": 190.0, ""edge"": 0.544, ""gross_edge_cash"": 103.36}",economic_pair_cross_turn_600s_needs_path_review,unreviewed,unreviewed
2026-08-14_132024.SH_T036,2026-08-14,132024.SH,sell_then_buy,10:53:59,136.5,10:58:53,136.201,0.299,100,1000,sell,buy,maker_132024_v01_queue,queue,maker_queue_v1_0,1000.0,2000.0,1000.0,1000.0,138298.0,138298.0,1000,1000,1000,1000,1000,0,0,[],not_exactly_matched_needs_causal_execution_audit,[],[],null,null,null,causal_mode_in_review_required,unreviewed,unreviewed
2026-08-14_132024.SH_T037,2026-08-14,132024.SH,sell_then_buy,10:59:41,136.201,11:06:28,136.012,0.189,100,1000,sell,buy,maker_132024_v01_priority,priority,maker_priority_v1_33_candidate,1000.0,2000.0,1000.0,2000.0,141939.99,5737.99,1000,2000,1000,2000,1000,0,0,[],not_exactly_matched_needs_causal_execution_audit,[],[],null,null,"{""open_time"": ""10:51:11"", ""open_price"": 136.746, ""open_quantity_bonds"": 190.0, ""close_time"": ""10:59:41"", ""close_price"": 136.202, ""close_quantity_bonds"": 1000.0, ""matched_quantity_bonds"": 190.0, ""edge"": 0.544, ""gross_edge_cash"": 103.36}",economic_pair_cross_turn_600s_needs_path_review,unreviewed,unreviewed
2026-08-14_132024.SH_T037,2026-08-14,132024.SH,sell_then_buy,10:59:41,136.201,11:06:28,136.012,0.189,100,1000,sell,buy,maker_132024_v01_queue,queue,maker_queue_v1_0,1000.0,2000.0,1000.0,1000.0,138298.0,138298.0,1000,1000,1000,1000,1000,0,0,[],not_exactly_matched_needs_causal_execution_audit,[],[],null,null,null,causal_mode_in_review_required,unreviewed,unreviewed
2026-08-14_132024.SH_T038,2026-08-14,132024.SH,buy_then_sell,11:06:28,136.012,11:14:45,136.498,0.486,119,1000,buy,sell,maker_132024_v01_priority,priority,maker_priority_v1_33_candidate,1000.0,2000.0,2000.0,2000.0,5737.99,5737.99,0,0,0,0,1000,0,0,[],best_pair_close_leg_matched_only,[],"[{""order_id"": 439, ""strategy_id"": ""maker_132024_v01_priority"", ""model_id"": ""maker_priority_v1_33_candidate"", ""market_time"": ""11:14:47"", ""side"": ""sell"", ""price"": 136.496, ""quantity_bonds"": 1000.0, ""fill_reason"": ""passive_sell"", ""inventory_after_bonds"": 1000.0, ""reference_tick_id"": 81294, ""crossed_book_residual_price"": 0.0, ""crossed_book_residual_bonds"": 0.0}]",null,null,"{""open_time"": ""10:59:41"", ""open_price"": 136.202, ""open_quantity_bonds"": 1000.0, ""close_time"": ""11:14:47"", ""close_price"": 136.496, ""close_quantity_bonds"": 1000.0, ""matched_quantity_bonds"": 1000.0, ""edge"": 0.294, ""gross_edge_cash"": 294.0}",economic_pair_cross_turn_600s_needs_path_review,unreviewed,unreviewed
2026-08-14_132024.SH_T038,2026-08-14,132024.SH,buy_then_sell,11:06:28,136.012,11:14:45,136.498,0.486,119,1000,buy,sell,maker_132024_v01_queue,queue,maker_queue_v1_0,1000.0,2000.0,1000.0,1000.0,138298.0,138298.0,1000,1000,1000,1000,1000,0,0,[],not_exactly_matched_needs_causal_execution_audit,[],[],null,null,null,causal_mode_in_review_required,unreviewed,unreviewed
2026-08-14_132024.SH_T039,2026-08-14,132024.SH,sell_then_buy,11:14:45,136.498,11:21:45,136.251,0.247,19,190,sell,buy,maker_132024_v01_priority,priority,maker_priority_v1_33_candidate,1000.0,2000.0,2000.0,2000.0,5737.99,5737.99,2000,2000,2000,2000,190,1,1,"[{""order_id"": 439, ""kind"": ""inventory_exit"", ""limit_price"": 136.496, ""quantity_bonds"": 1000.0, ""filled_quantity_bonds"": 1000.0, ""created_market_time"": ""11:06:44"", ""updated_market_time"": ""11:14:47"", ""status"": ""filled"", ""cancel_reason"": null, ""initial_queue_ahead_bonds"": 0.0, ""final_queue_ahead_bonds"": 0.0, ""created_same_second_as_tape"": false}]",best_pair_open_leg_matched_only,"[{""order_id"": 439, ""strategy_id"": ""maker_132024_v01_priority"", ""model_id"": ""maker_priority_v1_33_candidate"", ""market_time"": ""11:14:47"", ""side"": ""sell"", ""price"": 136.496, ""quantity_bonds"": 1000.0, ""fill_reason"": ""passive_sell"", ""inventory_after_bonds"": 1000.0, ""reference_tick_id"": 81294, ""crossed_book_residual_price"": 0.0, ""crossed_book_residual_bonds"": 0.0}]",[],null,"{""open_time"": ""11:14:47"", ""open_price"": 136.496, ""open_quantity_bonds"": 1000.0, ""close_time"": ""11:22:53"", ""close_price"": 136.252, ""close_quantity_bonds"": 190.0, ""matched_quantity_bonds"": 190.0, ""edge"": 0.244, ""gross_edge_cash"": 46.36}","{""open_time"": ""11:14:47"", ""open_price"": 136.496, ""open_quantity_bonds"": 1000.0, ""close_time"": ""11:29:11"", ""close_price"": 136.201, ""close_quantity_bonds"": 810.0, ""matched_quantity_bonds"": 810.0, ""edge"": 0.295, ""gross_edge_cash"": 238.95}",economic_pair_nearby_needs_cross_turn_review,unreviewed,unreviewed
2026-08-14_132024.SH_T039,2026-08-14,132024.SH,sell_then_buy,11:14:45,136.498,11:21:45,136.251,0.247,19,190,sell,buy,maker_132024_v01_queue,queue,maker_queue_v1_0,1000.0,2000.0,1000.0,1000.0,138298.0,138298.0,1000,1000,1000,1000,190,1,1,"[{""order_id"": 440, ""kind"": ""inventory_exit"", ""limit_price"": 136.498, ""quantity_bonds"": 1000.0, ""filled_quantity_bonds"": 0.0, ""created_market_time"": ""11:08:44"", ""updated_market_time"": ""11:14:50"", ""status"": ""cancelled"", ""cancel_reason"": ""maker_reprice"", ""initial_queue_ahead_bonds"": 6000.0, ""final_queue_ahead_bonds"": 5000.0, ""created_same_second_as_tape"": false}]",not_exactly_matched_needs_causal_execution_audit,[],[],null,null,null,preexisting_reaching_order_needs_execution_audit,unreviewed,unreviewed
2026-08-14_132024.SH_T040,2026-08-14,132024.SH,buy_then_sell,11:21:45,136.251,11:22:05,136.495,0.244,19,190,buy,sell,maker_132024_v01_priority,priority,maker_priority_v1_33_candidate,1000.0,2000.0,1000.0,1000.0,142233.99,142233.99,1000,1000,1000,1000,190,0,0,[],not_exactly_matched_needs_causal_execution_audit,[],[],null,null,null,causal_mode_in_review_required,unreviewed,unreviewed
2026-08-14_132024.SH_T040,2026-08-14,132024.SH,buy_then_sell,11:21:45,136.251,11:22:05,136.495,0.244,19,190,buy,sell,maker_132024_v01_queue,queue,maker_queue_v1_0,1000.0,2000.0,1000.0,1000.0,138298.0,138298.0,1000,1000,1000,1000,190,0,0,[],not_exactly_matched_needs_causal_execution_audit,[],[],null,null,null,causal_mode_in_review_required,unreviewed,unreviewed
2026-08-14_132024.SH_T041,2026-08-14,132024.SH,sell_then_buy,11:22:05,136.495,11:22:51,136.251,0.244,100,190,sell,buy,maker_132024_v01_priority,priority,maker_priority_v1_33_candidate,1000.0,2000.0,1000.0,1000.0,142233.99,142233.99,1000,1000,1000,1000,190,0,0,[],best_pair_close_leg_matched_only,[],"[{""order_id"": 459, ""strategy_id"": ""maker_132024_v01_priority"", ""model_id"": ""maker_priority_v1_33_candidate"", ""market_time"": ""11:22:53"", ""side"": ""buy"", ""price"": 136.252, ""quantity_bonds"": 190.0, ""fill_reason"": ""passive_buy"", ""inventory_after_bonds"": 1190.0, ""reference_tick_id"": 81564, ""crossed_book_residual_price"": 0.0, ""crossed_book_residual_bonds"": 0.0}]",null,null,"{""open_time"": ""11:14:47"", ""open_price"": 136.496, ""open_quantity_bonds"": 1000.0, ""close_time"": ""11:29:11"", ""close_price"": 136.201, ""close_quantity_bonds"": 810.0, ""matched_quantity_bonds"": 810.0, ""edge"": 0.295, ""gross_edge_cash"": 238.95}",economic_pair_cross_turn_600s_needs_path_review,unreviewed,unreviewed
2026-08-14_132024.SH_T041,2026-08-14,132024.SH,sell_then_buy,11:22:05,136.495,11:22:51,136.251,0.244,100,190,sell,buy,maker_132024_v01_queue,queue,maker_queue_v1_0,1000.0,2000.0,1000.0,1000.0,138298.0,138298.0,1000,1000,1000,1000,190,0,0,[],not_exactly_matched_needs_causal_execution_audit,[],[],null,null,null,causal_mode_in_review_required,unreviewed,unreviewed
2026-08-14_132024.SH_T042,2026-08-14,132024.SH,sell_then_buy,11:23:01,136.251,11:23:01,136.25,0.001,19,190,sell,buy,maker_132024_v01_priority,priority,maker_priority_v1_33_candidate,1000.0,2000.0,1190.0,1190.0,116346.11,116346.11,1190,1190,1190,1190,190,0,0,[],not_exactly_matched_needs_causal_execution_audit,[],[],null,null,"{""open_time"": ""11:14:47"", ""open_price"": 136.496, ""open_quantity_bonds"": 1000.0, ""close_time"": ""11:29:11"", ""close_price"": 136.201, ""close_quantity_bonds"": 810.0, ""matched_quantity_bonds"": 810.0, ""edge"": 0.295, ""gross_edge_cash"": 238.95}",economic_pair_cross_turn_600s_needs_path_review,unreviewed,unreviewed
2026-08-14_132024.SH_T042,2026-08-14,132024.SH,sell_then_buy,11:23:01,136.251,11:23:01,136.25,0.001,19,190,sell,buy,maker_132024_v01_queue,queue,maker_queue_v1_0,1000.0,2000.0,1000.0,1000.0,138298.0,138298.0,1000,1000,1000,1000,190,0,0,[],not_exactly_matched_needs_causal_execution_audit,[],[],null,null,null,causal_mode_in_review_required,unreviewed,unreviewed
2026-08-14_132024.SH_T043,2026-08-14,132024.SH,buy_then_sell,11:23:01,136.25,11:26:11,136.544,0.294,19,190,buy,sell,maker_132024_v01_priority,priority,maker_priority_v1_33_candidate,1000.0,2000.0,1190.0,1190.0,116346.11,116346.11,810,810,810,810,190,0,0,[],not_exactly_matched_needs_causal_execution_audit,[],[],null,null,null,causal_mode_in_review_required,unreviewed,unreviewed
2026-08-14_132024.SH_T043,2026-08-14,132024.SH,buy_then_sell,11:23:01,136.25,11:26:11,136.544,0.294,19,190,buy,sell,maker_132024_v01_queue,queue,maker_queue_v1_0,1000.0,2000.0,1000.0,1000.0,138298.0,138298.0,1000,1000,1000,1000,190,0,0,[],not_exactly_matched_needs_causal_execution_audit,[],[],null,null,null,causal_mode_in_review_required,unreviewed,unreviewed
2026-08-14_132024.SH_T044,2026-08-14,132024.SH,sell_then_buy,11:26:11,136.544,11:27:21,136.35,0.194,100,190,sell,buy,maker_132024_v01_priority,priority,maker_priority_v1_33_candidate,1000.0,2000.0,1190.0,1190.0,116346.11,116346.11,1190,1190,1190,1190,190,0,0,[],not_exactly_matched_needs_causal_execution_audit,[],[],null,null,"{""open_time"": ""11:14:47"", ""open_price"": 136.496, ""open_quantity_bonds"": 1000.0, ""close_time"": ""11:29:11"", ""close_price"": 136.201, ""close_quantity_bonds"": 810.0, ""matched_quantity_bonds"": 810.0, ""edge"": 0.295, ""gross_edge_cash"": 238.95}",economic_pair_cross_turn_600s_needs_path_review,unreviewed,unreviewed
2026-08-14_132024.SH_T044,2026-08-14,132024.SH,sell_then_buy,11:26:11,136.544,11:27:21,136.35,0.194,100,190,sell,buy,maker_132024_v01_queue,queue,maker_queue_v1_0,1000.0,2000.0,1000.0,1000.0,138298.0,138298.0,1000,1000,1000,1000,190,0,0,[],not_exactly_matched_needs_causal_execution_audit,[],[],null,null,null,causal_mode_in_review_required,unreviewed,unreviewed
2026-08-14_132024.SH_T045,2026-08-14,132024.SH,sell_then_buy,11:27:24,136.35,11:28:40,136.251,0.099,81,810,sell,buy,maker_132024_v01_priority,priority,maker_priority_v1_33_candidate,1000.0,2000.0,1190.0,1190.0,116346.11,116346.11,1190,1190,1190,1190,810,0,0,[],not_exactly_matched_needs_causal_execution_audit,[],[],null,null,null,causal_mode_in_review_required,unreviewed,unreviewed
2026-08-14_132024.SH_T045,2026-08-14,132024.SH,sell_then_buy,11:27:24,136.35,11:28:40,136.251,0.099,81,810,sell,buy,maker_132024_v01_queue,queue,maker_queue_v1_0,1000.0,2000.0,1000.0,1000.0,138298.0,138298.0,1000,1000,1000,1000,810,0,0,[],not_exactly_matched_needs_causal_execution_audit,[],[],null,null,null,causal_mode_in_review_required,unreviewed,unreviewed
2026-08-14_132024.SH_T046,2026-08-14,132024.SH,sell_then_buy,11:29:02,136.251,13:04:01,136.131,0.12,100,1000,sell,buy,maker_132024_v01_priority,priority,maker_priority_v1_33_candidate,1000.0,2000.0,1190.0,1190.0,116346.11,116346.11,1190,1190,1190,1190,1000,0,0,[],not_exactly_matched_needs_causal_execution_audit,[],[],null,null,null,causal_mode_in_review_required,unreviewed,unreviewed
2026-08-14_132024.SH_T046,2026-08-14,132024.SH,sell_then_buy,11:29:02,136.251,13:04:01,136.131,0.12,100,1000,sell,buy,maker_132024_v01_queue,queue,maker_queue_v1_0,1000.0,2000.0,1000.0,1000.0,138298.0,138298.0,1000,1000,1000,1000,1000,0,0,[],not_exactly_matched_needs_causal_execution_audit,[],[],null,null,null,causal_mode_in_review_required,unreviewed,unreviewed
2026-08-14_132024.SH_T047,2026-08-14,132024.SH,buy_then_sell,13:04:01,136.131,13:05:44,136.737,0.606,100,1000,buy,sell,maker_132024_v01_priority,priority,maker_priority_v1_33_candidate,1000.0,2000.0,2000.0,2000.0,6023.3,6023.3,0,0,0,0,1000,0,0,[],best_pair_close_leg_matched_only,[],"[{""order_id"": 472, ""strategy_id"": ""maker_132024_v01_priority"", ""model_id"": ""maker_priority_v1_33_candidate"", ""market_time"": ""13:05:44"", ""side"": ""sell"", ""price"": 136.736, ""quantity_bonds"": 190.0, ""fill_reason"": ""passive_sell"", ""inventory_after_bonds"": 1810.0, ""reference_tick_id"": 82052, ""crossed_book_residual_price"": 0.0, ""crossed_book_residual_bonds"": 0.0}, {""order_id"": 479, ""strategy_id"": ""maker_132024_v01_priority"", ""model_id"": ""maker_priority_v1_33_candidate"", ""market_time"": ""13:05:44"", ""side"": ""sell"", ""price"": 136.736, ""quantity_bonds"": 810.0, ""fill_reason"": ""passive_sell"", ""inventory_after_bonds"": 1000.0, ""reference_tick_id"": 82052, ""crossed_book_residual_price"": 0.0, ""crossed_book_residual_bonds"": 0.0}]","{""open_time"": ""11:29:11"", ""open_price"": 136.201, ""open_quantity_bonds"": 810.0, ""close_time"": ""13:05:44"", ""close_price"": 136.736, ""close_quantity_bonds"": 810.0, ""matched_quantity_bonds"": 810.0, ""edge"": 0.535, ""gross_edge_cash"": 433.35}","{""open_time"": ""11:29:11"", ""open_price"": 136.201, ""open_quantity_bonds"": 810.0, ""close_time"": ""13:05:44"", ""close_price"": 136.736, ""close_quantity_bonds"": 810.0, ""matched_quantity_bonds"": 810.0, ""edge"": 0.535, ""gross_edge_cash"": 433.35}","{""open_time"": ""11:29:11"", ""open_price"": 136.201, ""open_quantity_bonds"": 810.0, ""close_time"": ""13:05:44"", ""close_price"": 136.736, ""close_quantity_bonds"": 810.0, ""matched_quantity_bonds"": 810.0, ""edge"": 0.535, ""gross_edge_cash"": 433.35}",economic_pair_within_turn_needs_overlap_review,unreviewed,unreviewed
2026-08-14_132024.SH_T047,2026-08-14,132024.SH,buy_then_sell,13:04:01,136.131,13:05:44,136.737,0.606,100,1000,buy,sell,maker_132024_v01_queue,queue,maker_queue_v1_0,1000.0,2000.0,1000.0,1000.0,138298.0,138298.0,1000,1000,1000,1000,1000,0,0,[],not_exactly_matched_needs_causal_execution_audit,[],[],null,null,null,causal_mode_in_review_required,unreviewed,unreviewed
2026-08-14_132024.SH_T048,2026-08-14,132024.SH,sell_then_buy,13:05:44,136.737,13:06:26,136.731,0.006,100,1000,sell,buy,maker_132024_v01_priority,priority,maker_priority_v1_33_candidate,1000.0,2000.0,2000.0,1000.0,6023.3,142759.3,2000,1000,1000,2000,1000,4,2,"[{""order_id"": 472, ""kind"": ""inventory_exit"", ""limit_price"": 136.736, ""quantity_bonds"": 190.0, ""filled_quantity_bonds"": 190.0, ""created_market_time"": ""11:27:29"", ""updated_market_time"": ""13:05:44"", ""status"": ""filled"", ""cancel_reason"": null, ""initial_queue_ahead_bonds"": 0.0, ""final_queue_ahead_bonds"": 0.0, ""created_same_second_as_tape"": false}, {""order_id"": 479, ""kind"": ""inventory_exit"", ""limit_price"": 136.736, ""quantity_bonds"": 810.0, ""filled_quantity_bonds"": 810.0, ""created_market_time"": ""11:29:11"", ""updated_market_time"": ""13:05:44"", ""status"": ""filled"", ""cancel_reason"": null, ""initial_queue_ahead_bonds"": 0.0, ""final_queue_ahead_bonds"": 0.0, ""created_same_second_as_tape"": false}, {""order_id"": 480, ""kind"": ""inventory_exit"", ""limit_price"": 136.736, ""quantity_bonds"": 190.0, ""filled_quantity_bonds"": 0.0, ""created_market_time"": ""13:05:44"", ""updated_market_time"": ""13:05:50"", ""status"": ""cancelled"", ""cancel_reason"": ""maker_reprice"", ""initial_queue_ahead_bonds"": 0.0, ""final_queue_ahead_bonds"": 0.0, ""created_same_second_as_tape"": true}, {""order_id"": 481, ""kind"": ""inventory_exit"", ""limit_price"": 136.736, ""quantity_bonds"": 810.0, ""filled_quantity_bonds"": 0.0, ""created_market_time"": ""13:05:44"", ""updated_market_time"": ""13:05:50"", ""status"": ""cancelled"", ""cancel_reason"": ""maker_reprice"", ""initial_queue_ahead_bonds"": 0.0, ""final_queue_ahead_bonds"": 0.0, ""created_same_second_as_tape"": true}]",best_pair_open_leg_matched_only,"[{""order_id"": 472, ""strategy_id"": ""maker_132024_v01_priority"", ""model_id"": ""maker_priority_v1_33_candidate"", ""market_time"": ""13:05:44"", ""side"": ""sell"", ""price"": 136.736, ""quantity_bonds"": 190.0, ""fill_reason"": ""passive_sell"", ""inventory_after_bonds"": 1810.0, ""reference_tick_id"": 82052, ""crossed_book_residual_price"": 0.0, ""crossed_book_residual_bonds"": 0.0}, {""order_id"": 479, ""strategy_id"": ""maker_132024_v01_priority"", ""model_id"": ""maker_priority_v1_33_candidate"", ""market_time"": ""13:05:44"", ""side"": ""sell"", ""price"": 136.736, ""quantity_bonds"": 810.0, ""fill_reason"": ""passive_sell"", ""inventory_after_bonds"": 1000.0, ""reference_tick_id"": 82052, ""crossed_book_residual_price"": 0.0, ""crossed_book_residual_bonds"": 0.0}]",[],null,"{""open_time"": ""13:05:44"", ""open_price"": 136.736, ""open_quantity_bonds"": 810.0, ""close_time"": ""13:07:26"", ""close_price"": 136.202, ""close_quantity_bonds"": 1000.0, ""matched_quantity_bonds"": 810.0, ""edge"": 0.534, ""gross_edge_cash"": 432.54}","{""open_time"": ""13:05:44"", ""open_price"": 136.736, ""open_quantity_bonds"": 810.0, ""close_time"": ""13:12:14"", ""close_price"": 136.103, ""close_quantity_bonds"": 1000.0, ""matched_quantity_bonds"": 810.0, ""edge"": 0.633, ""gross_edge_cash"": 512.73}",economic_pair_nearby_needs_cross_turn_review,unreviewed,unreviewed
2026-08-14_132024.SH_T048,2026-08-14,132024.SH,sell_then_buy,13:05:44,136.737,13:06:26,136.731,0.006,100,1000,sell,buy,maker_132024_v01_queue,queue,maker_queue_v1_0,1000.0,2000.0,1000.0,1000.0,138298.0,138298.0,1000,1000,1000,1000,1000,1,1,"[{""order_id"": 473, ""kind"": ""inventory_exit"", ""limit_price"": 136.737, ""quantity_bonds"": 1000.0, ""filled_quantity_bonds"": 0.0, ""created_market_time"": ""11:27:29"", ""updated_market_time"": ""13:05:50"", ""status"": ""cancelled"", ""cancel_reason"": ""maker_reprice"", ""initial_queue_ahead_bonds"": 8000.0, ""final_queue_ahead_bonds"": 7000.0, ""created_same_second_as_tape"": false}]",not_exactly_matched_needs_causal_execution_audit,[],[],null,null,null,preexisting_reaching_order_needs_execution_audit,unreviewed,unreviewed
2026-08-14_132024.SH_T049,2026-08-14,132024.SH,sell_then_buy,13:06:54,136.721,13:06:54,136.2,0.521,100,1000,sell,buy,maker_132024_v01_priority,priority,maker_priority_v1_33_candidate,1000.0,2000.0,1000.0,1000.0,142759.3,142759.3,1000,1000,1000,1000,1000,0,0,[],not_exactly_matched_needs_causal_execution_audit,[],[],null,"{""open_time"": ""13:05:44"", ""open_price"": 136.736, ""open_quantity_bonds"": 810.0, ""close_time"": ""13:07:26"", ""close_price"": 136.202, ""close_quantity_bonds"": 1000.0, ""matched_quantity_bonds"": 810.0, ""edge"": 0.534, ""gross_edge_cash"": 432.54}","{""open_time"": ""13:05:44"", ""open_price"": 136.736, ""open_quantity_bonds"": 810.0, ""close_time"": ""13:12:14"", ""close_price"": 136.103, ""close_quantity_bonds"": 1000.0, ""matched_quantity_bonds"": 810.0, ""edge"": 0.633, ""gross_edge_cash"": 512.73}",economic_pair_nearby_needs_cross_turn_review,unreviewed,unreviewed
2026-08-14_132024.SH_T049,2026-08-14,132024.SH,sell_then_buy,13:06:54,136.721,13:06:54,136.2,0.521,100,1000,sell,buy,maker_132024_v01_queue,queue,maker_queue_v1_0,1000.0,2000.0,1000.0,1000.0,138298.0,138298.0,1000,1000,1000,1000,1000,0,0,[],not_exactly_matched_needs_causal_execution_audit,[],[],null,null,null,causal_mode_in_review_required,unreviewed,unreviewed
2026-08-14_132024.SH_T050,2026-08-14,132024.SH,buy_then_sell,13:06:54,136.2,13:07:20,136.4,0.2,38,380,buy,sell,maker_132024_v01_priority,priority,maker_priority_v1_33_candidate,1000.0,2000.0,1000.0,1000.0,142759.3,142759.3,1000,1000,1000,1000,380,0,0,[],not_exactly_matched_needs_causal_execution_audit,[],[],null,null,null,causal_mode_in_review_required,unreviewed,unreviewed
2026-08-14_132024.SH_T050,2026-08-14,132024.SH,buy_then_sell,13:06:54,136.2,13:07:20,136.4,0.2,38,380,buy,sell,maker_132024_v01_queue,queue,maker_queue_v1_0,1000.0,2000.0,1000.0,1000.0,138298.0,138298.0,1000,1000,1000,1000,380,0,0,[],not_exactly_matched_needs_causal_execution_audit,[],[],null,null,null,causal_mode_in_review_required,unreviewed,unreviewed
2026-08-14_132024.SH_T051,2026-08-14,132024.SH,sell_then_buy,13:07:20,136.4,13:08:44,136.031,0.369,38,380,sell,buy,maker_132024_v01_priority,priority,maker_priority_v1_33_candidate,1000.0,2000.0,1000.0,1000.0,142759.3,142759.3,1000,1000,1000,1000,380,0,0,[],not_exactly_matched_needs_causal_execution_audit,[],[],null,"{""open_time"": ""13:05:44"", ""open_price"": 136.736, ""open_quantity_bonds"": 810.0, ""close_time"": ""13:07:26"", ""close_price"": 136.202, ""close_quantity_bonds"": 1000.0, ""matched_quantity_bonds"": 810.0, ""edge"": 0.534, ""gross_edge_cash"": 432.54}","{""open_time"": ""13:05:44"", ""open_price"": 136.736, ""open_quantity_bonds"": 810.0, ""close_time"": ""13:12:14"", ""close_price"": 136.103, ""close_quantity_bonds"": 1000.0, ""matched_quantity_bonds"": 810.0, ""edge"": 0.633, ""gross_edge_cash"": 512.73}",economic_pair_nearby_needs_cross_turn_review,unreviewed,unreviewed
2026-08-14_132024.SH_T051,2026-08-14,132024.SH,sell_then_buy,13:07:20,136.4,13:08:44,136.031,0.369,38,380,sell,buy,maker_132024_v01_queue,queue,maker_queue_v1_0,1000.0,2000.0,1000.0,1000.0,138298.0,138298.0,1000,1000,1000,1000,380,0,0,[],not_exactly_matched_needs_causal_execution_audit,[],[],null,null,null,causal_mode_in_review_required,unreviewed,unreviewed
2026-08-14_132024.SH_T052,2026-08-14,132024.SH,buy_then_sell,13:08:44,136.031,13:11:44,136.496,0.465,100,1000,buy,sell,maker_132024_v01_priority,priority,maker_priority_v1_33_candidate,1000.0,2000.0,2000.0,2000.0,6557.3,6557.3,0,0,0,0,1000,0,0,[],best_pair_close_leg_matched_only,[],"[{""order_id"": 520, ""strategy_id"": ""maker_132024_v01_priority"", ""model_id"": ""maker_priority_v1_33_candidate"", ""market_time"": ""13:11:44"", ""side"": ""sell"", ""price"": 136.495, ""quantity_bonds"": 1000.0, ""fill_reason"": ""passive_sell"", ""inventory_after_bonds"": 1000.0, ""reference_tick_id"": 82348, ""crossed_book_residual_price"": 0.0, ""crossed_book_residual_bonds"": 0.0}]","{""open_time"": ""13:07:26"", ""open_price"": 136.202, ""open_quantity_bonds"": 1000.0, ""close_time"": ""13:11:44"", ""close_price"": 136.495, ""close_quantity_bonds"": 1000.0, ""matched_quantity_bonds"": 1000.0, ""edge"": 0.293, ""gross_edge_cash"": 293.0}","{""open_time"": ""13:07:26"", ""open_price"": 136.202, ""open_quantity_bonds"": 1000.0, ""close_time"": ""13:11:44"", ""close_price"": 136.495, ""close_quantity_bonds"": 1000.0, ""matched_quantity_bonds"": 1000.0, ""edge"": 0.293, ""gross_edge_cash"": 293.0}","{""open_time"": ""13:07:26"", ""open_price"": 136.202, ""open_quantity_bonds"": 1000.0, ""close_time"": ""13:11:44"", ""close_price"": 136.495, ""close_quantity_bonds"": 1000.0, ""matched_quantity_bonds"": 1000.0, ""edge"": 0.293, ""gross_edge_cash"": 293.0}",economic_pair_within_turn_needs_overlap_review,unreviewed,unreviewed
2026-08-14_132024.SH_T052,2026-08-14,132024.SH,buy_then_sell,13:08:44,136.031,13:11:44,136.496,0.465,100,1000,buy,sell,maker_132024_v01_queue,queue,maker_queue_v1_0,1000.0,2000.0,1000.0,1000.0,138298.0,138298.0,1000,1000,1000,1000,1000,0,0,[],not_exactly_matched_needs_causal_execution_audit,[],[],null,null,null,causal_mode_in_review_required,unreviewed,unreviewed
2026-08-14_132024.SH_T053,2026-08-14,132024.SH,sell_then_buy,13:11:44,136.496,13:12:11,136.102,0.394,100,1000,sell,buy,maker_132024_v01_priority,priority,maker_priority_v1_33_candidate,1000.0,2000.0,2000.0,1000.0,6557.3,143052.3,2000,1000,1000,2000,1000,1,1,"[{""order_id"": 520, ""kind"": ""inventory_exit"", ""limit_price"": 136.495, ""quantity_bonds"": 1000.0, ""filled_quantity_bonds"": 1000.0, ""created_market_time"": ""13:11:38"", ""updated_market_time"": ""13:11:44"", ""status"": ""filled"", ""cancel_reason"": null, ""initial_queue_ahead_bonds"": 0.0, ""final_queue_ahead_bonds"": 0.0, ""created_same_second_as_tape"": false}]",best_pair_both_legs_matched,"[{""order_id"": 520, ""strategy_id"": ""maker_132024_v01_priority"", ""model_id"": ""maker_priority_v1_33_candidate"", ""market_time"": ""13:11:44"", ""side"": ""sell"", ""price"": 136.495, ""quantity_bonds"": 1000.0, ""fill_reason"": ""passive_sell"", ""inventory_after_bonds"": 1000.0, ""reference_tick_id"": 82348, ""crossed_book_residual_price"": 0.0, ""crossed_book_residual_bonds"": 0.0}]","[{""order_id"": 523, ""strategy_id"": ""maker_132024_v01_priority"", ""model_id"": ""maker_priority_v1_33_candidate"", ""market_time"": ""13:12:14"", ""side"": ""buy"", ""price"": 136.103, ""quantity_bonds"": 1000.0, ""fill_reason"": ""passive_buy"", ""inventory_after_bonds"": 2000.0, ""reference_tick_id"": 82369, ""crossed_book_residual_price"": 0.0, ""crossed_book_residual_bonds"": 0.0}]",null,"{""open_time"": ""13:11:44"", ""open_price"": 136.495, ""open_quantity_bonds"": 1000.0, ""close_time"": ""13:12:14"", ""close_price"": 136.103, ""close_quantity_bonds"": 1000.0, ""matched_quantity_bonds"": 1000.0, ""edge"": 0.392, ""gross_edge_cash"": 392.0}","{""open_time"": ""13:05:44"", ""open_price"": 136.736, ""open_quantity_bonds"": 810.0, ""close_time"": ""13:12:14"", ""close_price"": 136.103, ""close_quantity_bonds"": 1000.0, ""matched_quantity_bonds"": 810.0, ""edge"": 0.633, ""gross_edge_cash"": 512.73}",exact_best_pair_capture,unreviewed,unreviewed
2026-08-14_132024.SH_T053,2026-08-14,132024.SH,sell_then_buy,13:11:44,136.496,13:12:11,136.102,0.394,100,1000,sell,buy,maker_132024_v01_queue,queue,maker_queue_v1_0,1000.0,2000.0,1000.0,1000.0,138298.0,138298.0,1000,1000,1000,1000,1000,1,1,"[{""order_id"": 521, ""kind"": ""inventory_exit"", ""limit_price"": 136.496, ""quantity_bonds"": 1000.0, ""filled_quantity_bonds"": 0.0, ""created_market_time"": ""13:11:38"", ""updated_market_time"": ""13:11:47"", ""status"": ""cancelled"", ""cancel_reason"": ""maker_reprice"", ""initial_queue_ahead_bonds"": 3000.0, ""final_queue_ahead_bonds"": 2000.0, ""created_same_second_as_tape"": false}]",not_exactly_matched_needs_causal_execution_audit,[],[],null,null,null,preexisting_reaching_order_needs_execution_audit,unreviewed,unreviewed
2026-08-14_132024.SH_T054,2026-08-14,132024.SH,buy_then_sell,13:12:11,136.102,13:14:30,136.461,0.359,100,1000,buy,sell,maker_132024_v01_priority,priority,maker_priority_v1_33_candidate,1000.0,2000.0,1000.0,1000.0,143052.3,143052.3,1000,1000,1000,1000,1000,1,1,"[{""order_id"": 523, ""kind"": ""low_bid_reversion"", ""limit_price"": 136.103, ""quantity_bonds"": 1000.0, ""filled_quantity_bonds"": 1000.0, ""created_market_time"": ""13:11:47"", ""updated_market_time"": ""13:12:14"", ""status"": ""filled"", ""cancel_reason"": null, ""initial_queue_ahead_bonds"": 0.0, ""final_queue_ahead_bonds"": 0.0, ""created_same_second_as_tape"": false}]",best_pair_open_leg_matched_only,"[{""order_id"": 523, ""strategy_id"": ""maker_132024_v01_priority"", ""model_id"": ""maker_priority_v1_33_candidate"", ""market_time"": ""13:12:14"", ""side"": ""buy"", ""price"": 136.103, ""quantity_bonds"": 1000.0, ""fill_reason"": ""passive_buy"", ""inventory_after_bonds"": 2000.0, ""reference_tick_id"": 82369, ""crossed_book_residual_price"": 0.0, ""crossed_book_residual_bonds"": 0.0}]",[],"{""open_time"": ""13:12:14"", ""open_price"": 136.103, ""open_quantity_bonds"": 1000.0, ""close_time"": ""13:14:23"", ""close_price"": 136.46, ""close_quantity_bonds"": 1000.0, ""matched_quantity_bonds"": 1000.0, ""edge"": 0.357, ""gross_edge_cash"": 357.0}","{""open_time"": ""13:12:14"", ""open_price"": 136.103, ""open_quantity_bonds"": 1000.0, ""close_time"": ""13:14:23"", ""close_price"": 136.46, ""close_quantity_bonds"": 1000.0, ""matched_quantity_bonds"": 1000.0, ""edge"": 0.357, ""gross_edge_cash"": 357.0}","{""open_time"": ""13:12:14"", ""open_price"": 136.103, ""open_quantity_bonds"": 1000.0, ""close_time"": ""13:14:23"", ""close_price"": 136.46, ""close_quantity_bonds"": 1000.0, ""matched_quantity_bonds"": 1000.0, ""edge"": 0.357, ""gross_edge_cash"": 357.0}",economic_pair_within_turn_needs_overlap_review,unreviewed,unreviewed
2026-08-14_132024.SH_T054,2026-08-14,132024.SH,buy_then_sell,13:12:11,136.102,13:14:30,136.461,0.359,100,1000,buy,sell,maker_132024_v01_queue,queue,maker_queue_v1_0,1000.0,2000.0,1000.0,1000.0,138298.0,138298.0,1000,1000,1000,1000,1000,0,0,[],not_exactly_matched_needs_causal_execution_audit,[],[],null,null,null,causal_mode_in_review_required,unreviewed,unreviewed
2026-08-14_132024.SH_T055,2026-08-14,132024.SH,sell_then_buy,13:14:30,136.461,13:14:40,136.102,0.359,100,1000,sell,buy,maker_132024_v01_priority,priority,maker_priority_v1_33_candidate,1000.0,2000.0,1000.0,1000.0,143409.3,143409.3,1000,1000,1000,1000,1000,0,0,[],not_exactly_matched_needs_causal_execution_audit,[],[],null,null,"{""open_time"": ""13:05:44"", ""open_price"": 136.736, ""open_quantity_bonds"": 810.0, ""close_time"": ""13:24:05"", ""close_price"": 136.011, ""close_quantity_bonds"": 1000.0, ""matched_quantity_bonds"": 810.0, ""edge"": 0.725, ""gross_edge_cash"": 587.25}",economic_pair_cross_turn_600s_needs_path_review,unreviewed,unreviewed
2026-08-14_132024.SH_T055,2026-08-14,132024.SH,sell_then_buy,13:14:30,136.461,13:14:40,136.102,0.359,100,1000,sell,buy,maker_132024_v01_queue,queue,maker_queue_v1_0,1000.0,2000.0,1000.0,1000.0,138298.0,138298.0,1000,1000,1000,1000,1000,0,0,[],not_exactly_matched_needs_causal_execution_audit,[],[],null,null,null,causal_mode_in_review_required,unreviewed,unreviewed
2026-08-14_132024.SH_T056,2026-08-14,132024.SH,buy_then_sell,13:14:40,136.102,13:17:44,136.299,0.197,100,1000,buy,sell,maker_132024_v01_priority,priority,maker_priority_v1_33_candidate,1000.0,2000.0,1000.0,1000.0,143409.3,143409.3,1000,1000,1000,1000,1000,0,0,[],not_exactly_matched_needs_causal_execution_audit,[],[],null,null,null,causal_mode_in_review_required,unreviewed,unreviewed
2026-08-14_132024.SH_T056,2026-08-14,132024.SH,buy_then_sell,13:14:40,136.102,13:17:44,136.299,0.197,100,1000,buy,sell,maker_132024_v01_queue,queue,maker_queue_v1_0,1000.0,2000.0,1000.0,1000.0,138298.0,138298.0,1000,1000,1000,1000,1000,0,0,[],not_exactly_matched_needs_causal_execution_audit,[],[],null,null,null,causal_mode_in_review_required,unreviewed,unreviewed
2026-08-14_132024.SH_T057,2026-08-14,132024.SH,sell_then_buy,13:17:44,136.299,13:17:44,136.101,0.198,100,1000,sell,buy,maker_132024_v01_priority,priority,maker_priority_v1_33_candidate,1000.0,2000.0,1000.0,1000.0,143409.3,143409.3,1000,1000,1000,1000,1000,0,0,[],not_exactly_matched_needs_causal_execution_audit,[],[],null,null,"{""open_time"": ""13:11:44"", ""open_price"": 136.495, ""open_quantity_bonds"": 1000.0, ""close_time"": ""13:24:05"", ""close_price"": 136.011, ""close_quantity_bonds"": 1000.0, ""matched_quantity_bonds"": 1000.0, ""edge"": 0.484, ""gross_edge_cash"": 484.0}",economic_pair_cross_turn_600s_needs_path_review,unreviewed,unreviewed
2026-08-14_132024.SH_T057,2026-08-14,132024.SH,sell_then_buy,13:17:44,136.299,13:17:44,136.101,0.198,100,1000,sell,buy,maker_132024_v01_queue,queue,maker_queue_v1_0,1000.0,2000.0,1000.0,1000.0,138298.0,138298.0,1000,1000,1000,1000,1000,0,0,[],not_exactly_matched_needs_causal_execution_audit,[],[],null,null,null,causal_mode_in_review_required,unreviewed,unreviewed
2026-08-14_132024.SH_T058,2026-08-14,132024.SH,buy_then_sell,13:17:44,136.101,13:18:12,136.3,0.199,100,1000,buy,sell,maker_132024_v01_priority,priority,maker_priority_v1_33_candidate,1000.0,2000.0,1000.0,1000.0,143409.3,143409.3,1000,1000,1000,1000,1000,0,0,[],not_exactly_matched_needs_causal_execution_audit,[],[],null,null,"{""open_time"": ""13:12:14"", ""open_price"": 136.103, ""open_quantity_bonds"": 1000.0, ""close_time"": ""13:28:02"", ""close_price"": 136.246, ""close_quantity_bonds"": 1000.0, ""matched_quantity_bonds"": 1000.0, ""edge"": 0.143, ""gross_edge_cash"": 143.0}",economic_pair_cross_turn_600s_needs_path_review,unreviewed,unreviewed
2026-08-14_132024.SH_T058,2026-08-14,132024.SH,buy_then_sell,13:17:44,136.101,13:18:12,136.3,0.199,100,1000,buy,sell,maker_132024_v01_queue,queue,maker_queue_v1_0,1000.0,2000.0,1000.0,1000.0,138298.0,138298.0,1000,1000,1000,1000,1000,0,0,[],not_exactly_matched_needs_causal_execution_audit,[],[],null,null,null,causal_mode_in_review_required,unreviewed,unreviewed
2026-08-14_132024.SH_T059,2026-08-14,132024.SH,sell_then_buy,13:18:12,136.3,13:18:26,136.107,0.193,100,1000,sell,buy,maker_132024_v01_priority,priority,maker_priority_v1_33_candidate,1000.0,2000.0,1000.0,1000.0,143409.3,143409.3,1000,1000,1000,1000,1000,0,0,[],not_exactly_matched_needs_causal_execution_audit,[],[],null,null,"{""open_time"": ""13:11:44"", ""open_price"": 136.495, ""open_quantity_bonds"": 1000.0, ""close_time"": ""13:24:05"", ""close_price"": 136.011, ""close_quantity_bonds"": 1000.0, ""matched_quantity_bonds"": 1000.0, ""edge"": 0.484, ""gross_edge_cash"": 484.0}",economic_pair_cross_turn_600s_needs_path_review,unreviewed,unreviewed
2026-08-14_132024.SH_T059,2026-08-14,132024.SH,sell_then_buy,13:18:12,136.3,13:18:26,136.107,0.193,100,1000,sell,buy,maker_132024_v01_queue,queue,maker_queue_v1_0,1000.0,2000.0,1000.0,1000.0,138298.0,138298.0,1000,1000,1000,1000,1000,0,0,[],not_exactly_matched_needs_causal_execution_audit,[],[],null,null,null,causal_mode_in_review_required,unreviewed,unreviewed
2026-08-14_132024.SH_T060,2026-08-14,132024.SH,buy_then_sell,13:18:26,136.107,13:19:15,136.291,0.184,200,1000,buy,sell,maker_132024_v01_priority,priority,maker_priority_v1_33_candidate,1000.0,2000.0,1000.0,1000.0,143409.3,143409.3,1000,1000,1000,1000,1000,0,0,[],not_exactly_matched_needs_causal_execution_audit,[],[],null,null,"{""open_time"": ""13:12:14"", ""open_price"": 136.103, ""open_quantity_bonds"": 1000.0, ""close_time"": ""13:28:02"", ""close_price"": 136.246, ""close_quantity_bonds"": 1000.0, ""matched_quantity_bonds"": 1000.0, ""edge"": 0.143, ""gross_edge_cash"": 143.0}",economic_pair_cross_turn_600s_needs_path_review,unreviewed,unreviewed
2026-08-14_132024.SH_T060,2026-08-14,132024.SH,buy_then_sell,13:18:26,136.107,13:19:15,136.291,0.184,200,1000,buy,sell,maker_132024_v01_queue,queue,maker_queue_v1_0,1000.0,2000.0,1000.0,1000.0,138298.0,138298.0,1000,1000,1000,1000,1000,0,0,[],not_exactly_matched_needs_causal_execution_audit,[],[],null,null,null,causal_mode_in_review_required,unreviewed,unreviewed
2026-08-14_132024.SH_T061,2026-08-14,132024.SH,sell_then_buy,13:19:15,136.291,13:19:30,136.114,0.177,100,1000,sell,buy,maker_132024_v01_priority,priority,maker_priority_v1_33_candidate,1000.0,2000.0,1000.0,1000.0,143409.3,143409.3,1000,1000,1000,1000,1000,0,0,[],not_exactly_matched_needs_causal_execution_audit,[],[],null,null,"{""open_time"": ""13:11:44"", ""open_price"": 136.495, ""open_quantity_bonds"": 1000.0, ""close_time"": ""13:24:05"", ""close_price"": 136.011, ""close_quantity_bonds"": 1000.0, ""matched_quantity_bonds"": 1000.0, ""edge"": 0.484, ""gross_edge_cash"": 484.0}",economic_pair_cross_turn_600s_needs_path_review,unreviewed,unreviewed
2026-08-14_132024.SH_T061,2026-08-14,132024.SH,sell_then_buy,13:19:15,136.291,13:19:30,136.114,0.177,100,1000,sell,buy,maker_132024_v01_queue,queue,maker_queue_v1_0,1000.0,2000.0,1000.0,1000.0,138298.0,138298.0,1000,1000,1000,1000,1000,0,0,[],not_exactly_matched_needs_causal_execution_audit,[],[],null,null,null,causal_mode_in_review_required,unreviewed,unreviewed
2026-08-14_132024.SH_T062,2026-08-14,132024.SH,buy_then_sell,13:19:30,136.114,13:19:39,136.291,0.177,100,1000,buy,sell,maker_132024_v01_priority,priority,maker_priority_v1_33_candidate,1000.0,2000.0,1000.0,1000.0,143409.3,143409.3,1000,1000,1000,1000,1000,0,0,[],not_exactly_matched_needs_causal_execution_audit,[],[],null,null,"{""open_time"": ""13:12:14"", ""open_price"": 136.103, ""open_quantity_bonds"": 1000.0, ""close_time"": ""13:28:02"", ""close_price"": 136.246, ""close_quantity_bonds"": 1000.0, ""matched_quantity_bonds"": 1000.0, ""edge"": 0.143, ""gross_edge_cash"": 143.0}",economic_pair_cross_turn_600s_needs_path_review,unreviewed,unreviewed
2026-08-14_132024.SH_T062,2026-08-14,132024.SH,buy_then_sell,13:19:30,136.114,13:19:39,136.291,0.177,100,1000,buy,sell,maker_132024_v01_queue,queue,maker_queue_v1_0,1000.0,2000.0,1000.0,1000.0,138298.0,138298.0,1000,1000,1000,1000,1000,0,0,[],not_exactly_matched_needs_causal_execution_audit,[],[],null,null,null,causal_mode_in_review_required,unreviewed,unreviewed
2026-08-14_132024.SH_T063,2026-08-14,132024.SH,sell_then_buy,13:19:39,136.291,13:20:09,136.114,0.177,100,1000,sell,buy,maker_132024_v01_priority,priority,maker_priority_v1_33_candidate,1000.0,2000.0,1000.0,1000.0,143409.3,143409.3,1000,1000,1000,1000,1000,0,0,[],not_exactly_matched_needs_causal_execution_audit,[],[],null,null,"{""open_time"": ""13:11:44"", ""open_price"": 136.495, ""open_quantity_bonds"": 1000.0, ""close_time"": ""13:24:05"", ""close_price"": 136.011, ""close_quantity_bonds"": 1000.0, ""matched_quantity_bonds"": 1000.0, ""edge"": 0.484, ""gross_edge_cash"": 484.0}",economic_pair_cross_turn_600s_needs_path_review,unreviewed,unreviewed
2026-08-14_132024.SH_T063,2026-08-14,132024.SH,sell_then_buy,13:19:39,136.291,13:20:09,136.114,0.177,100,1000,sell,buy,maker_132024_v01_queue,queue,maker_queue_v1_0,1000.0,2000.0,1000.0,1000.0,138298.0,138298.0,1000,1000,1000,1000,1000,0,0,[],not_exactly_matched_needs_causal_execution_audit,[],[],null,null,null,causal_mode_in_review_required,unreviewed,unreviewed
2026-08-14_132024.SH_T064,2026-08-14,132024.SH,buy_then_sell,13:20:09,136.114,13:20:21,136.241,0.127,100,1000,buy,sell,maker_132024_v01_priority,priority,maker_priority_v1_33_candidate,1000.0,2000.0,1000.0,1000.0,143409.3,143409.3,1000,1000,1000,1000,1000,0,0,[],not_exactly_matched_needs_causal_execution_audit,[],[],null,null,"{""open_time"": ""13:12:14"", ""open_price"": 136.103, ""open_quantity_bonds"": 1000.0, ""close_time"": ""13:28:02"", ""close_price"": 136.246, ""close_quantity_bonds"": 1000.0, ""matched_quantity_bonds"": 1000.0, ""edge"": 0.143, ""gross_edge_cash"": 143.0}",economic_pair_cross_turn_600s_needs_path_review,unreviewed,unreviewed
2026-08-14_132024.SH_T064,2026-08-14,132024.SH,buy_then_sell,13:20:09,136.114,13:20:21,136.241,0.127,100,1000,buy,sell,maker_132024_v01_queue,queue,maker_queue_v1_0,1000.0,2000.0,1000.0,1000.0,138298.0,138298.0,1000,1000,1000,1000,1000,0,0,[],not_exactly_matched_needs_causal_execution_audit,[],[],null,null,null,causal_mode_in_review_required,unreviewed,unreviewed
2026-08-14_132024.SH_T065,2026-08-14,132024.SH,sell_then_buy,13:20:21,136.241,13:20:33,136.109,0.132,100,1000,sell,buy,maker_132024_v01_priority,priority,maker_priority_v1_33_candidate,1000.0,2000.0,1000.0,1000.0,143409.3,143409.3,1000,1000,1000,1000,1000,0,0,[],not_exactly_matched_needs_causal_execution_audit,[],[],null,null,"{""open_time"": ""13:11:44"", ""open_price"": 136.495, ""open_quantity_bonds"": 1000.0, ""close_time"": ""13:24:05"", ""close_price"": 136.011, ""close_quantity_bonds"": 1000.0, ""matched_quantity_bonds"": 1000.0, ""edge"": 0.484, ""gross_edge_cash"": 484.0}",economic_pair_cross_turn_600s_needs_path_review,unreviewed,unreviewed
2026-08-14_132024.SH_T065,2026-08-14,132024.SH,sell_then_buy,13:20:21,136.241,13:20:33,136.109,0.132,100,1000,sell,buy,maker_132024_v01_queue,queue,maker_queue_v1_0,1000.0,2000.0,1000.0,1000.0,138298.0,138298.0,1000,1000,1000,1000,1000,0,0,[],not_exactly_matched_needs_causal_execution_audit,[],[],null,null,null,causal_mode_in_review_required,unreviewed,unreviewed
2026-08-14_132024.SH_T066,2026-08-14,132024.SH,buy_then_sell,13:20:33,136.109,13:21:13,136.247,0.138,100,480,buy,sell,maker_132024_v01_priority,priority,maker_priority_v1_33_candidate,1000.0,2000.0,1000.0,1000.0,143409.3,143409.3,1000,1000,1000,1000,480,0,0,[],not_exactly_matched_needs_causal_execution_audit,[],[],null,null,"{""open_time"": ""13:12:14"", ""open_price"": 136.103, ""open_quantity_bonds"": 1000.0, ""close_time"": ""13:28:02"", ""close_price"": 136.246, ""close_quantity_bonds"": 1000.0, ""matched_quantity_bonds"": 1000.0, ""edge"": 0.143, ""gross_edge_cash"": 143.0}",economic_pair_cross_turn_600s_needs_path_review,unreviewed,unreviewed
2026-08-14_132024.SH_T066,2026-08-14,132024.SH,buy_then_sell,13:20:33,136.109,13:21:13,136.247,0.138,100,480,buy,sell,maker_132024_v01_queue,queue,maker_queue_v1_0,1000.0,2000.0,1000.0,1000.0,138298.0,138298.0,1000,1000,1000,1000,480,0,0,[],not_exactly_matched_needs_causal_execution_audit,[],[],null,null,null,causal_mode_in_review_required,unreviewed,unreviewed
2026-08-14_132024.SH_T067,2026-08-14,132024.SH,sell_then_buy,13:21:13,136.247,13:21:45,136.079,0.168,100,480,sell,buy,maker_132024_v01_priority,priority,maker_priority_v1_33_candidate,1000.0,2000.0,1000.0,1000.0,143409.3,143409.3,1000,1000,1000,1000,480,0,0,[],not_exactly_matched_needs_causal_execution_audit,[],[],null,null,"{""open_time"": ""13:11:44"", ""open_price"": 136.495, ""open_quantity_bonds"": 1000.0, ""close_time"": ""13:24:05"", ""close_price"": 136.011, ""close_quantity_bonds"": 1000.0, ""matched_quantity_bonds"": 1000.0, ""edge"": 0.484, ""gross_edge_cash"": 484.0}",economic_pair_cross_turn_600s_needs_path_review,unreviewed,unreviewed
2026-08-14_132024.SH_T067,2026-08-14,132024.SH,sell_then_buy,13:21:13,136.247,13:21:45,136.079,0.168,100,480,sell,buy,maker_132024_v01_queue,queue,maker_queue_v1_0,1000.0,2000.0,1000.0,1000.0,138298.0,138298.0,1000,1000,1000,1000,480,0,0,[],not_exactly_matched_needs_causal_execution_audit,[],[],null,null,null,causal_mode_in_review_required,unreviewed,unreviewed
2026-08-14_132024.SH_T068,2026-08-14,132024.SH,buy_then_sell,13:21:45,136.079,13:21:54,136.1,0.021,100,1000,buy,sell,maker_132024_v01_priority,priority,maker_priority_v1_33_candidate,1000.0,2000.0,1000.0,1000.0,143409.3,143409.3,1000,1000,1000,1000,1000,0,0,[],not_exactly_matched_needs_causal_execution_audit,[],[],null,null,"{""open_time"": ""13:12:14"", ""open_price"": 136.103, ""open_quantity_bonds"": 1000.0, ""close_time"": ""13:28:02"", ""close_price"": 136.246, ""close_quantity_bonds"": 1000.0, ""matched_quantity_bonds"": 1000.0, ""edge"": 0.143, ""gross_edge_cash"": 143.0}",economic_pair_cross_turn_600s_needs_path_review,unreviewed,unreviewed
2026-08-14_132024.SH_T068,2026-08-14,132024.SH,buy_then_sell,13:21:45,136.079,13:21:54,136.1,0.021,100,1000,buy,sell,maker_132024_v01_queue,queue,maker_queue_v1_0,1000.0,2000.0,1000.0,1000.0,138298.0,138298.0,1000,1000,1000,1000,1000,0,0,[],not_exactly_matched_needs_causal_execution_audit,[],[],null,null,null,causal_mode_in_review_required,unreviewed,unreviewed
2026-08-14_132024.SH_T069,2026-08-14,132024.SH,sell_then_buy,13:21:54,136.1,13:22:16,136.051,0.049,100,1000,sell,buy,maker_132024_v01_priority,priority,maker_priority_v1_33_candidate,1000.0,2000.0,1000.0,1000.0,143409.3,143409.3,1000,1000,1000,1000,1000,0,0,[],not_exactly_matched_needs_causal_execution_audit,[],[],null,null,"{""open_time"": ""13:14:23"", ""open_price"": 136.46, ""open_quantity_bonds"": 1000.0, ""close_time"": ""13:24:05"", ""close_price"": 136.011, ""close_quantity_bonds"": 1000.0, ""matched_quantity_bonds"": 1000.0, ""edge"": 0.449, ""gross_edge_cash"": 449.0}",economic_pair_cross_turn_600s_needs_path_review,unreviewed,unreviewed
2026-08-14_132024.SH_T069,2026-08-14,132024.SH,sell_then_buy,13:21:54,136.1,13:22:16,136.051,0.049,100,1000,sell,buy,maker_132024_v01_queue,queue,maker_queue_v1_0,1000.0,2000.0,1000.0,1000.0,138298.0,138298.0,1000,1000,1000,1000,1000,0,0,[],not_exactly_matched_needs_causal_execution_audit,[],[],null,null,null,causal_mode_in_review_required,unreviewed,unreviewed
2026-08-14_132024.SH_T070,2026-08-14,132024.SH,buy_then_sell,13:22:16,136.051,13:23:29,136.247,0.196,100,1000,buy,sell,maker_132024_v01_priority,priority,maker_priority_v1_33_candidate,1000.0,2000.0,1000.0,1000.0,143409.3,143409.3,1000,1000,1000,1000,1000,0,0,[],not_exactly_matched_needs_causal_execution_audit,[],[],null,null,null,causal_mode_in_review_required,unreviewed,unreviewed
2026-08-14_132024.SH_T070,2026-08-14,132024.SH,buy_then_sell,13:22:16,136.051,13:23:29,136.247,0.196,100,1000,buy,sell,maker_132024_v01_queue,queue,maker_queue_v1_0,1000.0,2000.0,1000.0,1000.0,138298.0,138298.0,1000,1000,1000,1000,1000,0,0,[],not_exactly_matched_needs_causal_execution_audit,[],[],null,null,null,causal_mode_in_review_required,unreviewed,unreviewed
2026-08-14_132024.SH_T071,2026-08-14,132024.SH,sell_then_buy,13:23:29,136.247,13:24:03,136.01,0.237,100,1000,sell,buy,maker_132024_v01_priority,priority,maker_priority_v1_33_candidate,1000.0,2000.0,1000.0,1000.0,143409.3,143409.3,1000,1000,1000,1000,1000,0,0,[],best_pair_close_leg_matched_only,[],"[{""order_id"": 557, ""strategy_id"": ""maker_132024_v01_priority"", ""model_id"": ""maker_priority_v1_33_candidate"", ""market_time"": ""13:24:05"", ""side"": ""buy"", ""price"": 136.011, ""quantity_bonds"": 1000.0, ""fill_reason"": ""passive_buy"", ""inventory_after_bonds"": 2000.0, ""reference_tick_id"": 82891, ""crossed_book_residual_price"": 0.0, ""crossed_book_residual_bonds"": 0.0}]",null,null,"{""open_time"": ""13:14:23"", ""open_price"": 136.46, ""open_quantity_bonds"": 1000.0, ""close_time"": ""13:24:05"", ""close_price"": 136.011, ""close_quantity_bonds"": 1000.0, ""matched_quantity_bonds"": 1000.0, ""edge"": 0.449, ""gross_edge_cash"": 449.0}",economic_pair_cross_turn_600s_needs_path_review,unreviewed,unreviewed
2026-08-14_132024.SH_T071,2026-08-14,132024.SH,sell_then_buy,13:23:29,136.247,13:24:03,136.01,0.237,100,1000,sell,buy,maker_132024_v01_queue,queue,maker_queue_v1_0,1000.0,2000.0,1000.0,1000.0,138298.0,138298.0,1000,1000,1000,1000,1000,0,0,[],not_exactly_matched_needs_causal_execution_audit,[],[],null,null,null,causal_mode_in_review_required,unreviewed,unreviewed
2026-08-14_132024.SH_T072,2026-08-14,132024.SH,buy_then_sell,13:24:03,136.01,13:28:00,136.247,0.237,100,1000,buy,sell,maker_132024_v01_priority,priority,maker_priority_v1_33_candidate,1000.0,2000.0,1000.0,1000.0,143409.3,143409.3,1000,1000,1000,1000,1000,1,1,"[{""order_id"": 557, ""kind"": ""low_bid_reversion"", ""limit_price"": 136.011, ""quantity_bonds"": 1000.0, ""filled_quantity_bonds"": 1000.0, ""created_market_time"": ""13:23:47"", ""updated_market_time"": ""13:24:05"", ""status"": ""filled"", ""cancel_reason"": null, ""initial_queue_ahead_bonds"": 0.0, ""final_queue_ahead_bonds"": 0.0, ""created_same_second_as_tape"": false}]",best_pair_both_legs_matched,"[{""order_id"": 557, ""strategy_id"": ""maker_132024_v01_priority"", ""model_id"": ""maker_priority_v1_33_candidate"", ""market_time"": ""13:24:05"", ""side"": ""buy"", ""price"": 136.011, ""quantity_bonds"": 1000.0, ""fill_reason"": ""passive_buy"", ""inventory_after_bonds"": 2000.0, ""reference_tick_id"": 82891, ""crossed_book_residual_price"": 0.0, ""crossed_book_residual_bonds"": 0.0}]","[{""order_id"": 558, ""strategy_id"": ""maker_132024_v01_priority"", ""model_id"": ""maker_priority_v1_33_candidate"", ""market_time"": ""13:28:02"", ""side"": ""sell"", ""price"": 136.246, ""quantity_bonds"": 1000.0, ""fill_reason"": ""passive_sell"", ""inventory_after_bonds"": 1000.0, ""reference_tick_id"": 83035, ""crossed_book_residual_price"": 0.0, ""crossed_book_residual_bonds"": 0.0}]",null,"{""open_time"": ""13:24:05"", ""open_price"": 136.011, ""open_quantity_bonds"": 1000.0, ""close_time"": ""13:28:02"", ""close_price"": 136.246, ""close_quantity_bonds"": 1000.0, ""matched_quantity_bonds"": 1000.0, ""edge"": 0.235, ""gross_edge_cash"": 235.0}","{""open_time"": ""13:24:05"", ""open_price"": 136.011, ""open_quantity_bonds"": 1000.0, ""close_time"": ""13:35:23"", ""close_price"": 136.398, ""close_quantity_bonds"": 1000.0, ""matched_quantity_bonds"": 1000.0, ""edge"": 0.387, ""gross_edge_cash"": 387.0}",exact_best_pair_capture,unreviewed,unreviewed
2026-08-14_132024.SH_T072,2026-08-14,132024.SH,buy_then_sell,13:24:03,136.01,13:28:00,136.247,0.237,100,1000,buy,sell,maker_132024_v01_queue,queue,maker_queue_v1_0,1000.0,2000.0,1000.0,1000.0,138298.0,138298.0,1000,1000,1000,1000,1000,0,0,[],not_exactly_matched_needs_causal_execution_audit,[],[],null,null,null,causal_mode_in_review_required,unreviewed,unreviewed
2026-08-14_132024.SH_T073,2026-08-14,132024.SH,sell_then_buy,13:28:00,136.247,13:28:25,136.01,0.237,100,1000,sell,buy,maker_132024_v01_priority,priority,maker_priority_v1_33_candidate,1000.0,2000.0,2000.0,2000.0,7398.3,7398.3,2000,2000,2000,2000,1000,1,1,"[{""order_id"": 558, ""kind"": ""inventory_exit"", ""limit_price"": 136.246, ""quantity_bonds"": 1000.0, ""filled_quantity_bonds"": 1000.0, ""created_market_time"": ""13:24:05"", ""updated_market_time"": ""13:28:02"", ""status"": ""filled"", ""cancel_reason"": null, ""initial_queue_ahead_bonds"": 0.0, ""final_queue_ahead_bonds"": 0.0, ""created_same_second_as_tape"": false}]",best_pair_both_legs_matched,"[{""order_id"": 558, ""strategy_id"": ""maker_132024_v01_priority"", ""model_id"": ""maker_priority_v1_33_candidate"", ""market_time"": ""13:28:02"", ""side"": ""sell"", ""price"": 136.246, ""quantity_bonds"": 1000.0, ""fill_reason"": ""passive_sell"", ""inventory_after_bonds"": 1000.0, ""reference_tick_id"": 83035, ""crossed_book_residual_price"": 0.0, ""crossed_book_residual_bonds"": 0.0}]","[{""order_id"": 559, ""strategy_id"": ""maker_132024_v01_priority"", ""model_id"": ""maker_priority_v1_33_candidate"", ""market_time"": ""13:28:26"", ""side"": ""buy"", ""price"": 136.011, ""quantity_bonds"": 1000.0, ""fill_reason"": ""passive_buy"", ""inventory_after_bonds"": 2000.0, ""reference_tick_id"": 83054, ""crossed_book_residual_price"": 0.0, ""crossed_book_residual_bonds"": 0.0}]",null,"{""open_time"": ""13:28:02"", ""open_price"": 136.246, ""open_quantity_bonds"": 1000.0, ""close_time"": ""13:28:26"", ""close_price"": 136.011, ""close_quantity_bonds"": 1000.0, ""matched_quantity_bonds"": 1000.0, ""edge"": 0.235, ""gross_edge_cash"": 235.0}","{""open_time"": ""13:28:02"", ""open_price"": 136.246, ""open_quantity_bonds"": 1000.0, ""close_time"": ""13:34:59"", ""close_price"": 136.01, ""close_quantity_bonds"": 1000.0, ""matched_quantity_bonds"": 1000.0, ""edge"": 0.236, ""gross_edge_cash"": 236.0}",exact_best_pair_capture,unreviewed,unreviewed
2026-08-14_132024.SH_T073,2026-08-14,132024.SH,sell_then_buy,13:28:00,136.247,13:28:25,136.01,0.237,100,1000,sell,buy,maker_132024_v01_queue,queue,maker_queue_v1_0,1000.0,2000.0,1000.0,1000.0,138298.0,138298.0,1000,1000,1000,1000,1000,0,0,[],not_exactly_matched_needs_causal_execution_audit,[],[],null,null,null,causal_mode_in_review_required,unreviewed,unreviewed
2026-08-14_132024.SH_T074,2026-08-14,132024.SH,buy_then_sell,13:28:25,136.01,13:28:42,136.247,0.237,100,1000,buy,sell,maker_132024_v01_priority,priority,maker_priority_v1_33_candidate,1000.0,2000.0,1000.0,1000.0,143644.3,143644.3,1000,1000,1000,1000,1000,1,1,"[{""order_id"": 559, ""kind"": ""low_bid_reversion"", ""limit_price"": 136.011, ""quantity_bonds"": 1000.0, ""filled_quantity_bonds"": 1000.0, ""created_market_time"": ""13:28:14"", ""updated_market_time"": ""13:28:26"", ""status"": ""filled"", ""cancel_reason"": null, ""initial_queue_ahead_bonds"": 0.0, ""final_queue_ahead_bonds"": 0.0, ""created_same_second_as_tape"": false}]",best_pair_both_legs_matched,"[{""order_id"": 559, ""strategy_id"": ""maker_132024_v01_priority"", ""model_id"": ""maker_priority_v1_33_candidate"", ""market_time"": ""13:28:26"", ""side"": ""buy"", ""price"": 136.011, ""quantity_bonds"": 1000.0, ""fill_reason"": ""passive_buy"", ""inventory_after_bonds"": 2000.0, ""reference_tick_id"": 83054, ""crossed_book_residual_price"": 0.0, ""crossed_book_residual_bonds"": 0.0}]","[{""order_id"": 560, ""strategy_id"": ""maker_132024_v01_priority"", ""model_id"": ""maker_priority_v1_33_candidate"", ""market_time"": ""13:28:44"", ""side"": ""sell"", ""price"": 136.246, ""quantity_bonds"": 1000.0, ""fill_reason"": ""passive_sell"", ""inventory_after_bonds"": 1000.0, ""reference_tick_id"": 83067, ""crossed_book_residual_price"": 0.0, ""crossed_book_residual_bonds"": 0.0}]",null,"{""open_time"": ""13:28:26"", ""open_price"": 136.011, ""open_quantity_bonds"": 1000.0, ""close_time"": ""13:28:44"", ""close_price"": 136.246, ""close_quantity_bonds"": 1000.0, ""matched_quantity_bonds"": 1000.0, ""edge"": 0.235, ""gross_edge_cash"": 235.0}","{""open_time"": ""13:24:05"", ""open_price"": 136.011, ""open_quantity_bonds"": 1000.0, ""close_time"": ""13:35:23"", ""close_price"": 136.398, ""close_quantity_bonds"": 1000.0, ""matched_quantity_bonds"": 1000.0, ""edge"": 0.387, ""gross_edge_cash"": 387.0}",exact_best_pair_capture,unreviewed,unreviewed
2026-08-14_132024.SH_T074,2026-08-14,132024.SH,buy_then_sell,13:28:25,136.01,13:28:42,136.247,0.237,100,1000,buy,sell,maker_132024_v01_queue,queue,maker_queue_v1_0,1000.0,2000.0,1000.0,1000.0,138298.0,138298.0,1000,1000,1000,1000,1000,0,0,[],not_exactly_matched_needs_causal_execution_audit,[],[],null,null,null,causal_mode_in_review_required,unreviewed,unreviewed
2026-08-14_132024.SH_T075,2026-08-14,132024.SH,sell_then_buy,13:28:42,136.247,13:29:01,136.01,0.237,100,1000,sell,buy,maker_132024_v01_priority,priority,maker_priority_v1_33_candidate,1000.0,2000.0,2000.0,2000.0,7633.3,7633.3,2000,2000,2000,2000,1000,1,1,"[{""order_id"": 560, ""kind"": ""inventory_exit"", ""limit_price"": 136.246, ""quantity_bonds"": 1000.0, ""filled_quantity_bonds"": 1000.0, ""created_market_time"": ""13:28:26"", ""updated_market_time"": ""13:28:44"", ""status"": ""filled"", ""cancel_reason"": null, ""initial_queue_ahead_bonds"": 0.0, ""final_queue_ahead_bonds"": 0.0, ""created_same_second_as_tape"": false}]",best_pair_both_legs_matched,"[{""order_id"": 560, ""strategy_id"": ""maker_132024_v01_priority"", ""model_id"": ""maker_priority_v1_33_candidate"", ""market_time"": ""13:28:44"", ""side"": ""sell"", ""price"": 136.246, ""quantity_bonds"": 1000.0, ""fill_reason"": ""passive_sell"", ""inventory_after_bonds"": 1000.0, ""reference_tick_id"": 83067, ""crossed_book_residual_price"": 0.0, ""crossed_book_residual_bonds"": 0.0}]","[{""order_id"": 561, ""strategy_id"": ""maker_132024_v01_priority"", ""model_id"": ""maker_priority_v1_33_candidate"", ""market_time"": ""13:29:02"", ""side"": ""buy"", ""price"": 136.011, ""quantity_bonds"": 1000.0, ""fill_reason"": ""passive_buy"", ""inventory_after_bonds"": 2000.0, ""reference_tick_id"": 83081, ""crossed_book_residual_price"": 0.0, ""crossed_book_residual_bonds"": 0.0}]",null,"{""open_time"": ""13:28:02"", ""open_price"": 136.246, ""open_quantity_bonds"": 1000.0, ""close_time"": ""13:29:02"", ""close_price"": 136.011, ""close_quantity_bonds"": 1000.0, ""matched_quantity_bonds"": 1000.0, ""edge"": 0.235, ""gross_edge_cash"": 235.0}","{""open_time"": ""13:28:02"", ""open_price"": 136.246, ""open_quantity_bonds"": 1000.0, ""close_time"": ""13:34:59"", ""close_price"": 136.01, ""close_quantity_bonds"": 1000.0, ""matched_quantity_bonds"": 1000.0, ""edge"": 0.236, ""gross_edge_cash"": 236.0}",exact_best_pair_capture,unreviewed,unreviewed
2026-08-14_132024.SH_T075,2026-08-14,132024.SH,sell_then_buy,13:28:42,136.247,13:29:01,136.01,0.237,100,1000,sell,buy,maker_132024_v01_queue,queue,maker_queue_v1_0,1000.0,2000.0,1000.0,1000.0,138298.0,138298.0,1000,1000,1000,1000,1000,0,0,[],not_exactly_matched_needs_causal_execution_audit,[],[],null,null,null,causal_mode_in_review_required,unreviewed,unreviewed
2026-08-14_132024.SH_T076,2026-08-14,132024.SH,buy_then_sell,13:29:01,136.01,13:33:53,136.248,0.238,100,1000,buy,sell,maker_132024_v01_priority,priority,maker_priority_v1_33_candidate,1000.0,2000.0,1000.0,1000.0,143879.3,143879.3,1000,1000,1000,1000,1000,1,1,"[{""order_id"": 561, ""kind"": ""low_bid_reversion"", ""limit_price"": 136.011, ""quantity_bonds"": 1000.0, ""filled_quantity_bonds"": 1000.0, ""created_market_time"": ""13:28:44"", ""updated_market_time"": ""13:29:02"", ""status"": ""filled"", ""cancel_reason"": null, ""initial_queue_ahead_bonds"": 0.0, ""final_queue_ahead_bonds"": 0.0, ""created_same_second_as_tape"": false}]",best_pair_both_legs_matched,"[{""order_id"": 561, ""strategy_id"": ""maker_132024_v01_priority"", ""model_id"": ""maker_priority_v1_33_candidate"", ""market_time"": ""13:29:02"", ""side"": ""buy"", ""price"": 136.011, ""quantity_bonds"": 1000.0, ""fill_reason"": ""passive_buy"", ""inventory_after_bonds"": 2000.0, ""reference_tick_id"": 83081, ""crossed_book_residual_price"": 0.0, ""crossed_book_residual_bonds"": 0.0}]","[{""order_id"": 569, ""strategy_id"": ""maker_132024_v01_priority"", ""model_id"": ""maker_priority_v1_33_candidate"", ""market_time"": ""13:33:56"", ""side"": ""sell"", ""price"": 136.246, ""quantity_bonds"": 1000.0, ""fill_reason"": ""passive_sell"", ""inventory_after_bonds"": 1000.0, ""reference_tick_id"": 83266, ""crossed_book_residual_price"": 0.0, ""crossed_book_residual_bonds"": 0.0}]","{""open_time"": ""13:29:02"", ""open_price"": 136.011, ""open_quantity_bonds"": 1000.0, ""close_time"": ""13:33:56"", ""close_price"": 136.246, ""close_quantity_bonds"": 1000.0, ""matched_quantity_bonds"": 1000.0, ""edge"": 0.235, ""gross_edge_cash"": 235.0}","{""open_time"": ""13:28:26"", ""open_price"": 136.011, ""open_quantity_bonds"": 1000.0, ""close_time"": ""13:35:23"", ""close_price"": 136.398, ""close_quantity_bonds"": 1000.0, ""matched_quantity_bonds"": 1000.0, ""edge"": 0.387, ""gross_edge_cash"": 387.0}","{""open_time"": ""13:24:05"", ""open_price"": 136.011, ""open_quantity_bonds"": 1000.0, ""close_time"": ""13:35:23"", ""close_price"": 136.398, ""close_quantity_bonds"": 1000.0, ""matched_quantity_bonds"": 1000.0, ""edge"": 0.387, ""gross_edge_cash"": 387.0}",exact_best_pair_capture,unreviewed,unreviewed
2026-08-14_132024.SH_T076,2026-08-14,132024.SH,buy_then_sell,13:29:01,136.01,13:33:53,136.248,0.238,100,1000,buy,sell,maker_132024_v01_queue,queue,maker_queue_v1_0,1000.0,2000.0,1000.0,1000.0,138298.0,138298.0,1000,1000,1000,1000,1000,0,0,[],not_exactly_matched_needs_causal_execution_audit,[],[],null,null,null,causal_mode_in_review_required,unreviewed,unreviewed
2026-08-14_132024.SH_T077,2026-08-14,132024.SH,sell_then_buy,13:33:53,136.248,13:34:44,136.009,0.239,600,3000,sell,buy,maker_132024_v01_priority,priority,maker_priority_v1_33_candidate,1000.0,2000.0,2000.0,2000.0,7868.3,7868.3,2000,2000,2000,2000,1000,1,1,"[{""order_id"": 569, ""kind"": ""inventory_exit"", ""limit_price"": 136.246, ""quantity_bonds"": 1000.0, ""filled_quantity_bonds"": 1000.0, ""created_market_time"": ""13:33:50"", ""updated_market_time"": ""13:33:56"", ""status"": ""filled"", ""cancel_reason"": null, ""initial_queue_ahead_bonds"": 0.0, ""final_queue_ahead_bonds"": 0.0, ""created_same_second_as_tape"": false}]",best_pair_open_leg_matched_only,"[{""order_id"": 569, ""strategy_id"": ""maker_132024_v01_priority"", ""model_id"": ""maker_priority_v1_33_candidate"", ""market_time"": ""13:33:56"", ""side"": ""sell"", ""price"": 136.246, ""quantity_bonds"": 1000.0, ""fill_reason"": ""passive_sell"", ""inventory_after_bonds"": 1000.0, ""reference_tick_id"": 83266, ""crossed_book_residual_price"": 0.0, ""crossed_book_residual_bonds"": 0.0}]",[],null,"{""open_time"": ""13:33:56"", ""open_price"": 136.246, ""open_quantity_bonds"": 1000.0, ""close_time"": ""13:34:59"", ""close_price"": 136.01, ""close_quantity_bonds"": 1000.0, ""matched_quantity_bonds"": 1000.0, ""edge"": 0.236, ""gross_edge_cash"": 236.0}","{""open_time"": ""13:28:02"", ""open_price"": 136.246, ""open_quantity_bonds"": 1000.0, ""close_time"": ""13:34:59"", ""close_price"": 136.01, ""close_quantity_bonds"": 1000.0, ""matched_quantity_bonds"": 1000.0, ""edge"": 0.236, ""gross_edge_cash"": 236.0}",economic_pair_nearby_needs_cross_turn_review,unreviewed,unreviewed
2026-08-14_132024.SH_T077,2026-08-14,132024.SH,sell_then_buy,13:33:53,136.248,13:34:44,136.009,0.239,600,3000,sell,buy,maker_132024_v01_queue,queue,maker_queue_v1_0,1000.0,2000.0,1000.0,1000.0,138298.0,138298.0,1000,1000,1000,1000,1000,0,0,[],not_exactly_matched_needs_causal_execution_audit,[],[],null,null,null,causal_mode_in_review_required,unreviewed,unreviewed
2026-08-14_132024.SH_T078,2026-08-14,132024.SH,buy_then_sell,13:34:44,136.009,13:35:22,136.399,0.39,100,1000,buy,sell,maker_132024_v01_priority,priority,maker_priority_v1_33_candidate,1000.0,2000.0,1000.0,1000.0,144114.3,144114.3,1000,1000,1000,1000,1000,0,0,[],best_pair_close_leg_matched_only,[],"[{""order_id"": 578, ""strategy_id"": ""maker_132024_v01_priority"", ""model_id"": ""maker_priority_v1_33_candidate"", ""market_time"": ""13:35:23"", ""side"": ""sell"", ""price"": 136.398, ""quantity_bonds"": 1000.0, ""fill_reason"": ""passive_sell"", ""inventory_after_bonds"": 1000.0, ""reference_tick_id"": 83317, ""crossed_book_residual_price"": 0.0, ""crossed_book_residual_bonds"": 0.0}]",null,"{""open_time"": ""13:34:59"", ""open_price"": 136.01, ""open_quantity_bonds"": 1000.0, ""close_time"": ""13:35:23"", ""close_price"": 136.398, ""close_quantity_bonds"": 1000.0, ""matched_quantity_bonds"": 1000.0, ""edge"": 0.388, ""gross_edge_cash"": 388.0}","{""open_time"": ""13:34:59"", ""open_price"": 136.01, ""open_quantity_bonds"": 1000.0, ""close_time"": ""13:35:23"", ""close_price"": 136.398, ""close_quantity_bonds"": 1000.0, ""matched_quantity_bonds"": 1000.0, ""edge"": 0.388, ""gross_edge_cash"": 388.0}",economic_pair_nearby_needs_cross_turn_review,unreviewed,unreviewed
2026-08-14_132024.SH_T078,2026-08-14,132024.SH,buy_then_sell,13:34:44,136.009,13:35:22,136.399,0.39,100,1000,buy,sell,maker_132024_v01_queue,queue,maker_queue_v1_0,1000.0,2000.0,2000.0,2000.0,2050.0,2050.0,0,0,0,0,1000,0,0,[],not_exactly_matched_needs_causal_execution_audit,[],[],null,null,null,opening_inventory_or_cash_capacity_blocked,unreviewed,unreviewed
2026-08-14_132024.SH_T079,2026-08-14,132024.SH,sell_then_buy,13:35:22,136.399,13:35:26,136.009,0.39,100,1000,sell,buy,maker_132024_v01_priority,priority,maker_priority_v1_33_candidate,1000.0,2000.0,2000.0,2000.0,8104.3,8104.3,2000,2000,2000,2000,1000,1,1,"[{""order_id"": 578, ""kind"": ""inventory_exit"", ""limit_price"": 136.398, ""quantity_bonds"": 1000.0, ""filled_quantity_bonds"": 1000.0, ""created_market_time"": ""13:35:17"", ""updated_market_time"": ""13:35:23"", ""status"": ""filled"", ""cancel_reason"": null, ""initial_queue_ahead_bonds"": 0.0, ""final_queue_ahead_bonds"": 0.0, ""created_same_second_as_tape"": false}]",best_pair_both_legs_matched,"[{""order_id"": 578, ""strategy_id"": ""maker_132024_v01_priority"", ""model_id"": ""maker_priority_v1_33_candidate"", ""market_time"": ""13:35:23"", ""side"": ""sell"", ""price"": 136.398, ""quantity_bonds"": 1000.0, ""fill_reason"": ""passive_sell"", ""inventory_after_bonds"": 1000.0, ""reference_tick_id"": 83317, ""crossed_book_residual_price"": 0.0, ""crossed_book_residual_bonds"": 0.0}]","[{""order_id"": 579, ""strategy_id"": ""maker_132024_v01_priority"", ""model_id"": ""maker_priority_v1_33_candidate"", ""market_time"": ""13:35:26"", ""side"": ""buy"", ""price"": 136.01, ""quantity_bonds"": 1000.0, ""fill_reason"": ""passive_buy"", ""inventory_after_bonds"": 2000.0, ""reference_tick_id"": 83319, ""crossed_book_residual_price"": 0.0, ""crossed_book_residual_bonds"": 0.0}]","{""open_time"": ""13:35:23"", ""open_price"": 136.398, ""open_quantity_bonds"": 1000.0, ""close_time"": ""13:35:26"", ""close_price"": 136.01, ""close_quantity_bonds"": 1000.0, ""matched_quantity_bonds"": 1000.0, ""edge"": 0.388, ""gross_edge_cash"": 388.0}","{""open_time"": ""13:35:23"", ""open_price"": 136.398, ""open_quantity_bonds"": 1000.0, ""close_time"": ""13:35:26"", ""close_price"": 136.01, ""close_quantity_bonds"": 1000.0, ""matched_quantity_bonds"": 1000.0, ""edge"": 0.388, ""gross_edge_cash"": 388.0}","{""open_time"": ""13:35:23"", ""open_price"": 136.398, ""open_quantity_bonds"": 1000.0, ""close_time"": ""13:45:02"", ""close_price"": 135.803, ""close_quantity_bonds"": 1000.0, ""matched_quantity_bonds"": 1000.0, ""edge"": 0.595, ""gross_edge_cash"": 595.0}",exact_best_pair_capture,unreviewed,unreviewed
2026-08-14_132024.SH_T079,2026-08-14,132024.SH,sell_then_buy,13:35:22,136.399,13:35:26,136.009,0.39,100,1000,sell,buy,maker_132024_v01_queue,queue,maker_queue_v1_0,1000.0,2000.0,2000.0,2000.0,2050.0,2050.0,2000,2000,2000,2000,1000,0,0,[],not_exactly_matched_needs_causal_execution_audit,[],[],null,null,null,causal_mode_in_review_required,unreviewed,unreviewed
2026-08-14_132024.SH_T080,2026-08-14,132024.SH,buy_then_sell,13:35:26,136.009,13:38:12,136.451,0.442,100,1000,buy,sell,maker_132024_v01_priority,priority,maker_priority_v1_33_candidate,1000.0,2000.0,1000.0,2000.0,144502.3,8492.3,1000,0,0,1000,1000,1,1,"[{""order_id"": 579, ""kind"": ""low_bid_reversion"", ""limit_price"": 136.01, ""quantity_bonds"": 1000.0, ""filled_quantity_bonds"": 1000.0, ""created_market_time"": ""13:35:23"", ""updated_market_time"": ""13:35:26"", ""status"": ""filled"", ""cancel_reason"": null, ""initial_queue_ahead_bonds"": 0.0, ""final_queue_ahead_bonds"": 0.0, ""created_same_second_as_tape"": false}]",best_pair_open_leg_matched_only,"[{""order_id"": 579, ""strategy_id"": ""maker_132024_v01_priority"", ""model_id"": ""maker_priority_v1_33_candidate"", ""market_time"": ""13:35:26"", ""side"": ""buy"", ""price"": 136.01, ""quantity_bonds"": 1000.0, ""fill_reason"": ""passive_buy"", ""inventory_after_bonds"": 2000.0, ""reference_tick_id"": 83319, ""crossed_book_residual_price"": 0.0, ""crossed_book_residual_bonds"": 0.0}]",[],null,"{""open_time"": ""13:34:59"", ""open_price"": 136.01, ""open_quantity_bonds"": 1000.0, ""close_time"": ""13:38:56"", ""close_price"": 136.385, ""close_quantity_bonds"": 1000.0, ""matched_quantity_bonds"": 1000.0, ""edge"": 0.375, ""gross_edge_cash"": 375.0}","{""open_time"": ""13:34:59"", ""open_price"": 136.01, ""open_quantity_bonds"": 1000.0, ""close_time"": ""13:38:56"", ""close_price"": 136.385, ""close_quantity_bonds"": 1000.0, ""matched_quantity_bonds"": 1000.0, ""edge"": 0.375, ""gross_edge_cash"": 375.0}",economic_pair_nearby_needs_cross_turn_review,unreviewed,unreviewed
2026-08-14_132024.SH_T080,2026-08-14,132024.SH,buy_then_sell,13:35:26,136.009,13:38:12,136.451,0.442,100,1000,buy,sell,maker_132024_v01_queue,queue,maker_queue_v1_0,1000.0,2000.0,2000.0,2000.0,2050.0,2050.0,0,0,0,0,1000,0,0,[],not_exactly_matched_needs_causal_execution_audit,[],[],null,null,null,opening_inventory_or_cash_capacity_blocked,unreviewed,unreviewed
2026-08-14_132024.SH_T081,2026-08-14,132024.SH,sell_then_buy,13:38:12,136.451,13:38:44,136.01,0.441,100,1000,sell,buy,maker_132024_v01_priority,priority,maker_priority_v1_33_candidate,1000.0,2000.0,2000.0,2000.0,8492.3,8492.3,2000,2000,2000,2000,1000,0,0,[],not_exactly_matched_needs_causal_execution_audit,[],[],null,null,"{""open_time"": ""13:35:23"", ""open_price"": 136.398, ""open_quantity_bonds"": 1000.0, ""close_time"": ""13:45:02"", ""close_price"": 135.803, ""close_quantity_bonds"": 1000.0, ""matched_quantity_bonds"": 1000.0, ""edge"": 0.595, ""gross_edge_cash"": 595.0}",economic_pair_cross_turn_600s_needs_path_review,unreviewed,unreviewed
2026-08-14_132024.SH_T081,2026-08-14,132024.SH,sell_then_buy,13:38:12,136.451,13:38:44,136.01,0.441,100,1000,sell,buy,maker_132024_v01_queue,queue,maker_queue_v1_0,1000.0,2000.0,2000.0,2000.0,2050.0,2050.0,2000,2000,2000,2000,1000,0,0,[],not_exactly_matched_needs_causal_execution_audit,[],[],null,null,null,causal_mode_in_review_required,unreviewed,unreviewed
2026-08-14_132024.SH_T082,2026-08-14,132024.SH,buy_then_sell,13:38:44,136.01,13:38:59,136.386,0.376,200,1000,buy,sell,maker_132024_v01_priority,priority,maker_priority_v1_33_candidate,1000.0,2000.0,2000.0,2000.0,8492.3,8492.3,0,0,0,0,1000,0,0,[],best_pair_close_leg_matched_only,[],"[{""order_id"": 601, ""strategy_id"": ""maker_132024_v01_priority"", ""model_id"": ""maker_priority_v1_33_candidate"", ""market_time"": ""13:38:56"", ""side"": ""sell"", ""price"": 136.385, ""quantity_bonds"": 1000.0, ""fill_reason"": ""active_tight_spread_turnover"", ""inventory_after_bonds"": 1000.0, ""reference_tick_id"": 83455, ""crossed_book_residual_price"": 0.0, ""crossed_book_residual_bonds"": 0.0}]",null,null,"{""open_time"": ""13:34:59"", ""open_price"": 136.01, ""open_quantity_bonds"": 1000.0, ""close_time"": ""13:38:56"", ""close_price"": 136.385, ""close_quantity_bonds"": 1000.0, ""matched_quantity_bonds"": 1000.0, ""edge"": 0.375, ""gross_edge_cash"": 375.0}",economic_pair_cross_turn_600s_needs_path_review,unreviewed,unreviewed
2026-08-14_132024.SH_T082,2026-08-14,132024.SH,buy_then_sell,13:38:44,136.01,13:38:59,136.386,0.376,200,1000,buy,sell,maker_132024_v01_queue,queue,maker_queue_v1_0,1000.0,2000.0,2000.0,2000.0,2050.0,2050.0,0,0,0,0,1000,0,0,[],not_exactly_matched_needs_causal_execution_audit,[],[],null,null,null,opening_inventory_or_cash_capacity_blocked,unreviewed,unreviewed
2026-08-14_132024.SH_T083,2026-08-14,132024.SH,sell_then_buy,13:38:59,136.386,13:39:14,136.01,0.376,100,1000,sell,buy,maker_132024_v01_priority,priority,maker_priority_v1_33_candidate,1000.0,2000.0,1000.0,1000.0,144877.3,144877.3,1000,1000,1000,1000,1000,0,0,[],best_pair_open_leg_matched_only,"[{""order_id"": 601, ""strategy_id"": ""maker_132024_v01_priority"", ""model_id"": ""maker_priority_v1_33_candidate"", ""market_time"": ""13:38:56"", ""side"": ""sell"", ""price"": 136.385, ""quantity_bonds"": 1000.0, ""fill_reason"": ""active_tight_spread_turnover"", ""inventory_after_bonds"": 1000.0, ""reference_tick_id"": 83455, ""crossed_book_residual_price"": 0.0, ""crossed_book_residual_bonds"": 0.0}]",[],null,null,"{""open_time"": ""13:35:23"", ""open_price"": 136.398, ""open_quantity_bonds"": 1000.0, ""close_time"": ""13:45:02"", ""close_price"": 135.803, ""close_quantity_bonds"": 1000.0, ""matched_quantity_bonds"": 1000.0, ""edge"": 0.595, ""gross_edge_cash"": 595.0}",economic_pair_cross_turn_600s_needs_path_review,unreviewed,unreviewed
2026-08-14_132024.SH_T083,2026-08-14,132024.SH,sell_then_buy,13:38:59,136.386,13:39:14,136.01,0.376,100,1000,sell,buy,maker_132024_v01_queue,queue,maker_queue_v1_0,1000.0,2000.0,2000.0,2000.0,2050.0,2050.0,2000,2000,2000,2000,1000,0,0,[],not_exactly_matched_needs_causal_execution_audit,[],[],null,null,null,causal_mode_in_review_required,unreviewed,unreviewed
2026-08-14_132024.SH_T084,2026-08-14,132024.SH,buy_then_sell,13:39:14,136.01,13:39:33,136.186,0.176,100,1000,buy,sell,maker_132024_v01_priority,priority,maker_priority_v1_33_candidate,1000.0,2000.0,1000.0,1000.0,144877.3,144877.3,1000,1000,1000,1000,1000,0,0,[],not_exactly_matched_needs_causal_execution_audit,[],[],null,null,"{""open_time"": ""13:34:59"", ""open_price"": 136.01, ""open_quantity_bonds"": 1000.0, ""close_time"": ""13:45:32"", ""close_price"": 136.251, ""close_quantity_bonds"": 1000.0, ""matched_quantity_bonds"": 1000.0, ""edge"": 0.241, ""gross_edge_cash"": 241.0}",economic_pair_cross_turn_600s_needs_path_review,unreviewed,unreviewed
2026-08-14_132024.SH_T084,2026-08-14,132024.SH,buy_then_sell,13:39:14,136.01,13:39:33,136.186,0.176,100,1000,buy,sell,maker_132024_v01_queue,queue,maker_queue_v1_0,1000.0,2000.0,2000.0,2000.0,2050.0,2050.0,0,0,0,0,1000,0,0,[],not_exactly_matched_needs_causal_execution_audit,[],[],null,null,null,opening_inventory_or_cash_capacity_blocked,unreviewed,unreviewed
2026-08-14_132024.SH_T085,2026-08-14,132024.SH,sell_then_buy,13:39:33,136.186,13:39:48,136.024,0.162,100,1000,sell,buy,maker_132024_v01_priority,priority,maker_priority_v1_33_candidate,1000.0,2000.0,1000.0,1000.0,144877.3,144877.3,1000,1000,1000,1000,1000,0,0,[],not_exactly_matched_needs_causal_execution_audit,[],[],null,null,"{""open_time"": ""13:35:23"", ""open_price"": 136.398, ""open_quantity_bonds"": 1000.0, ""close_time"": ""13:45:02"", ""close_price"": 135.803, ""close_quantity_bonds"": 1000.0, ""matched_quantity_bonds"": 1000.0, ""edge"": 0.595, ""gross_edge_cash"": 595.0}",economic_pair_cross_turn_600s_needs_path_review,unreviewed,unreviewed
2026-08-14_132024.SH_T085,2026-08-14,132024.SH,sell_then_buy,13:39:33,136.186,13:39:48,136.024,0.162,100,1000,sell,buy,maker_132024_v01_queue,queue,maker_queue_v1_0,1000.0,2000.0,2000.0,2000.0,2050.0,2050.0,2000,2000,2000,2000,1000,0,0,[],not_exactly_matched_needs_causal_execution_audit,[],[],null,null,null,causal_mode_in_review_required,unreviewed,unreviewed
2026-08-14_132024.SH_T086,2026-08-14,132024.SH,buy_then_sell,13:39:48,136.024,13:40:03,136.196,0.172,100,1000,buy,sell,maker_132024_v01_priority,priority,maker_priority_v1_33_candidate,1000.0,2000.0,1000.0,1000.0,144877.3,144877.3,1000,1000,1000,1000,1000,0,0,[],not_exactly_matched_needs_causal_execution_audit,[],[],null,null,"{""open_time"": ""13:34:59"", ""open_price"": 136.01, ""open_quantity_bonds"": 1000.0, ""close_time"": ""13:45:32"", ""close_price"": 136.251, ""close_quantity_bonds"": 1000.0, ""matched_quantity_bonds"": 1000.0, ""edge"": 0.241, ""gross_edge_cash"": 241.0}",economic_pair_cross_turn_600s_needs_path_review,unreviewed,unreviewed
2026-08-14_132024.SH_T086,2026-08-14,132024.SH,buy_then_sell,13:39:48,136.024,13:40:03,136.196,0.172,100,1000,buy,sell,maker_132024_v01_queue,queue,maker_queue_v1_0,1000.0,2000.0,2000.0,2000.0,2050.0,2050.0,0,0,0,0,1000,0,0,[],not_exactly_matched_needs_causal_execution_audit,[],[],null,null,null,opening_inventory_or_cash_capacity_blocked,unreviewed,unreviewed
2026-08-14_132024.SH_T087,2026-08-14,132024.SH,sell_then_buy,13:40:03,136.196,13:40:13,136.02,0.176,100,1000,sell,buy,maker_132024_v01_priority,priority,maker_priority_v1_33_candidate,1000.0,2000.0,1000.0,1000.0,144877.3,144877.3,1000,1000,1000,1000,1000,0,0,[],not_exactly_matched_needs_causal_execution_audit,[],[],null,null,"{""open_time"": ""13:35:23"", ""open_price"": 136.398, ""open_quantity_bonds"": 1000.0, ""close_time"": ""13:45:02"", ""close_price"": 135.803, ""close_quantity_bonds"": 1000.0, ""matched_quantity_bonds"": 1000.0, ""edge"": 0.595, ""gross_edge_cash"": 595.0}",economic_pair_cross_turn_600s_needs_path_review,unreviewed,unreviewed
2026-08-14_132024.SH_T087,2026-08-14,132024.SH,sell_then_buy,13:40:03,136.196,13:40:13,136.02,0.176,100,1000,sell,buy,maker_132024_v01_queue,queue,maker_queue_v1_0,1000.0,2000.0,2000.0,2000.0,2050.0,2050.0,2000,2000,2000,2000,1000,0,0,[],not_exactly_matched_needs_causal_execution_audit,[],[],null,null,null,causal_mode_in_review_required,unreviewed,unreviewed
2026-08-14_132024.SH_T088,2026-08-14,132024.SH,buy_then_sell,13:40:13,136.02,13:40:24,136.024,0.004,100,1000,buy,sell,maker_132024_v01_priority,priority,maker_priority_v1_33_candidate,1000.0,2000.0,1000.0,1000.0,144877.3,144877.3,1000,1000,1000,1000,1000,0,0,[],not_exactly_matched_needs_causal_execution_audit,[],[],null,null,"{""open_time"": ""13:34:59"", ""open_price"": 136.01, ""open_quantity_bonds"": 1000.0, ""close_time"": ""13:45:32"", ""close_price"": 136.251, ""close_quantity_bonds"": 1000.0, ""matched_quantity_bonds"": 1000.0, ""edge"": 0.241, ""gross_edge_cash"": 241.0}",economic_pair_cross_turn_600s_needs_path_review,unreviewed,unreviewed
2026-08-14_132024.SH_T088,2026-08-14,132024.SH,buy_then_sell,13:40:13,136.02,13:40:24,136.024,0.004,100,1000,buy,sell,maker_132024_v01_queue,queue,maker_queue_v1_0,1000.0,2000.0,2000.0,2000.0,2050.0,2050.0,0,0,0,0,1000,0,0,[],not_exactly_matched_needs_causal_execution_audit,[],[],null,null,null,opening_inventory_or_cash_capacity_blocked,unreviewed,unreviewed
2026-08-14_132024.SH_T089,2026-08-14,132024.SH,sell_then_buy,13:40:24,136.024,13:42:13,135.7,0.324,100,1000,sell,buy,maker_132024_v01_priority,priority,maker_priority_v1_33_candidate,1000.0,2000.0,1000.0,1000.0,144877.3,144877.3,1000,1000,1000,1000,1000,0,0,[],not_exactly_matched_needs_causal_execution_audit,[],[],null,null,"{""open_time"": ""13:35:23"", ""open_price"": 136.398, ""open_quantity_bonds"": 1000.0, ""close_time"": ""13:45:02"", ""close_price"": 135.803, ""close_quantity_bonds"": 1000.0, ""matched_quantity_bonds"": 1000.0, ""edge"": 0.595, ""gross_edge_cash"": 595.0}",economic_pair_cross_turn_600s_needs_path_review,unreviewed,unreviewed
2026-08-14_132024.SH_T089,2026-08-14,132024.SH,sell_then_buy,13:40:24,136.024,13:42:13,135.7,0.324,100,1000,sell,buy,maker_132024_v01_queue,queue,maker_queue_v1_0,1000.0,2000.0,2000.0,2000.0,2050.0,2050.0,2000,2000,2000,2000,1000,0,0,[],not_exactly_matched_needs_causal_execution_audit,[],[],null,null,null,causal_mode_in_review_required,unreviewed,unreviewed
2026-08-14_132024.SH_T090,2026-08-14,132024.SH,buy_then_sell,13:42:13,135.7,13:43:19,135.914,0.214,100,1000,buy,sell,maker_132024_v01_priority,priority,maker_priority_v1_33_candidate,1000.0,2000.0,1000.0,1000.0,144877.3,144877.3,1000,1000,1000,1000,1000,0,0,[],not_exactly_matched_needs_causal_execution_audit,[],[],null,null,"{""open_time"": ""13:34:59"", ""open_price"": 136.01, ""open_quantity_bonds"": 1000.0, ""close_time"": ""13:45:32"", ""close_price"": 136.251, ""close_quantity_bonds"": 1000.0, ""matched_quantity_bonds"": 1000.0, ""edge"": 0.241, ""gross_edge_cash"": 241.0}",economic_pair_cross_turn_600s_needs_path_review,unreviewed,unreviewed
2026-08-14_132024.SH_T090,2026-08-14,132024.SH,buy_then_sell,13:42:13,135.7,13:43:19,135.914,0.214,100,1000,buy,sell,maker_132024_v01_queue,queue,maker_queue_v1_0,1000.0,2000.0,2000.0,2000.0,2050.0,2050.0,0,0,0,0,1000,0,0,[],not_exactly_matched_needs_causal_execution_audit,[],[],null,null,null,opening_inventory_or_cash_capacity_blocked,unreviewed,unreviewed
2026-08-14_132024.SH_T091,2026-08-14,132024.SH,sell_then_buy,13:43:19,135.914,13:44:08,135.802,0.112,100,1000,sell,buy,maker_132024_v01_priority,priority,maker_priority_v1_33_candidate,1000.0,2000.0,1000.0,1000.0,144877.3,144877.3,1000,1000,1000,1000,1000,0,0,[],not_exactly_matched_needs_causal_execution_audit,[],[],null,null,"{""open_time"": ""13:35:23"", ""open_price"": 136.398, ""open_quantity_bonds"": 1000.0, ""close_time"": ""13:45:02"", ""close_price"": 135.803, ""close_quantity_bonds"": 1000.0, ""matched_quantity_bonds"": 1000.0, ""edge"": 0.595, ""gross_edge_cash"": 595.0}",economic_pair_cross_turn_600s_needs_path_review,unreviewed,unreviewed
2026-08-14_132024.SH_T091,2026-08-14,132024.SH,sell_then_buy,13:43:19,135.914,13:44:08,135.802,0.112,100,1000,sell,buy,maker_132024_v01_queue,queue,maker_queue_v1_0,1000.0,2000.0,2000.0,2000.0,2050.0,2050.0,2000,2000,2000,2000,1000,0,0,[],not_exactly_matched_needs_causal_execution_audit,[],[],null,null,null,causal_mode_in_review_required,unreviewed,unreviewed
2026-08-14_132024.SH_T092,2026-08-14,132024.SH,buy_then_sell,13:44:08,135.802,13:44:48,136.251,0.449,200,1000,buy,sell,maker_132024_v01_priority,priority,maker_priority_v1_33_candidate,1000.0,2000.0,1000.0,1000.0,144877.3,144877.3,1000,1000,1000,1000,1000,0,0,[],not_exactly_matched_needs_causal_execution_audit,[],[],null,null,"{""open_time"": ""13:34:59"", ""open_price"": 136.01, ""open_quantity_bonds"": 1000.0, ""close_time"": ""13:45:32"", ""close_price"": 136.251, ""close_quantity_bonds"": 1000.0, ""matched_quantity_bonds"": 1000.0, ""edge"": 0.241, ""gross_edge_cash"": 241.0}",economic_pair_cross_turn_600s_needs_path_review,unreviewed,unreviewed
2026-08-14_132024.SH_T092,2026-08-14,132024.SH,buy_then_sell,13:44:08,135.802,13:44:48,136.251,0.449,200,1000,buy,sell,maker_132024_v01_queue,queue,maker_queue_v1_0,1000.0,2000.0,2000.0,2000.0,2050.0,2050.0,0,0,0,0,1000,0,0,[],not_exactly_matched_needs_causal_execution_audit,[],[],null,null,null,opening_inventory_or_cash_capacity_blocked,unreviewed,unreviewed
2026-08-14_132024.SH_T093,2026-08-14,132024.SH,sell_then_buy,13:44:48,136.251,13:45:18,135.649,0.602,200,1000,sell,buy,maker_132024_v01_priority,priority,maker_priority_v1_33_candidate,1000.0,2000.0,1000.0,1000.0,144877.3,144877.3,1000,1000,1000,1000,1000,0,0,[],not_exactly_matched_needs_causal_execution_audit,[],[],null,null,"{""open_time"": ""13:35:23"", ""open_price"": 136.398, ""open_quantity_bonds"": 1000.0, ""close_time"": ""13:45:02"", ""close_price"": 135.803, ""close_quantity_bonds"": 1000.0, ""matched_quantity_bonds"": 1000.0, ""edge"": 0.595, ""gross_edge_cash"": 595.0}",economic_pair_cross_turn_600s_needs_path_review,unreviewed,unreviewed
2026-08-14_132024.SH_T093,2026-08-14,132024.SH,sell_then_buy,13:44:48,136.251,13:45:18,135.649,0.602,200,1000,sell,buy,maker_132024_v01_queue,queue,maker_queue_v1_0,1000.0,2000.0,2000.0,2000.0,2050.0,2050.0,2000,2000,2000,2000,1000,0,0,[],not_exactly_matched_needs_causal_execution_audit,[],[],null,null,null,causal_mode_in_review_required,unreviewed,unreviewed
2026-08-14_132024.SH_T094,2026-08-14,132024.SH,buy_then_sell,13:45:18,135.649,13:45:33,136.251,0.602,200,1000,buy,sell,maker_132024_v01_priority,priority,maker_priority_v1_33_candidate,1000.0,2000.0,2000.0,2000.0,9074.3,9074.3,0,0,0,0,1000,0,0,[],best_pair_close_leg_matched_only,[],"[{""order_id"": 634, ""strategy_id"": ""maker_132024_v01_priority"", ""model_id"": ""maker_priority_v1_33_candidate"", ""market_time"": ""13:45:32"", ""side"": ""sell"", ""price"": 136.251, ""quantity_bonds"": 1000.0, ""fill_reason"": ""active_downside_risk_exit"", ""inventory_after_bonds"": 1000.0, ""reference_tick_id"": 83746, ""crossed_book_residual_price"": 0.0, ""crossed_book_residual_bonds"": 0.0}]","{""open_time"": ""13:45:02"", ""open_price"": 135.803, ""open_quantity_bonds"": 1000.0, ""close_time"": ""13:45:32"", ""close_price"": 136.251, ""close_quantity_bonds"": 1000.0, ""matched_quantity_bonds"": 1000.0, ""edge"": 0.448, ""gross_edge_cash"": 448.0}","{""open_time"": ""13:45:02"", ""open_price"": 135.803, ""open_quantity_bonds"": 1000.0, ""close_time"": ""13:45:32"", ""close_price"": 136.251, ""close_quantity_bonds"": 1000.0, ""matched_quantity_bonds"": 1000.0, ""edge"": 0.448, ""gross_edge_cash"": 448.0}","{""open_time"": ""13:45:02"", ""open_price"": 135.803, ""open_quantity_bonds"": 1000.0, ""close_time"": ""13:45:32"", ""close_price"": 136.251, ""close_quantity_bonds"": 1000.0, ""matched_quantity_bonds"": 1000.0, ""edge"": 0.448, ""gross_edge_cash"": 448.0}",economic_pair_within_turn_needs_overlap_review,unreviewed,unreviewed
2026-08-14_132024.SH_T094,2026-08-14,132024.SH,buy_then_sell,13:45:18,135.649,13:45:33,136.251,0.602,200,1000,buy,sell,maker_132024_v01_queue,queue,maker_queue_v1_0,1000.0,2000.0,2000.0,2000.0,2050.0,2050.0,0,0,0,0,1000,0,0,[],not_exactly_matched_needs_causal_execution_audit,[],[],null,null,null,opening_inventory_or_cash_capacity_blocked,unreviewed,unreviewed
2026-08-14_132024.SH_T095,2026-08-14,132024.SH,sell_then_buy,13:45:33,136.251,13:46:27,135.611,0.64,100,1000,sell,buy,maker_132024_v01_priority,priority,maker_priority_v1_33_candidate,1000.0,2000.0,1000.0,1000.0,145325.3,145325.3,1000,1000,1000,1000,1000,0,0,[],best_pair_open_leg_matched_only,"[{""order_id"": 634, ""strategy_id"": ""maker_132024_v01_priority"", ""model_id"": ""maker_priority_v1_33_candidate"", ""market_time"": ""13:45:32"", ""side"": ""sell"", ""price"": 136.251, ""quantity_bonds"": 1000.0, ""fill_reason"": ""active_downside_risk_exit"", ""inventory_after_bonds"": 1000.0, ""reference_tick_id"": 83746, ""crossed_book_residual_price"": 0.0, ""crossed_book_residual_bonds"": 0.0}]",[],null,"{""open_time"": ""13:45:32"", ""open_price"": 136.251, ""open_quantity_bonds"": 1000.0, ""close_time"": ""13:47:53"", ""close_price"": 135.811, ""close_quantity_bonds"": 1000.0, ""matched_quantity_bonds"": 1000.0, ""edge"": 0.44, ""gross_edge_cash"": 440.0}","{""open_time"": ""13:38:56"", ""open_price"": 136.385, ""open_quantity_bonds"": 1000.0, ""close_time"": ""13:47:53"", ""close_price"": 135.811, ""close_quantity_bonds"": 1000.0, ""matched_quantity_bonds"": 1000.0, ""edge"": 0.574, ""gross_edge_cash"": 574.0}",economic_pair_nearby_needs_cross_turn_review,unreviewed,unreviewed
2026-08-14_132024.SH_T095,2026-08-14,132024.SH,sell_then_buy,13:45:33,136.251,13:46:27,135.611,0.64,100,1000,sell,buy,maker_132024_v01_queue,queue,maker_queue_v1_0,1000.0,2000.0,2000.0,2000.0,2050.0,2050.0,2000,2000,2000,2000,1000,0,0,[],not_exactly_matched_needs_causal_execution_audit,[],[],null,null,null,causal_mode_in_review_required,unreviewed,unreviewed
2026-08-14_132024.SH_T096,2026-08-14,132024.SH,buy_then_sell,13:46:27,135.611,13:46:27,135.649,0.038,100,1000,buy,sell,maker_132024_v01_priority,priority,maker_priority_v1_33_candidate,1000.0,2000.0,1000.0,1000.0,145325.3,145325.3,1000,1000,1000,1000,1000,0,0,[],not_exactly_matched_needs_causal_execution_audit,[],[],null,null,"{""open_time"": ""13:45:02"", ""open_price"": 135.803, ""open_quantity_bonds"": 1000.0, ""close_time"": ""13:48:59"", ""close_price"": 136.097, ""close_quantity_bonds"": 1000.0, ""matched_quantity_bonds"": 1000.0, ""edge"": 0.294, ""gross_edge_cash"": 294.0}",economic_pair_cross_turn_600s_needs_path_review,unreviewed,unreviewed
2026-08-14_132024.SH_T096,2026-08-14,132024.SH,buy_then_sell,13:46:27,135.611,13:46:27,135.649,0.038,100,1000,buy,sell,maker_132024_v01_queue,queue,maker_queue_v1_0,1000.0,2000.0,2000.0,2000.0,2050.0,2050.0,0,0,0,0,1000,0,0,[],not_exactly_matched_needs_causal_execution_audit,[],[],null,null,null,opening_inventory_or_cash_capacity_blocked,unreviewed,unreviewed
2026-08-14_132024.SH_T097,2026-08-14,132024.SH,sell_then_buy,13:46:27,135.649,13:46:34,135.63,0.019,100,1000,sell,buy,maker_132024_v01_priority,priority,maker_priority_v1_33_candidate,1000.0,2000.0,1000.0,1000.0,145325.3,145325.3,1000,1000,1000,1000,1000,0,0,[],not_exactly_matched_needs_causal_execution_audit,[],[],null,"{""open_time"": ""13:45:32"", ""open_price"": 136.251, ""open_quantity_bonds"": 1000.0, ""close_time"": ""13:47:53"", ""close_price"": 135.811, ""close_quantity_bonds"": 1000.0, ""matched_quantity_bonds"": 1000.0, ""edge"": 0.44, ""gross_edge_cash"": 440.0}","{""open_time"": ""13:38:56"", ""open_price"": 136.385, ""open_quantity_bonds"": 1000.0, ""close_time"": ""13:47:53"", ""close_price"": 135.811, ""close_quantity_bonds"": 1000.0, ""matched_quantity_bonds"": 1000.0, ""edge"": 0.574, ""gross_edge_cash"": 574.0}",economic_pair_nearby_needs_cross_turn_review,unreviewed,unreviewed
2026-08-14_132024.SH_T097,2026-08-14,132024.SH,sell_then_buy,13:46:27,135.649,13:46:34,135.63,0.019,100,1000,sell,buy,maker_132024_v01_queue,queue,maker_queue_v1_0,1000.0,2000.0,2000.0,2000.0,2050.0,2050.0,2000,2000,2000,2000,1000,0,0,[],not_exactly_matched_needs_causal_execution_audit,[],[],null,null,null,causal_mode_in_review_required,unreviewed,unreviewed
2026-08-14_132024.SH_T098,2026-08-14,132024.SH,buy_then_sell,13:46:34,135.63,13:46:54,136.181,0.551,100,1000,buy,sell,maker_132024_v01_priority,priority,maker_priority_v1_33_candidate,1000.0,2000.0,1000.0,1000.0,145325.3,145325.3,1000,1000,1000,1000,1000,0,0,[],not_exactly_matched_needs_causal_execution_audit,[],[],null,null,"{""open_time"": ""13:45:02"", ""open_price"": 135.803, ""open_quantity_bonds"": 1000.0, ""close_time"": ""13:48:59"", ""close_price"": 136.097, ""close_quantity_bonds"": 1000.0, ""matched_quantity_bonds"": 1000.0, ""edge"": 0.294, ""gross_edge_cash"": 294.0}",economic_pair_cross_turn_600s_needs_path_review,unreviewed,unreviewed
2026-08-14_132024.SH_T098,2026-08-14,132024.SH,buy_then_sell,13:46:34,135.63,13:46:54,136.181,0.551,100,1000,buy,sell,maker_132024_v01_queue,queue,maker_queue_v1_0,1000.0,2000.0,2000.0,2000.0,2050.0,2050.0,0,0,0,0,1000,0,0,[],not_exactly_matched_needs_causal_execution_audit,[],[],null,null,null,opening_inventory_or_cash_capacity_blocked,unreviewed,unreviewed
2026-08-14_132024.SH_T099,2026-08-14,132024.SH,sell_then_buy,13:46:54,136.181,13:47:14,135.819,0.362,100,1000,sell,buy,maker_132024_v01_priority,priority,maker_priority_v1_33_candidate,1000.0,2000.0,1000.0,1000.0,145325.3,145325.3,1000,1000,1000,1000,1000,0,0,[],not_exactly_matched_needs_causal_execution_audit,[],[],null,"{""open_time"": ""13:45:32"", ""open_price"": 136.251, ""open_quantity_bonds"": 1000.0, ""close_time"": ""13:47:53"", ""close_price"": 135.811, ""close_quantity_bonds"": 1000.0, ""matched_quantity_bonds"": 1000.0, ""edge"": 0.44, ""gross_edge_cash"": 440.0}","{""open_time"": ""13:38:56"", ""open_price"": 136.385, ""open_quantity_bonds"": 1000.0, ""close_time"": ""13:47:53"", ""close_price"": 135.811, ""close_quantity_bonds"": 1000.0, ""matched_quantity_bonds"": 1000.0, ""edge"": 0.574, ""gross_edge_cash"": 574.0}",economic_pair_nearby_needs_cross_turn_review,unreviewed,unreviewed
2026-08-14_132024.SH_T099,2026-08-14,132024.SH,sell_then_buy,13:46:54,136.181,13:47:14,135.819,0.362,100,1000,sell,buy,maker_132024_v01_queue,queue,maker_queue_v1_0,1000.0,2000.0,2000.0,2000.0,2050.0,2050.0,2000,2000,2000,2000,1000,0,0,[],not_exactly_matched_needs_causal_execution_audit,[],[],null,null,null,causal_mode_in_review_required,unreviewed,unreviewed
2026-08-14_132024.SH_T100,2026-08-14,132024.SH,buy_then_sell,13:47:14,135.819,13:47:30,136.181,0.362,100,1000,buy,sell,maker_132024_v01_priority,priority,maker_priority_v1_33_candidate,1000.0,2000.0,1000.0,1000.0,145325.3,145325.3,1000,1000,1000,1000,1000,0,0,[],not_exactly_matched_needs_causal_execution_audit,[],[],null,null,"{""open_time"": ""13:45:02"", ""open_price"": 135.803, ""open_quantity_bonds"": 1000.0, ""close_time"": ""13:48:59"", ""close_price"": 136.097, ""close_quantity_bonds"": 1000.0, ""matched_quantity_bonds"": 1000.0, ""edge"": 0.294, ""gross_edge_cash"": 294.0}",economic_pair_cross_turn_600s_needs_path_review,unreviewed,unreviewed
2026-08-14_132024.SH_T100,2026-08-14,132024.SH,buy_then_sell,13:47:14,135.819,13:47:30,136.181,0.362,100,1000,buy,sell,maker_132024_v01_queue,queue,maker_queue_v1_0,1000.0,2000.0,2000.0,2000.0,2050.0,2050.0,0,0,0,0,1000,0,0,[],not_exactly_matched_needs_causal_execution_audit,[],[],null,null,null,opening_inventory_or_cash_capacity_blocked,unreviewed,unreviewed
2026-08-14_132024.SH_T101,2026-08-14,132024.SH,sell_then_buy,13:47:30,136.181,13:47:52,135.811,0.37,100,1000,sell,buy,maker_132024_v01_priority,priority,maker_priority_v1_33_candidate,1000.0,2000.0,1000.0,1000.0,145325.3,145325.3,1000,1000,1000,1000,1000,0,0,[],best_pair_close_leg_matched_only,[],"[{""order_id"": 670, ""strategy_id"": ""maker_132024_v01_priority"", ""model_id"": ""maker_priority_v1_33_candidate"", ""market_time"": ""13:47:53"", ""side"": ""buy"", ""price"": 135.811, ""quantity_bonds"": 1000.0, ""fill_reason"": ""passive_buy"", ""inventory_after_bonds"": 2000.0, ""reference_tick_id"": 83851, ""crossed_book_residual_price"": 0.0, ""crossed_book_residual_bonds"": 0.0}]",null,"{""open_time"": ""13:45:32"", ""open_price"": 136.251, ""open_quantity_bonds"": 1000.0, ""close_time"": ""13:47:53"", ""close_price"": 135.811, ""close_quantity_bonds"": 1000.0, ""matched_quantity_bonds"": 1000.0, ""edge"": 0.44, ""gross_edge_cash"": 440.0}","{""open_time"": ""13:38:56"", ""open_price"": 136.385, ""open_quantity_bonds"": 1000.0, ""close_time"": ""13:47:53"", ""close_price"": 135.811, ""close_quantity_bonds"": 1000.0, ""matched_quantity_bonds"": 1000.0, ""edge"": 0.574, ""gross_edge_cash"": 574.0}",economic_pair_nearby_needs_cross_turn_review,unreviewed,unreviewed
2026-08-14_132024.SH_T101,2026-08-14,132024.SH,sell_then_buy,13:47:30,136.181,13:47:52,135.811,0.37,100,1000,sell,buy,maker_132024_v01_queue,queue,maker_queue_v1_0,1000.0,2000.0,2000.0,2000.0,2050.0,2050.0,2000,2000,2000,2000,1000,0,0,[],not_exactly_matched_needs_causal_execution_audit,[],[],null,null,null,causal_mode_in_review_required,unreviewed,unreviewed
2026-08-14_132024.SH_T102,2026-08-14,132024.SH,buy_then_sell,13:47:52,135.811,13:51:20,136.099,0.288,100,1000,buy,sell,maker_132024_v01_priority,priority,maker_priority_v1_33_candidate,1000.0,2000.0,1000.0,1000.0,145325.3,145325.3,1000,1000,1000,1000,1000,1,1,"[{""order_id"": 670, ""kind"": ""low_bid_reversion"", ""limit_price"": 135.811, ""quantity_bonds"": 1000.0, ""filled_quantity_bonds"": 1000.0, ""created_market_time"": ""13:47:50"", ""updated_market_time"": ""13:47:53"", ""status"": ""filled"", ""cancel_reason"": null, ""initial_queue_ahead_bonds"": 0.0, ""final_queue_ahead_bonds"": 0.0, ""created_same_second_as_tape"": false}]",best_pair_open_leg_matched_only,"[{""order_id"": 670, ""strategy_id"": ""maker_132024_v01_priority"", ""model_id"": ""maker_priority_v1_33_candidate"", ""market_time"": ""13:47:53"", ""side"": ""buy"", ""price"": 135.811, ""quantity_bonds"": 1000.0, ""fill_reason"": ""passive_buy"", ""inventory_after_bonds"": 2000.0, ""reference_tick_id"": 83851, ""crossed_book_residual_price"": 0.0, ""crossed_book_residual_bonds"": 0.0}]",[],"{""open_time"": ""13:47:53"", ""open_price"": 135.811, ""open_quantity_bonds"": 1000.0, ""close_time"": ""13:48:59"", ""close_price"": 136.097, ""close_quantity_bonds"": 1000.0, ""matched_quantity_bonds"": 1000.0, ""edge"": 0.286, ""gross_edge_cash"": 286.0}","{""open_time"": ""13:47:53"", ""open_price"": 135.811, ""open_quantity_bonds"": 1000.0, ""close_time"": ""13:48:59"", ""close_price"": 136.097, ""close_quantity_bonds"": 1000.0, ""matched_quantity_bonds"": 1000.0, ""edge"": 0.286, ""gross_edge_cash"": 286.0}","{""open_time"": ""13:45:02"", ""open_price"": 135.803, ""open_quantity_bonds"": 1000.0, ""close_time"": ""13:48:59"", ""close_price"": 136.097, ""close_quantity_bonds"": 1000.0, ""matched_quantity_bonds"": 1000.0, ""edge"": 0.294, ""gross_edge_cash"": 294.0}",economic_pair_within_turn_needs_overlap_review,unreviewed,unreviewed
2026-08-14_132024.SH_T102,2026-08-14,132024.SH,buy_then_sell,13:47:52,135.811,13:51:20,136.099,0.288,100,1000,buy,sell,maker_132024_v01_queue,queue,maker_queue_v1_0,1000.0,2000.0,2000.0,2000.0,2050.0,2050.0,0,0,0,0,1000,0,0,[],not_exactly_matched_needs_causal_execution_audit,[],[],null,null,null,opening_inventory_or_cash_capacity_blocked,unreviewed,unreviewed
2026-08-14_132024.SH_T103,2026-08-14,132024.SH,sell_then_buy,13:51:20,136.099,13:52:45,135.811,0.288,100,1000,sell,buy,maker_132024_v01_priority,priority,maker_priority_v1_33_candidate,1000.0,2000.0,1000.0,1000.0,145611.3,145611.3,1000,1000,1000,1000,1000,0,0,[],best_pair_close_leg_matched_only,[],"[{""order_id"": 676, ""strategy_id"": ""maker_132024_v01_priority"", ""model_id"": ""maker_priority_v1_33_candidate"", ""market_time"": ""13:52:47"", ""side"": ""buy"", ""price"": 135.812, ""quantity_bonds"": 1000.0, ""fill_reason"": ""passive_buy"", ""inventory_after_bonds"": 2000.0, ""reference_tick_id"": 84009, ""crossed_book_residual_price"": 0.0, ""crossed_book_residual_bonds"": 0.0}]",null,null,"{""open_time"": ""13:45:32"", ""open_price"": 136.251, ""open_quantity_bonds"": 1000.0, ""close_time"": ""13:52:47"", ""close_price"": 135.812, ""close_quantity_bonds"": 1000.0, ""matched_quantity_bonds"": 1000.0, ""edge"": 0.439, ""gross_edge_cash"": 439.0}",economic_pair_cross_turn_600s_needs_path_review,unreviewed,unreviewed
2026-08-14_132024.SH_T103,2026-08-14,132024.SH,sell_then_buy,13:51:20,136.099,13:52:45,135.811,0.288,100,1000,sell,buy,maker_132024_v01_queue,queue,maker_queue_v1_0,1000.0,2000.0,2000.0,2000.0,2050.0,2050.0,2000,2000,2000,2000,1000,0,0,[],not_exactly_matched_needs_causal_execution_audit,[],[],null,null,null,causal_mode_in_review_required,unreviewed,unreviewed
2026-08-14_132024.SH_T104,2026-08-14,132024.SH,buy_then_sell,13:52:45,135.811,13:55:20,135.975,0.164,100,1000,buy,sell,maker_132024_v01_priority,priority,maker_priority_v1_33_candidate,1000.0,2000.0,1000.0,1000.0,145611.3,145611.3,1000,1000,1000,1000,1000,1,1,"[{""order_id"": 676, ""kind"": ""low_bid_reversion"", ""limit_price"": 135.812, ""quantity_bonds"": 1000.0, ""filled_quantity_bonds"": 1000.0, ""created_market_time"": ""13:51:53"", ""updated_market_time"": ""13:52:47"", ""status"": ""filled"", ""cancel_reason"": null, ""initial_queue_ahead_bonds"": 0.0, ""final_queue_ahead_bonds"": 0.0, ""created_same_second_as_tape"": false}]",best_pair_both_legs_matched,"[{""order_id"": 676, ""strategy_id"": ""maker_132024_v01_priority"", ""model_id"": ""maker_priority_v1_33_candidate"", ""market_time"": ""13:52:47"", ""side"": ""buy"", ""price"": 135.812, ""quantity_bonds"": 1000.0, ""fill_reason"": ""passive_buy"", ""inventory_after_bonds"": 2000.0, ""reference_tick_id"": 84009, ""crossed_book_residual_price"": 0.0, ""crossed_book_residual_bonds"": 0.0}]","[{""order_id"": 678, ""strategy_id"": ""maker_132024_v01_priority"", ""model_id"": ""maker_priority_v1_33_candidate"", ""market_time"": ""13:55:20"", ""side"": ""sell"", ""price"": 135.974, ""quantity_bonds"": 1000.0, ""fill_reason"": ""passive_sell"", ""inventory_after_bonds"": 1000.0, ""reference_tick_id"": 84106, ""crossed_book_residual_price"": 0.0, ""crossed_book_residual_bonds"": 0.0}]","{""open_time"": ""13:52:47"", ""open_price"": 135.812, ""open_quantity_bonds"": 1000.0, ""close_time"": ""13:55:20"", ""close_price"": 135.974, ""close_quantity_bonds"": 1000.0, ""matched_quantity_bonds"": 1000.0, ""edge"": 0.162, ""gross_edge_cash"": 162.0}","{""open_time"": ""13:52:47"", ""open_price"": 135.812, ""open_quantity_bonds"": 1000.0, ""close_time"": ""13:55:20"", ""close_price"": 135.974, ""close_quantity_bonds"": 1000.0, ""matched_quantity_bonds"": 1000.0, ""edge"": 0.162, ""gross_edge_cash"": 162.0}","{""open_time"": ""13:45:02"", ""open_price"": 135.803, ""open_quantity_bonds"": 1000.0, ""close_time"": ""14:01:56"", ""close_price"": 136.297, ""close_quantity_bonds"": 1000.0, ""matched_quantity_bonds"": 1000.0, ""edge"": 0.494, ""gross_edge_cash"": 494.0}",exact_best_pair_capture,unreviewed,unreviewed
2026-08-14_132024.SH_T104,2026-08-14,132024.SH,buy_then_sell,13:52:45,135.811,13:55:20,135.975,0.164,100,1000,buy,sell,maker_132024_v01_queue,queue,maker_queue_v1_0,1000.0,2000.0,2000.0,2000.0,2050.0,2050.0,0,0,0,0,1000,0,0,[],not_exactly_matched_needs_causal_execution_audit,[],[],null,null,null,opening_inventory_or_cash_capacity_blocked,unreviewed,unreviewed
2026-08-14_132024.SH_T105,2026-08-14,132024.SH,sell_then_buy,13:55:20,135.975,13:55:36,135.901,0.074,100,1000,sell,buy,maker_132024_v01_priority,priority,maker_priority_v1_33_candidate,1000.0,2000.0,2000.0,1000.0,9799.3,145773.3,2000,1000,1000,2000,1000,1,1,"[{""order_id"": 678, ""kind"": ""inventory_exit"", ""limit_price"": 135.974, ""quantity_bonds"": 1000.0, ""filled_quantity_bonds"": 1000.0, ""created_market_time"": ""13:54:14"", ""updated_market_time"": ""13:55:20"", ""status"": ""filled"", ""cancel_reason"": null, ""initial_queue_ahead_bonds"": 0.0, ""final_queue_ahead_bonds"": 0.0, ""created_same_second_as_tape"": false}]",best_pair_open_leg_matched_only,"[{""order_id"": 678, ""strategy_id"": ""maker_132024_v01_priority"", ""model_id"": ""maker_priority_v1_33_candidate"", ""market_time"": ""13:55:20"", ""side"": ""sell"", ""price"": 135.974, ""quantity_bonds"": 1000.0, ""fill_reason"": ""passive_sell"", ""inventory_after_bonds"": 1000.0, ""reference_tick_id"": 84106, ""crossed_book_residual_price"": 0.0, ""crossed_book_residual_bonds"": 0.0}]",[],null,null,"{""open_time"": ""13:45:32"", ""open_price"": 136.251, ""open_quantity_bonds"": 1000.0, ""close_time"": ""14:01:29"", ""close_price"": 135.918, ""close_quantity_bonds"": 1000.0, ""matched_quantity_bonds"": 1000.0, ""edge"": 0.333, ""gross_edge_cash"": 333.0}",economic_pair_cross_turn_600s_needs_path_review,unreviewed,unreviewed
2026-08-14_132024.SH_T105,2026-08-14,132024.SH,sell_then_buy,13:55:20,135.975,13:55:36,135.901,0.074,100,1000,sell,buy,maker_132024_v01_queue,queue,maker_queue_v1_0,1000.0,2000.0,2000.0,2000.0,2050.0,2050.0,2000,2000,2000,2000,1000,0,0,[],not_exactly_matched_needs_causal_execution_audit,[],[],null,null,null,causal_mode_in_review_required,unreviewed,unreviewed
2026-08-14_132024.SH_T106,2026-08-14,132024.SH,buy_then_sell,13:55:36,135.901,13:56:54,136.099,0.198,100,1000,buy,sell,maker_132024_v01_priority,priority,maker_priority_v1_33_candidate,1000.0,2000.0,1000.0,1000.0,145773.3,145773.3,1000,1000,1000,1000,1000,0,0,[],not_exactly_matched_needs_causal_execution_audit,[],[],null,null,"{""open_time"": ""13:47:53"", ""open_price"": 135.811, ""open_quantity_bonds"": 1000.0, ""close_time"": ""14:01:56"", ""close_price"": 136.297, ""close_quantity_bonds"": 1000.0, ""matched_quantity_bonds"": 1000.0, ""edge"": 0.486, ""gross_edge_cash"": 486.0}",economic_pair_cross_turn_600s_needs_path_review,unreviewed,unreviewed
2026-08-14_132024.SH_T106,2026-08-14,132024.SH,buy_then_sell,13:55:36,135.901,13:56:54,136.099,0.198,100,1000,buy,sell,maker_132024_v01_queue,queue,maker_queue_v1_0,1000.0,2000.0,2000.0,2000.0,2050.0,2050.0,0,0,0,0,1000,0,0,[],not_exactly_matched_needs_causal_execution_audit,[],[],null,null,null,opening_inventory_or_cash_capacity_blocked,unreviewed,unreviewed
2026-08-14_132024.SH_T107,2026-08-14,132024.SH,sell_then_buy,13:56:54,136.099,13:57:41,135.911,0.188,100,1000,sell,buy,maker_132024_v01_priority,priority,maker_priority_v1_33_candidate,1000.0,2000.0,1000.0,1000.0,145773.3,145773.3,1000,1000,1000,1000,1000,0,0,[],not_exactly_matched_needs_causal_execution_audit,[],[],null,null,"{""open_time"": ""13:48:59"", ""open_price"": 136.097, ""open_quantity_bonds"": 1000.0, ""close_time"": ""14:01:29"", ""close_price"": 135.918, ""close_quantity_bonds"": 1000.0, ""matched_quantity_bonds"": 1000.0, ""edge"": 0.179, ""gross_edge_cash"": 179.0}",economic_pair_cross_turn_600s_needs_path_review,unreviewed,unreviewed
2026-08-14_132024.SH_T107,2026-08-14,132024.SH,sell_then_buy,13:56:54,136.099,13:57:41,135.911,0.188,100,1000,sell,buy,maker_132024_v01_queue,queue,maker_queue_v1_0,1000.0,2000.0,2000.0,2000.0,2050.0,2050.0,2000,2000,2000,2000,1000,0,0,[],not_exactly_matched_needs_causal_execution_audit,[],[],null,null,null,causal_mode_in_review_required,unreviewed,unreviewed
2026-08-14_132024.SH_T108,2026-08-14,132024.SH,buy_then_sell,13:57:41,135.911,13:58:50,136.059,0.148,100,1000,buy,sell,maker_132024_v01_priority,priority,maker_priority_v1_33_candidate,1000.0,2000.0,1000.0,1000.0,145773.3,145773.3,1000,1000,1000,1000,1000,0,0,[],not_exactly_matched_needs_causal_execution_audit,[],[],null,null,"{""open_time"": ""13:47:53"", ""open_price"": 135.811, ""open_quantity_bonds"": 1000.0, ""close_time"": ""14:01:56"", ""close_price"": 136.297, ""close_quantity_bonds"": 1000.0, ""matched_quantity_bonds"": 1000.0, ""edge"": 0.486, ""gross_edge_cash"": 486.0}",economic_pair_cross_turn_600s_needs_path_review,unreviewed,unreviewed
2026-08-14_132024.SH_T108,2026-08-14,132024.SH,buy_then_sell,13:57:41,135.911,13:58:50,136.059,0.148,100,1000,buy,sell,maker_132024_v01_queue,queue,maker_queue_v1_0,1000.0,2000.0,2000.0,2000.0,2050.0,2050.0,0,0,0,0,1000,0,0,[],not_exactly_matched_needs_causal_execution_audit,[],[],null,null,null,opening_inventory_or_cash_capacity_blocked,unreviewed,unreviewed
2026-08-14_132024.SH_T109,2026-08-14,132024.SH,sell_then_buy,13:58:50,136.059,13:59:27,135.917,0.142,100,1000,sell,buy,maker_132024_v01_priority,priority,maker_priority_v1_33_candidate,1000.0,2000.0,1000.0,1000.0,145773.3,145773.3,1000,1000,1000,1000,1000,0,0,[],not_exactly_matched_needs_causal_execution_audit,[],[],null,null,"{""open_time"": ""13:48:59"", ""open_price"": 136.097, ""open_quantity_bonds"": 1000.0, ""close_time"": ""14:01:29"", ""close_price"": 135.918, ""close_quantity_bonds"": 1000.0, ""matched_quantity_bonds"": 1000.0, ""edge"": 0.179, ""gross_edge_cash"": 179.0}",economic_pair_cross_turn_600s_needs_path_review,unreviewed,unreviewed
2026-08-14_132024.SH_T109,2026-08-14,132024.SH,sell_then_buy,13:58:50,136.059,13:59:27,135.917,0.142,100,1000,sell,buy,maker_132024_v01_queue,queue,maker_queue_v1_0,1000.0,2000.0,2000.0,2000.0,2050.0,2050.0,2000,2000,2000,2000,1000,0,0,[],not_exactly_matched_needs_causal_execution_audit,[],[],null,null,null,causal_mode_in_review_required,unreviewed,unreviewed
2026-08-14_132024.SH_T110,2026-08-14,132024.SH,buy_then_sell,13:59:27,135.917,14:01:20,136.298,0.381,100,1000,buy,sell,maker_132024_v01_priority,priority,maker_priority_v1_33_candidate,1000.0,2000.0,1000.0,1000.0,145773.3,145773.3,1000,1000,1000,1000,1000,0,0,[],not_exactly_matched_needs_causal_execution_audit,[],[],null,null,"{""open_time"": ""13:52:47"", ""open_price"": 135.812, ""open_quantity_bonds"": 1000.0, ""close_time"": ""14:01:56"", ""close_price"": 136.297, ""close_quantity_bonds"": 1000.0, ""matched_quantity_bonds"": 1000.0, ""edge"": 0.485, ""gross_edge_cash"": 485.0}",economic_pair_cross_turn_600s_needs_path_review,unreviewed,unreviewed
2026-08-14_132024.SH_T110,2026-08-14,132024.SH,buy_then_sell,13:59:27,135.917,14:01:20,136.298,0.381,100,1000,buy,sell,maker_132024_v01_queue,queue,maker_queue_v1_0,1000.0,2000.0,2000.0,2000.0,2050.0,2050.0,0,0,0,0,1000,0,0,[],not_exactly_matched_needs_causal_execution_audit,[],[],null,null,null,opening_inventory_or_cash_capacity_blocked,unreviewed,unreviewed
2026-08-14_132024.SH_T111,2026-08-14,132024.SH,sell_then_buy,14:01:20,136.298,14:01:26,135.917,0.381,100,1000,sell,buy,maker_132024_v01_priority,priority,maker_priority_v1_33_candidate,1000.0,2000.0,1000.0,1000.0,145773.3,145773.3,1000,1000,1000,1000,1000,0,0,[],best_pair_close_leg_matched_only,[],"[{""order_id"": 679, ""strategy_id"": ""maker_132024_v01_priority"", ""model_id"": ""maker_priority_v1_33_candidate"", ""market_time"": ""14:01:29"", ""side"": ""buy"", ""price"": 135.918, ""quantity_bonds"": 1000.0, ""fill_reason"": ""passive_buy"", ""inventory_after_bonds"": 2000.0, ""reference_tick_id"": 84331, ""crossed_book_residual_price"": 0.0, ""crossed_book_residual_bonds"": 0.0}]",null,null,"{""open_time"": ""13:55:20"", ""open_price"": 135.974, ""open_quantity_bonds"": 1000.0, ""close_time"": ""14:01:29"", ""close_price"": 135.918, ""close_quantity_bonds"": 1000.0, ""matched_quantity_bonds"": 1000.0, ""edge"": 0.056, ""gross_edge_cash"": 56.0}",economic_pair_cross_turn_600s_needs_path_review,unreviewed,unreviewed
2026-08-14_132024.SH_T111,2026-08-14,132024.SH,sell_then_buy,14:01:20,136.298,14:01:26,135.917,0.381,100,1000,sell,buy,maker_132024_v01_queue,queue,maker_queue_v1_0,1000.0,2000.0,2000.0,2000.0,2050.0,2050.0,2000,2000,2000,2000,1000,0,0,[],not_exactly_matched_needs_causal_execution_audit,[],[],null,null,null,causal_mode_in_review_required,unreviewed,unreviewed
2026-08-14_132024.SH_T112,2026-08-14,132024.SH,buy_then_sell,14:01:26,135.917,14:01:56,136.298,0.381,100,1000,buy,sell,maker_132024_v01_priority,priority,maker_priority_v1_33_candidate,1000.0,2000.0,1000.0,1000.0,145773.3,145773.3,1000,1000,1000,1000,1000,1,1,"[{""order_id"": 679, ""kind"": ""low_bid_reversion"", ""limit_price"": 135.918, ""quantity_bonds"": 1000.0, ""filled_quantity_bonds"": 1000.0, ""created_market_time"": ""14:01:05"", ""updated_market_time"": ""14:01:29"", ""status"": ""filled"", ""cancel_reason"": null, ""initial_queue_ahead_bonds"": 0.0, ""final_queue_ahead_bonds"": 0.0, ""created_same_second_as_tape"": false}]",best_pair_both_legs_matched,"[{""order_id"": 679, ""strategy_id"": ""maker_132024_v01_priority"", ""model_id"": ""maker_priority_v1_33_candidate"", ""market_time"": ""14:01:29"", ""side"": ""buy"", ""price"": 135.918, ""quantity_bonds"": 1000.0, ""fill_reason"": ""passive_buy"", ""inventory_after_bonds"": 2000.0, ""reference_tick_id"": 84331, ""crossed_book_residual_price"": 0.0, ""crossed_book_residual_bonds"": 0.0}]","[{""order_id"": 680, ""strategy_id"": ""maker_132024_v01_priority"", ""model_id"": ""maker_priority_v1_33_candidate"", ""market_time"": ""14:01:56"", ""side"": ""sell"", ""price"": 136.297, ""quantity_bonds"": 1000.0, ""fill_reason"": ""passive_sell"", ""inventory_after_bonds"": 1000.0, ""reference_tick_id"": 84347, ""crossed_book_residual_price"": 0.0, ""crossed_book_residual_bonds"": 0.0}]","{""open_time"": ""14:01:29"", ""open_price"": 135.918, ""open_quantity_bonds"": 1000.0, ""close_time"": ""14:01:56"", ""close_price"": 136.297, ""close_quantity_bonds"": 1000.0, ""matched_quantity_bonds"": 1000.0, ""edge"": 0.379, ""gross_edge_cash"": 379.0}","{""open_time"": ""14:01:29"", ""open_price"": 135.918, ""open_quantity_bonds"": 1000.0, ""close_time"": ""14:01:56"", ""close_price"": 136.297, ""close_quantity_bonds"": 1000.0, ""matched_quantity_bonds"": 1000.0, ""edge"": 0.379, ""gross_edge_cash"": 379.0}","{""open_time"": ""13:52:47"", ""open_price"": 135.812, ""open_quantity_bonds"": 1000.0, ""close_time"": ""14:01:56"", ""close_price"": 136.297, ""close_quantity_bonds"": 1000.0, ""matched_quantity_bonds"": 1000.0, ""edge"": 0.485, ""gross_edge_cash"": 485.0}",exact_best_pair_capture,unreviewed,unreviewed
2026-08-14_132024.SH_T112,2026-08-14,132024.SH,buy_then_sell,14:01:26,135.917,14:01:56,136.298,0.381,100,1000,buy,sell,maker_132024_v01_queue,queue,maker_queue_v1_0,1000.0,2000.0,2000.0,2000.0,2050.0,2050.0,0,0,0,0,1000,0,0,[],not_exactly_matched_needs_causal_execution_audit,[],[],null,null,null,opening_inventory_or_cash_capacity_blocked,unreviewed,unreviewed
2026-08-14_132024.SH_T113,2026-08-14,132024.SH,sell_then_buy,14:01:56,136.298,14:02:14,136.0,0.298,100,1000,sell,buy,maker_132024_v01_priority,priority,maker_priority_v1_33_candidate,1000.0,2000.0,2000.0,1000.0,9855.3,146152.3,2000,1000,1000,2000,1000,3,1,"[{""order_id"": 680, ""kind"": ""inventory_exit"", ""limit_price"": 136.297, ""quantity_bonds"": 1000.0, ""filled_quantity_bonds"": 1000.0, ""created_market_time"": ""14:01:29"", ""updated_market_time"": ""14:01:56"", ""status"": ""filled"", ""cancel_reason"": null, ""initial_queue_ahead_bonds"": 0.0, ""final_queue_ahead_bonds"": 0.0, ""created_same_second_as_tape"": false}, {""order_id"": 682, ""kind"": ""inventory_exit"", ""limit_price"": 136.297, ""quantity_bonds"": 190.0, ""filled_quantity_bonds"": 190.0, ""created_market_time"": ""14:01:56"", ""updated_market_time"": ""14:02:08"", ""status"": ""filled"", ""cancel_reason"": null, ""initial_queue_ahead_bonds"": 0.0, ""final_queue_ahead_bonds"": 0.0, ""created_same_second_as_tape"": true}, {""order_id"": 683, ""kind"": ""inventory_exit"", ""limit_price"": 136.297, ""quantity_bonds"": 810.0, ""filled_quantity_bonds"": 810.0, ""created_market_time"": ""14:01:56"", ""updated_market_time"": ""14:02:08"", ""status"": ""filled"", ""cancel_reason"": null, ""initial_queue_ahead_bonds"": 0.0, ""final_queue_ahead_bonds"": 0.0, ""created_same_second_as_tape"": true}]",best_pair_both_legs_matched,"[{""order_id"": 680, ""strategy_id"": ""maker_132024_v01_priority"", ""model_id"": ""maker_priority_v1_33_candidate"", ""market_time"": ""14:01:56"", ""side"": ""sell"", ""price"": 136.297, ""quantity_bonds"": 1000.0, ""fill_reason"": ""passive_sell"", ""inventory_after_bonds"": 1000.0, ""reference_tick_id"": 84347, ""crossed_book_residual_price"": 0.0, ""crossed_book_residual_bonds"": 0.0}]","[{""order_id"": 684, ""strategy_id"": ""maker_132024_v01_priority"", ""model_id"": ""maker_priority_v1_33_candidate"", ""market_time"": ""14:02:14"", ""side"": ""buy"", ""price"": 136.001, ""quantity_bonds"": 1000.0, ""fill_reason"": ""passive_buy"", ""inventory_after_bonds"": 1000.0, ""reference_tick_id"": 84359, ""crossed_book_residual_price"": 0.0, ""crossed_book_residual_bonds"": 0.0}]","{""open_time"": ""14:01:56"", ""open_price"": 136.297, ""open_quantity_bonds"": 1000.0, ""close_time"": ""14:02:14"", ""close_price"": 136.001, ""close_quantity_bonds"": 1000.0, ""matched_quantity_bonds"": 1000.0, ""edge"": 0.296, ""gross_edge_cash"": 296.0}","{""open_time"": ""14:01:56"", ""open_price"": 136.297, ""open_quantity_bonds"": 1000.0, ""close_time"": ""14:02:14"", ""close_price"": 136.001, ""close_quantity_bonds"": 1000.0, ""matched_quantity_bonds"": 1000.0, ""edge"": 0.296, ""gross_edge_cash"": 296.0}","{""open_time"": ""14:01:56"", ""open_price"": 136.297, ""open_quantity_bonds"": 1000.0, ""close_time"": ""14:02:14"", ""close_price"": 136.001, ""close_quantity_bonds"": 1000.0, ""matched_quantity_bonds"": 1000.0, ""edge"": 0.296, ""gross_edge_cash"": 296.0}",exact_best_pair_capture,unreviewed,unreviewed
2026-08-14_132024.SH_T113,2026-08-14,132024.SH,sell_then_buy,14:01:56,136.298,14:02:14,136.0,0.298,100,1000,sell,buy,maker_132024_v01_queue,queue,maker_queue_v1_0,1000.0,2000.0,2000.0,2000.0,2050.0,2050.0,2000,2000,2000,2000,1000,0,0,[],not_exactly_matched_needs_causal_execution_audit,[],[],null,null,null,causal_mode_in_review_required,unreviewed,unreviewed
2026-08-14_132024.SH_T114,2026-08-14,132024.SH,buy_then_sell,14:02:14,136.0,14:02:56,136.289,0.289,100,1000,buy,sell,maker_132024_v01_priority,priority,maker_priority_v1_33_candidate,1000.0,2000.0,0.0,1000.0,282449.3,146448.3,2000,1000,1000,2000,1000,1,1,"[{""order_id"": 684, ""kind"": ""inventory_replenish"", ""limit_price"": 136.001, ""quantity_bonds"": 1000.0, ""filled_quantity_bonds"": 1000.0, ""created_market_time"": ""14:02:08"", ""updated_market_time"": ""14:02:14"", ""status"": ""filled"", ""cancel_reason"": null, ""initial_queue_ahead_bonds"": 0.0, ""final_queue_ahead_bonds"": 0.0, ""created_same_second_as_tape"": false}]",best_pair_open_leg_matched_only,"[{""order_id"": 684, ""strategy_id"": ""maker_132024_v01_priority"", ""model_id"": ""maker_priority_v1_33_candidate"", ""market_time"": ""14:02:14"", ""side"": ""buy"", ""price"": 136.001, ""quantity_bonds"": 1000.0, ""fill_reason"": ""passive_buy"", ""inventory_after_bonds"": 1000.0, ""reference_tick_id"": 84359, ""crossed_book_residual_price"": 0.0, ""crossed_book_residual_bonds"": 0.0}]",[],null,null,"{""open_time"": ""13:52:47"", ""open_price"": 135.812, ""open_quantity_bonds"": 1000.0, ""close_time"": ""14:11:08"", ""close_price"": 136.297, ""close_quantity_bonds"": 1000.0, ""matched_quantity_bonds"": 1000.0, ""edge"": 0.485, ""gross_edge_cash"": 485.0}",economic_pair_cross_turn_600s_needs_path_review,unreviewed,unreviewed
2026-08-14_132024.SH_T114,2026-08-14,132024.SH,buy_then_sell,14:02:14,136.0,14:02:56,136.289,0.289,100,1000,buy,sell,maker_132024_v01_queue,queue,maker_queue_v1_0,1000.0,2000.0,2000.0,2000.0,2050.0,2050.0,0,0,0,0,1000,0,0,[],not_exactly_matched_needs_causal_execution_audit,[],[],null,null,null,opening_inventory_or_cash_capacity_blocked,unreviewed,unreviewed
2026-08-14_132024.SH_T115,2026-08-14,132024.SH,sell_then_buy,14:02:56,136.289,14:03:15,136.001,0.288,200,1000,sell,buy,maker_132024_v01_priority,priority,maker_priority_v1_33_candidate,1000.0,2000.0,1000.0,1000.0,146448.3,146448.3,1000,1000,1000,1000,1000,0,0,[],not_exactly_matched_needs_causal_execution_audit,[],[],null,null,"{""open_time"": ""14:01:56"", ""open_price"": 136.297, ""open_quantity_bonds"": 1000.0, ""close_time"": ""14:13:47"", ""close_price"": 135.959, ""close_quantity_bonds"": 1000.0, ""matched_quantity_bonds"": 1000.0, ""edge"": 0.338, ""gross_edge_cash"": 338.0}",economic_pair_cross_turn_600s_needs_path_review,unreviewed,unreviewed
2026-08-14_132024.SH_T115,2026-08-14,132024.SH,sell_then_buy,14:02:56,136.289,14:03:15,136.001,0.288,200,1000,sell,buy,maker_132024_v01_queue,queue,maker_queue_v1_0,1000.0,2000.0,2000.0,2000.0,2050.0,2050.0,2000,2000,2000,2000,1000,0,0,[],not_exactly_matched_needs_causal_execution_audit,[],[],null,null,null,causal_mode_in_review_required,unreviewed,unreviewed
2026-08-14_132024.SH_T116,2026-08-14,132024.SH,buy_then_sell,14:03:15,136.001,14:04:22,136.199,0.198,100,1000,buy,sell,maker_132024_v01_priority,priority,maker_priority_v1_33_candidate,1000.0,2000.0,1000.0,1000.0,146448.3,146448.3,1000,1000,1000,1000,1000,0,0,[],not_exactly_matched_needs_causal_execution_audit,[],[],null,null,"{""open_time"": ""14:01:29"", ""open_price"": 135.918, ""open_quantity_bonds"": 1000.0, ""close_time"": ""14:11:08"", ""close_price"": 136.297, ""close_quantity_bonds"": 1000.0, ""matched_quantity_bonds"": 1000.0, ""edge"": 0.379, ""gross_edge_cash"": 379.0}",economic_pair_cross_turn_600s_needs_path_review,unreviewed,unreviewed
2026-08-14_132024.SH_T116,2026-08-14,132024.SH,buy_then_sell,14:03:15,136.001,14:04:22,136.199,0.198,100,1000,buy,sell,maker_132024_v01_queue,queue,maker_queue_v1_0,1000.0,2000.0,2000.0,2000.0,2050.0,2050.0,0,0,0,0,1000,0,0,[],not_exactly_matched_needs_causal_execution_audit,[],[],null,null,null,opening_inventory_or_cash_capacity_blocked,unreviewed,unreviewed
2026-08-14_132024.SH_T117,2026-08-14,132024.SH,sell_then_buy,14:04:22,136.199,14:05:59,136.003,0.196,100,1000,sell,buy,maker_132024_v01_priority,priority,maker_priority_v1_33_candidate,1000.0,2000.0,1000.0,1000.0,146448.3,146448.3,1000,1000,1000,1000,1000,0,0,[],not_exactly_matched_needs_causal_execution_audit,[],[],null,null,"{""open_time"": ""14:01:56"", ""open_price"": 136.297, ""open_quantity_bonds"": 1000.0, ""close_time"": ""14:13:47"", ""close_price"": 135.959, ""close_quantity_bonds"": 1000.0, ""matched_quantity_bonds"": 1000.0, ""edge"": 0.338, ""gross_edge_cash"": 338.0}",economic_pair_cross_turn_600s_needs_path_review,unreviewed,unreviewed
2026-08-14_132024.SH_T117,2026-08-14,132024.SH,sell_then_buy,14:04:22,136.199,14:05:59,136.003,0.196,100,1000,sell,buy,maker_132024_v01_queue,queue,maker_queue_v1_0,1000.0,2000.0,2000.0,2000.0,2050.0,2050.0,2000,2000,2000,2000,1000,0,0,[],not_exactly_matched_needs_causal_execution_audit,[],[],null,null,null,causal_mode_in_review_required,unreviewed,unreviewed
2026-08-14_132024.SH_T118,2026-08-14,132024.SH,buy_then_sell,14:05:59,136.003,14:06:37,136.199,0.196,100,1000,buy,sell,maker_132024_v01_priority,priority,maker_priority_v1_33_candidate,1000.0,2000.0,1000.0,1000.0,146448.3,146448.3,1000,1000,1000,1000,1000,0,0,[],not_exactly_matched_needs_causal_execution_audit,[],[],null,null,"{""open_time"": ""14:01:29"", ""open_price"": 135.918, ""open_quantity_bonds"": 1000.0, ""close_time"": ""14:11:08"", ""close_price"": 136.297, ""close_quantity_bonds"": 1000.0, ""matched_quantity_bonds"": 1000.0, ""edge"": 0.379, ""gross_edge_cash"": 379.0}",economic_pair_cross_turn_600s_needs_path_review,unreviewed,unreviewed
2026-08-14_132024.SH_T118,2026-08-14,132024.SH,buy_then_sell,14:05:59,136.003,14:06:37,136.199,0.196,100,1000,buy,sell,maker_132024_v01_queue,queue,maker_queue_v1_0,1000.0,2000.0,2000.0,2000.0,2050.0,2050.0,0,0,0,0,1000,0,0,[],not_exactly_matched_needs_causal_execution_audit,[],[],null,null,null,opening_inventory_or_cash_capacity_blocked,unreviewed,unreviewed
2026-08-14_132024.SH_T119,2026-08-14,132024.SH,sell_then_buy,14:06:37,136.199,14:07:07,136.005,0.194,100,1000,sell,buy,maker_132024_v01_priority,priority,maker_priority_v1_33_candidate,1000.0,2000.0,1000.0,1000.0,146448.3,146448.3,1000,1000,1000,1000,1000,0,0,[],not_exactly_matched_needs_causal_execution_audit,[],[],null,null,"{""open_time"": ""14:01:56"", ""open_price"": 136.297, ""open_quantity_bonds"": 1000.0, ""close_time"": ""14:13:47"", ""close_price"": 135.959, ""close_quantity_bonds"": 1000.0, ""matched_quantity_bonds"": 1000.0, ""edge"": 0.338, ""gross_edge_cash"": 338.0}",economic_pair_cross_turn_600s_needs_path_review,unreviewed,unreviewed
2026-08-14_132024.SH_T119,2026-08-14,132024.SH,sell_then_buy,14:06:37,136.199,14:07:07,136.005,0.194,100,1000,sell,buy,maker_132024_v01_queue,queue,maker_queue_v1_0,1000.0,2000.0,2000.0,2000.0,2050.0,2050.0,2000,2000,2000,2000,1000,0,0,[],not_exactly_matched_needs_causal_execution_audit,[],[],null,null,null,causal_mode_in_review_required,unreviewed,unreviewed
2026-08-14_132024.SH_T120,2026-08-14,132024.SH,buy_then_sell,14:07:07,136.005,14:07:48,136.191,0.186,100,1000,buy,sell,maker_132024_v01_priority,priority,maker_priority_v1_33_candidate,1000.0,2000.0,1000.0,1000.0,146448.3,146448.3,1000,1000,1000,1000,1000,0,0,[],not_exactly_matched_needs_causal_execution_audit,[],[],null,null,"{""open_time"": ""14:01:29"", ""open_price"": 135.918, ""open_quantity_bonds"": 1000.0, ""close_time"": ""14:11:08"", ""close_price"": 136.297, ""close_quantity_bonds"": 1000.0, ""matched_quantity_bonds"": 1000.0, ""edge"": 0.379, ""gross_edge_cash"": 379.0}",economic_pair_cross_turn_600s_needs_path_review,unreviewed,unreviewed
2026-08-14_132024.SH_T120,2026-08-14,132024.SH,buy_then_sell,14:07:07,136.005,14:07:48,136.191,0.186,100,1000,buy,sell,maker_132024_v01_queue,queue,maker_queue_v1_0,1000.0,2000.0,2000.0,2000.0,2050.0,2050.0,0,0,0,0,1000,0,0,[],not_exactly_matched_needs_causal_execution_audit,[],[],null,null,null,opening_inventory_or_cash_capacity_blocked,unreviewed,unreviewed
2026-08-14_132024.SH_T121,2026-08-14,132024.SH,sell_then_buy,14:07:48,136.191,14:08:07,136.005,0.186,100,1000,sell,buy,maker_132024_v01_priority,priority,maker_priority_v1_33_candidate,1000.0,2000.0,1000.0,1000.0,146448.3,146448.3,1000,1000,1000,1000,1000,0,0,[],not_exactly_matched_needs_causal_execution_audit,[],[],null,null,"{""open_time"": ""14:01:56"", ""open_price"": 136.297, ""open_quantity_bonds"": 1000.0, ""close_time"": ""14:13:47"", ""close_price"": 135.959, ""close_quantity_bonds"": 1000.0, ""matched_quantity_bonds"": 1000.0, ""edge"": 0.338, ""gross_edge_cash"": 338.0}",economic_pair_cross_turn_600s_needs_path_review,unreviewed,unreviewed
2026-08-14_132024.SH_T121,2026-08-14,132024.SH,sell_then_buy,14:07:48,136.191,14:08:07,136.005,0.186,100,1000,sell,buy,maker_132024_v01_queue,queue,maker_queue_v1_0,1000.0,2000.0,2000.0,2000.0,2050.0,2050.0,2000,2000,2000,2000,1000,0,0,[],not_exactly_matched_needs_causal_execution_audit,[],[],null,null,null,causal_mode_in_review_required,unreviewed,unreviewed
2026-08-14_132024.SH_T122,2026-08-14,132024.SH,buy_then_sell,14:08:07,136.005,14:08:37,136.291,0.286,100,1000,buy,sell,maker_132024_v01_priority,priority,maker_priority_v1_33_candidate,1000.0,2000.0,1000.0,1000.0,146448.3,146448.3,1000,1000,1000,1000,1000,0,0,[],not_exactly_matched_needs_causal_execution_audit,[],[],null,null,"{""open_time"": ""14:01:29"", ""open_price"": 135.918, ""open_quantity_bonds"": 1000.0, ""close_time"": ""14:11:08"", ""close_price"": 136.297, ""close_quantity_bonds"": 1000.0, ""matched_quantity_bonds"": 1000.0, ""edge"": 0.379, ""gross_edge_cash"": 379.0}",economic_pair_cross_turn_600s_needs_path_review,unreviewed,unreviewed
2026-08-14_132024.SH_T122,2026-08-14,132024.SH,buy_then_sell,14:08:07,136.005,14:08:37,136.291,0.286,100,1000,buy,sell,maker_132024_v01_queue,queue,maker_queue_v1_0,1000.0,2000.0,2000.0,2000.0,2050.0,2050.0,0,0,0,0,1000,0,0,[],not_exactly_matched_needs_causal_execution_audit,[],[],null,null,null,opening_inventory_or_cash_capacity_blocked,unreviewed,unreviewed
2026-08-14_132024.SH_T123,2026-08-14,132024.SH,sell_then_buy,14:08:37,136.291,14:08:38,136.01,0.281,100,1000,sell,buy,maker_132024_v01_priority,priority,maker_priority_v1_33_candidate,1000.0,2000.0,1000.0,1000.0,146448.3,146448.3,1000,1000,1000,1000,1000,0,0,[],not_exactly_matched_needs_causal_execution_audit,[],[],null,null,"{""open_time"": ""14:01:56"", ""open_price"": 136.297, ""open_quantity_bonds"": 1000.0, ""close_time"": ""14:13:47"", ""close_price"": 135.959, ""close_quantity_bonds"": 1000.0, ""matched_quantity_bonds"": 1000.0, ""edge"": 0.338, ""gross_edge_cash"": 338.0}",economic_pair_cross_turn_600s_needs_path_review,unreviewed,unreviewed
2026-08-14_132024.SH_T123,2026-08-14,132024.SH,sell_then_buy,14:08:37,136.291,14:08:38,136.01,0.281,100,1000,sell,buy,maker_132024_v01_queue,queue,maker_queue_v1_0,1000.0,2000.0,2000.0,2000.0,2050.0,2050.0,2000,2000,2000,2000,1000,0,0,[],not_exactly_matched_needs_causal_execution_audit,[],[],null,null,null,causal_mode_in_review_required,unreviewed,unreviewed
2026-08-14_132024.SH_T124,2026-08-14,132024.SH,buy_then_sell,14:08:38,136.01,14:08:53,136.299,0.289,100,1000,buy,sell,maker_132024_v01_priority,priority,maker_priority_v1_33_candidate,1000.0,2000.0,1000.0,1000.0,146448.3,146448.3,1000,1000,1000,1000,1000,1,0,"[{""order_id"": 698, ""kind"": ""low_bid_reversion"", ""limit_price"": 136.011, ""quantity_bonds"": 1000.0, ""filled_quantity_bonds"": 0.0, ""created_market_time"": ""14:08:38"", ""updated_market_time"": ""14:08:41"", ""status"": ""cancelled"", ""cancel_reason"": ""maker_reprice"", ""initial_queue_ahead_bonds"": 0.0, ""final_queue_ahead_bonds"": 0.0, ""created_same_second_as_tape"": true}]",not_exactly_matched_needs_causal_execution_audit,[],[],null,null,"{""open_time"": ""14:01:29"", ""open_price"": 135.918, ""open_quantity_bonds"": 1000.0, ""close_time"": ""14:11:08"", ""close_price"": 136.297, ""close_quantity_bonds"": 1000.0, ""matched_quantity_bonds"": 1000.0, ""edge"": 0.379, ""gross_edge_cash"": 379.0}",economic_pair_cross_turn_600s_needs_path_review,unreviewed,unreviewed
2026-08-14_132024.SH_T124,2026-08-14,132024.SH,buy_then_sell,14:08:38,136.01,14:08:53,136.299,0.289,100,1000,buy,sell,maker_132024_v01_queue,queue,maker_queue_v1_0,1000.0,2000.0,2000.0,2000.0,2050.0,2050.0,0,0,0,0,1000,0,0,[],not_exactly_matched_needs_causal_execution_audit,[],[],null,null,null,opening_inventory_or_cash_capacity_blocked,unreviewed,unreviewed
2026-08-14_132024.SH_T125,2026-08-14,132024.SH,sell_then_buy,14:08:53,136.299,14:09:55,136.013,0.286,100,1000,sell,buy,maker_132024_v01_priority,priority,maker_priority_v1_33_candidate,1000.0,2000.0,1000.0,1000.0,146448.3,146448.3,1000,1000,1000,1000,1000,0,0,[],best_pair_close_leg_matched_only,[],"[{""order_id"": 704, ""strategy_id"": ""maker_132024_v01_priority"", ""model_id"": ""maker_priority_v1_33_candidate"", ""market_time"": ""14:09:56"", ""side"": ""buy"", ""price"": 136.014, ""quantity_bonds"": 1000.0, ""fill_reason"": ""passive_buy"", ""inventory_after_bonds"": 2000.0, ""reference_tick_id"": 84707, ""crossed_book_residual_price"": 0.0, ""crossed_book_residual_bonds"": 0.0}]",null,null,"{""open_time"": ""14:01:56"", ""open_price"": 136.297, ""open_quantity_bonds"": 1000.0, ""close_time"": ""14:13:47"", ""close_price"": 135.959, ""close_quantity_bonds"": 1000.0, ""matched_quantity_bonds"": 1000.0, ""edge"": 0.338, ""gross_edge_cash"": 338.0}",economic_pair_cross_turn_600s_needs_path_review,unreviewed,unreviewed
2026-08-14_132024.SH_T125,2026-08-14,132024.SH,sell_then_buy,14:08:53,136.299,14:09:55,136.013,0.286,100,1000,sell,buy,maker_132024_v01_queue,queue,maker_queue_v1_0,1000.0,2000.0,2000.0,2000.0,2050.0,2050.0,2000,2000,2000,2000,1000,0,0,[],not_exactly_matched_needs_causal_execution_audit,[],[],null,null,null,causal_mode_in_review_required,unreviewed,unreviewed
2026-08-14_132024.SH_T126,2026-08-14,132024.SH,buy_then_sell,14:09:55,136.013,14:10:51,136.291,0.278,100,1000,buy,sell,maker_132024_v01_priority,priority,maker_priority_v1_33_candidate,1000.0,2000.0,1000.0,1000.0,146448.3,146448.3,1000,1000,1000,1000,1000,1,1,"[{""order_id"": 704, ""kind"": ""low_bid_reversion"", ""limit_price"": 136.014, ""quantity_bonds"": 1000.0, ""filled_quantity_bonds"": 1000.0, ""created_market_time"": ""14:09:29"", ""updated_market_time"": ""14:09:56"", ""status"": ""filled"", ""cancel_reason"": null, ""initial_queue_ahead_bonds"": 0.0, ""final_queue_ahead_bonds"": 0.0, ""created_same_second_as_tape"": false}]",best_pair_both_legs_matched,"[{""order_id"": 704, ""strategy_id"": ""maker_132024_v01_priority"", ""model_id"": ""maker_priority_v1_33_candidate"", ""market_time"": ""14:09:56"", ""side"": ""buy"", ""price"": 136.014, ""quantity_bonds"": 1000.0, ""fill_reason"": ""passive_buy"", ""inventory_after_bonds"": 2000.0, ""reference_tick_id"": 84707, ""crossed_book_residual_price"": 0.0, ""crossed_book_residual_bonds"": 0.0}]","[{""order_id"": 706, ""strategy_id"": ""maker_132024_v01_priority"", ""model_id"": ""maker_priority_v1_33_candidate"", ""market_time"": ""14:10:50"", ""side"": ""sell"", ""price"": 136.291, ""quantity_bonds"": 1000.0, ""fill_reason"": ""active_tight_spread_turnover"", ""inventory_after_bonds"": 1000.0, ""reference_tick_id"": 84747, ""crossed_book_residual_price"": 0.0, ""crossed_book_residual_bonds"": 0.0}]","{""open_time"": ""14:09:56"", ""open_price"": 136.014, ""open_quantity_bonds"": 1000.0, ""close_time"": ""14:10:50"", ""close_price"": 136.291, ""close_quantity_bonds"": 1000.0, ""matched_quantity_bonds"": 1000.0, ""edge"": 0.277, ""gross_edge_cash"": 277.0}","{""open_time"": ""14:09:56"", ""open_price"": 136.014, ""open_quantity_bonds"": 1000.0, ""close_time"": ""14:11:08"", ""close_price"": 136.297, ""close_quantity_bonds"": 1000.0, ""matched_quantity_bonds"": 1000.0, ""edge"": 0.283, ""gross_edge_cash"": 283.0}","{""open_time"": ""14:01:29"", ""open_price"": 135.918, ""open_quantity_bonds"": 1000.0, ""close_time"": ""14:11:08"", ""close_price"": 136.297, ""close_quantity_bonds"": 1000.0, ""matched_quantity_bonds"": 1000.0, ""edge"": 0.379, ""gross_edge_cash"": 379.0}",exact_best_pair_capture,unreviewed,unreviewed
2026-08-14_132024.SH_T126,2026-08-14,132024.SH,buy_then_sell,14:09:55,136.013,14:10:51,136.291,0.278,100,1000,buy,sell,maker_132024_v01_queue,queue,maker_queue_v1_0,1000.0,2000.0,2000.0,2000.0,2050.0,2050.0,0,0,0,0,1000,0,0,[],not_exactly_matched_needs_causal_execution_audit,[],[],null,null,null,opening_inventory_or_cash_capacity_blocked,unreviewed,unreviewed
2026-08-14_132024.SH_T127,2026-08-14,132024.SH,sell_then_buy,14:10:51,136.291,14:10:56,136.015,0.276,100,1000,sell,buy,maker_132024_v01_priority,priority,maker_priority_v1_33_candidate,1000.0,2000.0,1000.0,1000.0,146725.3,146725.3,1000,1000,1000,1000,1000,0,0,[],best_pair_both_legs_matched,"[{""order_id"": 706, ""strategy_id"": ""maker_132024_v01_priority"", ""model_id"": ""maker_priority_v1_33_candidate"", ""market_time"": ""14:10:50"", ""side"": ""sell"", ""price"": 136.291, ""quantity_bonds"": 1000.0, ""fill_reason"": ""active_tight_spread_turnover"", ""inventory_after_bonds"": 1000.0, ""reference_tick_id"": 84747, ""crossed_book_residual_price"": 0.0, ""crossed_book_residual_bonds"": 0.0}]","[{""order_id"": 708, ""strategy_id"": ""maker_132024_v01_priority"", ""model_id"": ""maker_priority_v1_33_candidate"", ""market_time"": ""14:10:56"", ""side"": ""buy"", ""price"": 136.016, ""quantity_bonds"": 1000.0, ""fill_reason"": ""passive_buy"", ""inventory_after_bonds"": 2000.0, ""reference_tick_id"": 84753, ""crossed_book_residual_price"": 0.0, ""crossed_book_residual_bonds"": 0.0}]",null,"{""open_time"": ""14:10:50"", ""open_price"": 136.291, ""open_quantity_bonds"": 1000.0, ""close_time"": ""14:10:56"", ""close_price"": 136.016, ""close_quantity_bonds"": 1000.0, ""matched_quantity_bonds"": 1000.0, ""edge"": 0.275, ""gross_edge_cash"": 275.0}","{""open_time"": ""14:01:56"", ""open_price"": 136.297, ""open_quantity_bonds"": 1000.0, ""close_time"": ""14:13:47"", ""close_price"": 135.959, ""close_quantity_bonds"": 1000.0, ""matched_quantity_bonds"": 1000.0, ""edge"": 0.338, ""gross_edge_cash"": 338.0}",exact_best_pair_capture,unreviewed,unreviewed
2026-08-14_132024.SH_T127,2026-08-14,132024.SH,sell_then_buy,14:10:51,136.291,14:10:56,136.015,0.276,100,1000,sell,buy,maker_132024_v01_queue,queue,maker_queue_v1_0,1000.0,2000.0,2000.0,2000.0,2050.0,2050.0,2000,2000,2000,2000,1000,0,0,[],not_exactly_matched_needs_causal_execution_audit,[],[],null,null,null,causal_mode_in_review_required,unreviewed,unreviewed
2026-08-14_132024.SH_T128,2026-08-14,132024.SH,buy_then_sell,14:10:56,136.015,14:11:08,136.298,0.283,100,1000,buy,sell,maker_132024_v01_priority,priority,maker_priority_v1_33_candidate,1000.0,2000.0,1000.0,2000.0,146725.3,10709.3,1000,0,0,1000,1000,1,1,"[{""order_id"": 708, ""kind"": ""low_bid_reversion"", ""limit_price"": 136.016, ""quantity_bonds"": 1000.0, ""filled_quantity_bonds"": 1000.0, ""created_market_time"": ""14:10:53"", ""updated_market_time"": ""14:10:56"", ""status"": ""filled"", ""cancel_reason"": null, ""initial_queue_ahead_bonds"": 0.0, ""final_queue_ahead_bonds"": 0.0, ""created_same_second_as_tape"": false}]",best_pair_both_legs_matched,"[{""order_id"": 708, ""strategy_id"": ""maker_132024_v01_priority"", ""model_id"": ""maker_priority_v1_33_candidate"", ""market_time"": ""14:10:56"", ""side"": ""buy"", ""price"": 136.016, ""quantity_bonds"": 1000.0, ""fill_reason"": ""passive_buy"", ""inventory_after_bonds"": 2000.0, ""reference_tick_id"": 84753, ""crossed_book_residual_price"": 0.0, ""crossed_book_residual_bonds"": 0.0}]","[{""order_id"": 709, ""strategy_id"": ""maker_132024_v01_priority"", ""model_id"": ""maker_priority_v1_33_candidate"", ""market_time"": ""14:11:08"", ""side"": ""sell"", ""price"": 136.297, ""quantity_bonds"": 1000.0, ""fill_reason"": ""passive_sell"", ""inventory_after_bonds"": 1000.0, ""reference_tick_id"": 84760, ""crossed_book_residual_price"": 0.0, ""crossed_book_residual_bonds"": 0.0}]","{""open_time"": ""14:10:56"", ""open_price"": 136.016, ""open_quantity_bonds"": 1000.0, ""close_time"": ""14:11:08"", ""close_price"": 136.297, ""close_quantity_bonds"": 1000.0, ""matched_quantity_bonds"": 1000.0, ""edge"": 0.281, ""gross_edge_cash"": 281.0}","{""open_time"": ""14:09:56"", ""open_price"": 136.014, ""open_quantity_bonds"": 1000.0, ""close_time"": ""14:11:08"", ""close_price"": 136.297, ""close_quantity_bonds"": 1000.0, ""matched_quantity_bonds"": 1000.0, ""edge"": 0.283, ""gross_edge_cash"": 283.0}","{""open_time"": ""14:01:29"", ""open_price"": 135.918, ""open_quantity_bonds"": 1000.0, ""close_time"": ""14:11:08"", ""close_price"": 136.297, ""close_quantity_bonds"": 1000.0, ""matched_quantity_bonds"": 1000.0, ""edge"": 0.379, ""gross_edge_cash"": 379.0}",exact_best_pair_capture,unreviewed,unreviewed
2026-08-14_132024.SH_T128,2026-08-14,132024.SH,buy_then_sell,14:10:56,136.015,14:11:08,136.298,0.283,100,1000,buy,sell,maker_132024_v01_queue,queue,maker_queue_v1_0,1000.0,2000.0,2000.0,2000.0,2050.0,2050.0,0,0,0,0,1000,0,0,[],not_exactly_matched_needs_causal_execution_audit,[],[],null,null,null,opening_inventory_or_cash_capacity_blocked,unreviewed,unreviewed
2026-08-14_132024.SH_T129,2026-08-14,132024.SH,sell_then_buy,14:11:08,136.298,14:12:54,135.957,0.341,100,1000,sell,buy,maker_132024_v01_priority,priority,maker_priority_v1_33_candidate,1000.0,2000.0,2000.0,1000.0,10709.3,147006.3,2000,1000,1000,2000,1000,1,1,"[{""order_id"": 709, ""kind"": ""inventory_exit"", ""limit_price"": 136.297, ""quantity_bonds"": 1000.0, ""filled_quantity_bonds"": 1000.0, ""created_market_time"": ""14:10:56"", ""updated_market_time"": ""14:11:08"", ""status"": ""filled"", ""cancel_reason"": null, ""initial_queue_ahead_bonds"": 0.0, ""final_queue_ahead_bonds"": 0.0, ""created_same_second_as_tape"": false}]",best_pair_open_leg_matched_only,"[{""order_id"": 709, ""strategy_id"": ""maker_132024_v01_priority"", ""model_id"": ""maker_priority_v1_33_candidate"", ""market_time"": ""14:11:08"", ""side"": ""sell"", ""price"": 136.297, ""quantity_bonds"": 1000.0, ""fill_reason"": ""passive_sell"", ""inventory_after_bonds"": 1000.0, ""reference_tick_id"": 84760, ""crossed_book_residual_price"": 0.0, ""crossed_book_residual_bonds"": 0.0}]",[],"{""open_time"": ""14:11:08"", ""open_price"": 136.297, ""open_quantity_bonds"": 1000.0, ""close_time"": ""14:11:53"", ""close_price"": 136.016, ""close_quantity_bonds"": 1000.0, ""matched_quantity_bonds"": 1000.0, ""edge"": 0.281, ""gross_edge_cash"": 281.0}","{""open_time"": ""14:11:08"", ""open_price"": 136.297, ""open_quantity_bonds"": 1000.0, ""close_time"": ""14:13:47"", ""close_price"": 135.959, ""close_quantity_bonds"": 1000.0, ""matched_quantity_bonds"": 1000.0, ""edge"": 0.338, ""gross_edge_cash"": 338.0}","{""open_time"": ""14:01:56"", ""open_price"": 136.297, ""open_quantity_bonds"": 1000.0, ""close_time"": ""14:13:47"", ""close_price"": 135.959, ""close_quantity_bonds"": 1000.0, ""matched_quantity_bonds"": 1000.0, ""edge"": 0.338, ""gross_edge_cash"": 338.0}",economic_pair_within_turn_needs_overlap_review,unreviewed,unreviewed
2026-08-14_132024.SH_T129,2026-08-14,132024.SH,sell_then_buy,14:11:08,136.298,14:12:54,135.957,0.341,100,1000,sell,buy,maker_132024_v01_queue,queue,maker_queue_v1_0,1000.0,2000.0,2000.0,2000.0,2050.0,2050.0,2000,2000,2000,2000,1000,0,0,[],not_exactly_matched_needs_causal_execution_audit,[],[],null,null,null,causal_mode_in_review_required,unreviewed,unreviewed
2026-08-14_132024.SH_T130,2026-08-14,132024.SH,buy_then_sell,14:12:54,135.957,14:13:23,136.298,0.341,100,1000,buy,sell,maker_132024_v01_priority,priority,maker_priority_v1_33_candidate,1000.0,2000.0,2000.0,2000.0,10990.3,10990.3,0,0,0,0,1000,0,0,[],best_pair_close_leg_matched_only,[],"[{""order_id"": 715, ""strategy_id"": ""maker_132024_v01_priority"", ""model_id"": ""maker_priority_v1_33_candidate"", ""market_time"": ""14:13:23"", ""side"": ""sell"", ""price"": 136.297, ""quantity_bonds"": 1000.0, ""fill_reason"": ""passive_sell"", ""inventory_after_bonds"": 1000.0, ""reference_tick_id"": 84840, ""crossed_book_residual_price"": 0.0, ""crossed_book_residual_bonds"": 0.0}]","{""open_time"": ""14:11:53"", ""open_price"": 136.016, ""open_quantity_bonds"": 1000.0, ""close_time"": ""14:13:23"", ""close_price"": 136.297, ""close_quantity_bonds"": 1000.0, ""matched_quantity_bonds"": 1000.0, ""edge"": 0.281, ""gross_edge_cash"": 281.0}","{""open_time"": ""14:09:56"", ""open_price"": 136.014, ""open_quantity_bonds"": 1000.0, ""close_time"": ""14:13:23"", ""close_price"": 136.297, ""close_quantity_bonds"": 1000.0, ""matched_quantity_bonds"": 1000.0, ""edge"": 0.283, ""gross_edge_cash"": 283.0}","{""open_time"": ""14:02:14"", ""open_price"": 136.001, ""open_quantity_bonds"": 1000.0, ""close_time"": ""14:13:23"", ""close_price"": 136.297, ""close_quantity_bonds"": 1000.0, ""matched_quantity_bonds"": 1000.0, ""edge"": 0.296, ""gross_edge_cash"": 296.0}",economic_pair_within_turn_needs_overlap_review,unreviewed,unreviewed
2026-08-14_132024.SH_T130,2026-08-14,132024.SH,buy_then_sell,14:12:54,135.957,14:13:23,136.298,0.341,100,1000,buy,sell,maker_132024_v01_queue,queue,maker_queue_v1_0,1000.0,2000.0,2000.0,2000.0,2050.0,2050.0,0,0,0,0,1000,0,0,[],not_exactly_matched_needs_causal_execution_audit,[],[],null,null,null,opening_inventory_or_cash_capacity_blocked,unreviewed,unreviewed
2026-08-14_132024.SH_T131,2026-08-14,132024.SH,sell_then_buy,14:13:23,136.298,14:13:47,135.958,0.34,100,1000,sell,buy,maker_132024_v01_priority,priority,maker_priority_v1_33_candidate,1000.0,2000.0,2000.0,1000.0,10990.3,147287.3,2000,1000,1000,2000,1000,1,1,"[{""order_id"": 715, ""kind"": ""inventory_exit"", ""limit_price"": 136.297, ""quantity_bonds"": 1000.0, ""filled_quantity_bonds"": 1000.0, ""created_market_time"": ""14:12:59"", ""updated_market_time"": ""14:13:23"", ""status"": ""filled"", ""cancel_reason"": null, ""initial_queue_ahead_bonds"": 0.0, ""final_queue_ahead_bonds"": 0.0, ""created_same_second_as_tape"": false}]",best_pair_both_legs_matched,"[{""order_id"": 715, ""strategy_id"": ""maker_132024_v01_priority"", ""model_id"": ""maker_priority_v1_33_candidate"", ""market_time"": ""14:13:23"", ""side"": ""sell"", ""price"": 136.297, ""quantity_bonds"": 1000.0, ""fill_reason"": ""passive_sell"", ""inventory_after_bonds"": 1000.0, ""reference_tick_id"": 84840, ""crossed_book_residual_price"": 0.0, ""crossed_book_residual_bonds"": 0.0}]","[{""order_id"": 717, ""strategy_id"": ""maker_132024_v01_priority"", ""model_id"": ""maker_priority_v1_33_candidate"", ""market_time"": ""14:13:47"", ""side"": ""buy"", ""price"": 135.959, ""quantity_bonds"": 1000.0, ""fill_reason"": ""passive_buy"", ""inventory_after_bonds"": 2000.0, ""reference_tick_id"": 84856, ""crossed_book_residual_price"": 0.0, ""crossed_book_residual_bonds"": 0.0}]","{""open_time"": ""14:13:23"", ""open_price"": 136.297, ""open_quantity_bonds"": 1000.0, ""close_time"": ""14:13:47"", ""close_price"": 135.959, ""close_quantity_bonds"": 1000.0, ""matched_quantity_bonds"": 1000.0, ""edge"": 0.338, ""gross_edge_cash"": 338.0}","{""open_time"": ""14:13:23"", ""open_price"": 136.297, ""open_quantity_bonds"": 1000.0, ""close_time"": ""14:13:47"", ""close_price"": 135.959, ""close_quantity_bonds"": 1000.0, ""matched_quantity_bonds"": 1000.0, ""edge"": 0.338, ""gross_edge_cash"": 338.0}","{""open_time"": ""14:11:08"", ""open_price"": 136.297, ""open_quantity_bonds"": 1000.0, ""close_time"": ""14:13:47"", ""close_price"": 135.959, ""close_quantity_bonds"": 1000.0, ""matched_quantity_bonds"": 1000.0, ""edge"": 0.338, ""gross_edge_cash"": 338.0}",exact_best_pair_capture,unreviewed,unreviewed
2026-08-14_132024.SH_T131,2026-08-14,132024.SH,sell_then_buy,14:13:23,136.298,14:13:47,135.958,0.34,100,1000,sell,buy,maker_132024_v01_queue,queue,maker_queue_v1_0,1000.0,2000.0,2000.0,2000.0,2050.0,2050.0,2000,2000,2000,2000,1000,0,0,[],not_exactly_matched_needs_causal_execution_audit,[],[],null,null,null,causal_mode_in_review_required,unreviewed,unreviewed
2026-08-14_132024.SH_T132,2026-08-14,132024.SH,buy_then_sell,14:13:47,135.958,14:14:39,136.291,0.333,100,1000,buy,sell,maker_132024_v01_priority,priority,maker_priority_v1_33_candidate,1000.0,2000.0,1000.0,2000.0,147287.3,11328.3,1000,0,0,1000,1000,1,1,"[{""order_id"": 717, ""kind"": ""low_bid_reversion"", ""limit_price"": 135.959, ""quantity_bonds"": 1000.0, ""filled_quantity_bonds"": 1000.0, ""created_market_time"": ""14:13:44"", ""updated_market_time"": ""14:13:47"", ""status"": ""filled"", ""cancel_reason"": null, ""initial_queue_ahead_bonds"": 0.0, ""final_queue_ahead_bonds"": 0.0, ""created_same_second_as_tape"": false}]",best_pair_both_legs_matched,"[{""order_id"": 717, ""strategy_id"": ""maker_132024_v01_priority"", ""model_id"": ""maker_priority_v1_33_candidate"", ""market_time"": ""14:13:47"", ""side"": ""buy"", ""price"": 135.959, ""quantity_bonds"": 1000.0, ""fill_reason"": ""passive_buy"", ""inventory_after_bonds"": 2000.0, ""reference_tick_id"": 84856, ""crossed_book_residual_price"": 0.0, ""crossed_book_residual_bonds"": 0.0}]","[{""order_id"": 724, ""strategy_id"": ""maker_132024_v01_priority"", ""model_id"": ""maker_priority_v1_33_candidate"", ""market_time"": ""14:14:38"", ""side"": ""sell"", ""price"": 136.291, ""quantity_bonds"": 1000.0, ""fill_reason"": ""active_tight_spread_turnover"", ""inventory_after_bonds"": 1000.0, ""reference_tick_id"": 84896, ""crossed_book_residual_price"": 0.0, ""crossed_book_residual_bonds"": 0.0}]","{""open_time"": ""14:13:47"", ""open_price"": 135.959, ""open_quantity_bonds"": 1000.0, ""close_time"": ""14:14:38"", ""close_price"": 136.291, ""close_quantity_bonds"": 1000.0, ""matched_quantity_bonds"": 1000.0, ""edge"": 0.332, ""gross_edge_cash"": 332.0}","{""open_time"": ""14:13:47"", ""open_price"": 135.959, ""open_quantity_bonds"": 1000.0, ""close_time"": ""14:14:38"", ""close_price"": 136.291, ""close_quantity_bonds"": 1000.0, ""matched_quantity_bonds"": 1000.0, ""edge"": 0.332, ""gross_edge_cash"": 332.0}","{""open_time"": ""14:13:47"", ""open_price"": 135.959, ""open_quantity_bonds"": 1000.0, ""close_time"": ""14:19:47"", ""close_price"": 136.296, ""close_quantity_bonds"": 1000.0, ""matched_quantity_bonds"": 1000.0, ""edge"": 0.337, ""gross_edge_cash"": 337.0}",exact_best_pair_capture,unreviewed,unreviewed
2026-08-14_132024.SH_T132,2026-08-14,132024.SH,buy_then_sell,14:13:47,135.958,14:14:39,136.291,0.333,100,1000,buy,sell,maker_132024_v01_queue,queue,maker_queue_v1_0,1000.0,2000.0,2000.0,2000.0,2050.0,2050.0,0,0,0,0,1000,0,0,[],not_exactly_matched_needs_causal_execution_audit,[],[],null,null,null,opening_inventory_or_cash_capacity_blocked,unreviewed,unreviewed
2026-08-14_132024.SH_T133,2026-08-14,132024.SH,sell_then_buy,14:14:39,136.291,14:14:46,135.999,0.292,100,1000,sell,buy,maker_132024_v01_priority,priority,maker_priority_v1_33_candidate,1000.0,2000.0,1000.0,1000.0,147619.3,147619.3,1000,1000,1000,1000,1000,0,0,[],best_pair_open_leg_matched_only,"[{""order_id"": 724, ""strategy_id"": ""maker_132024_v01_priority"", ""model_id"": ""maker_priority_v1_33_candidate"", ""market_time"": ""14:14:38"", ""side"": ""sell"", ""price"": 136.291, ""quantity_bonds"": 1000.0, ""fill_reason"": ""active_tight_spread_turnover"", ""inventory_after_bonds"": 1000.0, ""reference_tick_id"": 84896, ""crossed_book_residual_price"": 0.0, ""crossed_book_residual_bonds"": 0.0}]",[],null,null,"{""open_time"": ""14:11:08"", ""open_price"": 136.297, ""open_quantity_bonds"": 1000.0, ""close_time"": ""14:19:38"", ""close_price"": 136.022, ""close_quantity_bonds"": 1000.0, ""matched_quantity_bonds"": 1000.0, ""edge"": 0.275, ""gross_edge_cash"": 275.0}",economic_pair_cross_turn_600s_needs_path_review,unreviewed,unreviewed
2026-08-14_132024.SH_T133,2026-08-14,132024.SH,sell_then_buy,14:14:39,136.291,14:14:46,135.999,0.292,100,1000,sell,buy,maker_132024_v01_queue,queue,maker_queue_v1_0,1000.0,2000.0,2000.0,2000.0,2050.0,2050.0,2000,2000,2000,2000,1000,0,0,[],not_exactly_matched_needs_causal_execution_audit,[],[],null,null,null,causal_mode_in_review_required,unreviewed,unreviewed
2026-08-14_132024.SH_T134,2026-08-14,132024.SH,buy_then_sell,14:14:46,135.999,14:15:15,136.291,0.292,100,1000,buy,sell,maker_132024_v01_priority,priority,maker_priority_v1_33_candidate,1000.0,2000.0,1000.0,1000.0,147619.3,147619.3,1000,1000,1000,1000,1000,0,0,[],not_exactly_matched_needs_causal_execution_audit,[],[],null,null,"{""open_time"": ""14:13:47"", ""open_price"": 135.959, ""open_quantity_bonds"": 1000.0, ""close_time"": ""14:19:47"", ""close_price"": 136.296, ""close_quantity_bonds"": 1000.0, ""matched_quantity_bonds"": 1000.0, ""edge"": 0.337, ""gross_edge_cash"": 337.0}",economic_pair_cross_turn_600s_needs_path_review,unreviewed,unreviewed
2026-08-14_132024.SH_T134,2026-08-14,132024.SH,buy_then_sell,14:14:46,135.999,14:15:15,136.291,0.292,100,1000,buy,sell,maker_132024_v01_queue,queue,maker_queue_v1_0,1000.0,2000.0,2000.0,2000.0,2050.0,2050.0,0,0,0,0,1000,0,0,[],not_exactly_matched_needs_causal_execution_audit,[],[],null,null,null,opening_inventory_or_cash_capacity_blocked,unreviewed,unreviewed
2026-08-14_132024.SH_T135,2026-08-14,132024.SH,sell_then_buy,14:15:15,136.291,14:15:27,136.009,0.282,100,1000,sell,buy,maker_132024_v01_priority,priority,maker_priority_v1_33_candidate,1000.0,2000.0,1000.0,1000.0,147619.3,147619.3,1000,1000,1000,1000,1000,0,0,[],not_exactly_matched_needs_causal_execution_audit,[],[],null,null,"{""open_time"": ""14:11:08"", ""open_price"": 136.297, ""open_quantity_bonds"": 1000.0, ""close_time"": ""14:19:38"", ""close_price"": 136.022, ""close_quantity_bonds"": 1000.0, ""matched_quantity_bonds"": 1000.0, ""edge"": 0.275, ""gross_edge_cash"": 275.0}",economic_pair_cross_turn_600s_needs_path_review,unreviewed,unreviewed
2026-08-14_132024.SH_T135,2026-08-14,132024.SH,sell_then_buy,14:15:15,136.291,14:15:27,136.009,0.282,100,1000,sell,buy,maker_132024_v01_queue,queue,maker_queue_v1_0,1000.0,2000.0,2000.0,2000.0,2050.0,2050.0,2000,2000,2000,2000,1000,0,0,[],not_exactly_matched_needs_causal_execution_audit,[],[],null,null,null,causal_mode_in_review_required,unreviewed,unreviewed
2026-08-14_132024.SH_T136,2026-08-14,132024.SH,buy_then_sell,14:15:27,136.009,14:15:42,136.191,0.182,100,1000,buy,sell,maker_132024_v01_priority,priority,maker_priority_v1_33_candidate,1000.0,2000.0,1000.0,1000.0,147619.3,147619.3,1000,1000,1000,1000,1000,0,0,[],not_exactly_matched_needs_causal_execution_audit,[],[],null,null,"{""open_time"": ""14:13:47"", ""open_price"": 135.959, ""open_quantity_bonds"": 1000.0, ""close_time"": ""14:19:47"", ""close_price"": 136.296, ""close_quantity_bonds"": 1000.0, ""matched_quantity_bonds"": 1000.0, ""edge"": 0.337, ""gross_edge_cash"": 337.0}",economic_pair_cross_turn_600s_needs_path_review,unreviewed,unreviewed
2026-08-14_132024.SH_T136,2026-08-14,132024.SH,buy_then_sell,14:15:27,136.009,14:15:42,136.191,0.182,100,1000,buy,sell,maker_132024_v01_queue,queue,maker_queue_v1_0,1000.0,2000.0,2000.0,2000.0,2050.0,2050.0,0,0,0,0,1000,0,0,[],not_exactly_matched_needs_causal_execution_audit,[],[],null,null,null,opening_inventory_or_cash_capacity_blocked,unreviewed,unreviewed
2026-08-14_132024.SH_T137,2026-08-14,132024.SH,sell_then_buy,14:15:42,136.191,14:16:42,136.011,0.18,100,1000,sell,buy,maker_132024_v01_priority,priority,maker_priority_v1_33_candidate,1000.0,2000.0,1000.0,1000.0,147619.3,147619.3,1000,1000,1000,1000,1000,0,0,[],not_exactly_matched_needs_causal_execution_audit,[],[],null,null,"{""open_time"": ""14:11:08"", ""open_price"": 136.297, ""open_quantity_bonds"": 1000.0, ""close_time"": ""14:19:38"", ""close_price"": 136.022, ""close_quantity_bonds"": 1000.0, ""matched_quantity_bonds"": 1000.0, ""edge"": 0.275, ""gross_edge_cash"": 275.0}",economic_pair_cross_turn_600s_needs_path_review,unreviewed,unreviewed
2026-08-14_132024.SH_T137,2026-08-14,132024.SH,sell_then_buy,14:15:42,136.191,14:16:42,136.011,0.18,100,1000,sell,buy,maker_132024_v01_queue,queue,maker_queue_v1_0,1000.0,2000.0,2000.0,2000.0,2050.0,2050.0,2000,2000,2000,2000,1000,0,0,[],not_exactly_matched_needs_causal_execution_audit,[],[],null,null,null,causal_mode_in_review_required,unreviewed,unreviewed
2026-08-14_132024.SH_T138,2026-08-14,132024.SH,buy_then_sell,14:16:42,136.011,14:18:29,136.2,0.189,100,1000,buy,sell,maker_132024_v01_priority,priority,maker_priority_v1_33_candidate,1000.0,2000.0,1000.0,1000.0,147619.3,147619.3,1000,1000,1000,1000,1000,0,0,[],not_exactly_matched_needs_causal_execution_audit,[],[],null,null,"{""open_time"": ""14:13:47"", ""open_price"": 135.959, ""open_quantity_bonds"": 1000.0, ""close_time"": ""14:19:47"", ""close_price"": 136.296, ""close_quantity_bonds"": 1000.0, ""matched_quantity_bonds"": 1000.0, ""edge"": 0.337, ""gross_edge_cash"": 337.0}",economic_pair_cross_turn_600s_needs_path_review,unreviewed,unreviewed
2026-08-14_132024.SH_T138,2026-08-14,132024.SH,buy_then_sell,14:16:42,136.011,14:18:29,136.2,0.189,100,1000,buy,sell,maker_132024_v01_queue,queue,maker_queue_v1_0,1000.0,2000.0,2000.0,2000.0,2050.0,2050.0,0,0,0,0,1000,0,0,[],not_exactly_matched_needs_causal_execution_audit,[],[],null,null,null,opening_inventory_or_cash_capacity_blocked,unreviewed,unreviewed
2026-08-14_132024.SH_T139,2026-08-14,132024.SH,sell_then_buy,14:18:29,136.2,14:19:37,136.021,0.179,100,1000,sell,buy,maker_132024_v01_priority,priority,maker_priority_v1_33_candidate,1000.0,2000.0,1000.0,1000.0,147619.3,147619.3,1000,1000,1000,1000,1000,0,0,[],best_pair_close_leg_matched_only,[],"[{""order_id"": 733, ""strategy_id"": ""maker_132024_v01_priority"", ""model_id"": ""maker_priority_v1_33_candidate"", ""market_time"": ""14:19:38"", ""side"": ""buy"", ""price"": 136.022, ""quantity_bonds"": 1000.0, ""fill_reason"": ""passive_buy"", ""inventory_after_bonds"": 2000.0, ""reference_tick_id"": 85109, ""crossed_book_residual_price"": 0.0, ""crossed_book_residual_bonds"": 0.0}]",null,null,"{""open_time"": ""14:11:08"", ""open_price"": 136.297, ""open_quantity_bonds"": 1000.0, ""close_time"": ""14:19:38"", ""close_price"": 136.022, ""close_quantity_bonds"": 1000.0, ""matched_quantity_bonds"": 1000.0, ""edge"": 0.275, ""gross_edge_cash"": 275.0}",economic_pair_cross_turn_600s_needs_path_review,unreviewed,unreviewed
2026-08-14_132024.SH_T139,2026-08-14,132024.SH,sell_then_buy,14:18:29,136.2,14:19:37,136.021,0.179,100,1000,sell,buy,maker_132024_v01_queue,queue,maker_queue_v1_0,1000.0,2000.0,2000.0,2000.0,2050.0,2050.0,2000,2000,2000,2000,1000,0,0,[],not_exactly_matched_needs_causal_execution_audit,[],[],null,null,null,causal_mode_in_review_required,unreviewed,unreviewed
2026-08-14_132024.SH_T140,2026-08-14,132024.SH,buy_then_sell,14:19:37,136.021,14:19:47,136.297,0.276,200,1000,buy,sell,maker_132024_v01_priority,priority,maker_priority_v1_33_candidate,1000.0,2000.0,1000.0,1000.0,147619.3,147619.3,1000,1000,1000,1000,1000,1,1,"[{""order_id"": 733, ""kind"": ""low_bid_reversion"", ""limit_price"": 136.022, ""quantity_bonds"": 1000.0, ""filled_quantity_bonds"": 1000.0, ""created_market_time"": ""14:18:53"", ""updated_market_time"": ""14:19:38"", ""status"": ""filled"", ""cancel_reason"": null, ""initial_queue_ahead_bonds"": 0.0, ""final_queue_ahead_bonds"": 0.0, ""created_same_second_as_tape"": false}]",best_pair_both_legs_matched,"[{""order_id"": 733, ""strategy_id"": ""maker_132024_v01_priority"", ""model_id"": ""maker_priority_v1_33_candidate"", ""market_time"": ""14:19:38"", ""side"": ""buy"", ""price"": 136.022, ""quantity_bonds"": 1000.0, ""fill_reason"": ""passive_buy"", ""inventory_after_bonds"": 2000.0, ""reference_tick_id"": 85109, ""crossed_book_residual_price"": 0.0, ""crossed_book_residual_bonds"": 0.0}]","[{""order_id"": 734, ""strategy_id"": ""maker_132024_v01_priority"", ""model_id"": ""maker_priority_v1_33_candidate"", ""market_time"": ""14:19:47"", ""side"": ""sell"", ""price"": 136.296, ""quantity_bonds"": 1000.0, ""fill_reason"": ""passive_sell"", ""inventory_after_bonds"": 1000.0, ""reference_tick_id"": 85115, ""crossed_book_residual_price"": 0.0, ""crossed_book_residual_bonds"": 0.0}]","{""open_time"": ""14:19:38"", ""open_price"": 136.022, ""open_quantity_bonds"": 1000.0, ""close_time"": ""14:19:47"", ""close_price"": 136.296, ""close_quantity_bonds"": 1000.0, ""matched_quantity_bonds"": 1000.0, ""edge"": 0.274, ""gross_edge_cash"": 274.0}","{""open_time"": ""14:19:38"", ""open_price"": 136.022, ""open_quantity_bonds"": 1000.0, ""close_time"": ""14:19:47"", ""close_price"": 136.296, ""close_quantity_bonds"": 1000.0, ""matched_quantity_bonds"": 1000.0, ""edge"": 0.274, ""gross_edge_cash"": 274.0}","{""open_time"": ""14:13:47"", ""open_price"": 135.959, ""open_quantity_bonds"": 1000.0, ""close_time"": ""14:19:47"", ""close_price"": 136.296, ""close_quantity_bonds"": 1000.0, ""matched_quantity_bonds"": 1000.0, ""edge"": 0.337, ""gross_edge_cash"": 337.0}",exact_best_pair_capture,unreviewed,unreviewed
2026-08-14_132024.SH_T140,2026-08-14,132024.SH,buy_then_sell,14:19:37,136.021,14:19:47,136.297,0.276,200,1000,buy,sell,maker_132024_v01_queue,queue,maker_queue_v1_0,1000.0,2000.0,2000.0,2000.0,2050.0,2050.0,0,0,0,0,1000,0,0,[],not_exactly_matched_needs_causal_execution_audit,[],[],null,null,null,opening_inventory_or_cash_capacity_blocked,unreviewed,unreviewed
2026-08-14_132024.SH_T141,2026-08-14,132024.SH,sell_then_buy,14:19:47,136.297,14:20:27,136.021,0.276,300,1000,sell,buy,maker_132024_v01_priority,priority,maker_priority_v1_33_candidate,1000.0,2000.0,2000.0,1000.0,11597.3,147893.3,2000,1000,1000,2000,1000,1,1,"[{""order_id"": 734, ""kind"": ""inventory_exit"", ""limit_price"": 136.296, ""quantity_bonds"": 1000.0, ""filled_quantity_bonds"": 1000.0, ""created_market_time"": ""14:19:38"", ""updated_market_time"": ""14:19:47"", ""status"": ""filled"", ""cancel_reason"": null, ""initial_queue_ahead_bonds"": 0.0, ""final_queue_ahead_bonds"": 0.0, ""created_same_second_as_tape"": false}]",best_pair_both_legs_matched,"[{""order_id"": 734, ""strategy_id"": ""maker_132024_v01_priority"", ""model_id"": ""maker_priority_v1_33_candidate"", ""market_time"": ""14:19:47"", ""side"": ""sell"", ""price"": 136.296, ""quantity_bonds"": 1000.0, ""fill_reason"": ""passive_sell"", ""inventory_after_bonds"": 1000.0, ""reference_tick_id"": 85115, ""crossed_book_residual_price"": 0.0, ""crossed_book_residual_bonds"": 0.0}]","[{""order_id"": 735, ""strategy_id"": ""maker_132024_v01_priority"", ""model_id"": ""maker_priority_v1_33_candidate"", ""market_time"": ""14:20:29"", ""side"": ""buy"", ""price"": 136.022, ""quantity_bonds"": 1000.0, ""fill_reason"": ""passive_buy"", ""inventory_after_bonds"": 2000.0, ""reference_tick_id"": 85145, ""crossed_book_residual_price"": 0.0, ""crossed_book_residual_bonds"": 0.0}]","{""open_time"": ""14:19:47"", ""open_price"": 136.296, ""open_quantity_bonds"": 1000.0, ""close_time"": ""14:20:29"", ""close_price"": 136.022, ""close_quantity_bonds"": 1000.0, ""matched_quantity_bonds"": 1000.0, ""edge"": 0.274, ""gross_edge_cash"": 274.0}","{""open_time"": ""14:19:47"", ""open_price"": 136.296, ""open_quantity_bonds"": 1000.0, ""close_time"": ""14:20:29"", ""close_price"": 136.022, ""close_quantity_bonds"": 1000.0, ""matched_quantity_bonds"": 1000.0, ""edge"": 0.274, ""gross_edge_cash"": 274.0}","{""open_time"": ""14:11:08"", ""open_price"": 136.297, ""open_quantity_bonds"": 1000.0, ""close_time"": ""14:20:29"", ""close_price"": 136.022, ""close_quantity_bonds"": 1000.0, ""matched_quantity_bonds"": 1000.0, ""edge"": 0.275, ""gross_edge_cash"": 275.0}",exact_best_pair_capture,unreviewed,unreviewed
2026-08-14_132024.SH_T141,2026-08-14,132024.SH,sell_then_buy,14:19:47,136.297,14:20:27,136.021,0.276,300,1000,sell,buy,maker_132024_v01_queue,queue,maker_queue_v1_0,1000.0,2000.0,2000.0,2000.0,2050.0,2050.0,2000,2000,2000,2000,1000,0,0,[],not_exactly_matched_needs_causal_execution_audit,[],[],null,null,null,causal_mode_in_review_required,unreviewed,unreviewed
2026-08-14_132024.SH_T142,2026-08-14,132024.SH,buy_then_sell,14:20:27,136.021,14:22:39,136.199,0.178,100,1000,buy,sell,maker_132024_v01_priority,priority,maker_priority_v1_33_candidate,1000.0,2000.0,1000.0,1000.0,147893.3,147893.3,1000,1000,1000,1000,1000,1,1,"[{""order_id"": 735, ""kind"": ""low_bid_reversion"", ""limit_price"": 136.022, ""quantity_bonds"": 1000.0, ""filled_quantity_bonds"": 1000.0, ""created_market_time"": ""14:19:47"", ""updated_market_time"": ""14:20:29"", ""status"": ""filled"", ""cancel_reason"": null, ""initial_queue_ahead_bonds"": 0.0, ""final_queue_ahead_bonds"": 0.0, ""created_same_second_as_tape"": false}]",best_pair_both_legs_matched,"[{""order_id"": 735, ""strategy_id"": ""maker_132024_v01_priority"", ""model_id"": ""maker_priority_v1_33_candidate"", ""market_time"": ""14:20:29"", ""side"": ""buy"", ""price"": 136.022, ""quantity_bonds"": 1000.0, ""fill_reason"": ""passive_buy"", ""inventory_after_bonds"": 2000.0, ""reference_tick_id"": 85145, ""crossed_book_residual_price"": 0.0, ""crossed_book_residual_bonds"": 0.0}]","[{""order_id"": 737, ""strategy_id"": ""maker_132024_v01_priority"", ""model_id"": ""maker_priority_v1_33_candidate"", ""market_time"": ""14:22:41"", ""side"": ""sell"", ""price"": 136.198, ""quantity_bonds"": 1000.0, ""fill_reason"": ""passive_sell"", ""inventory_after_bonds"": 1000.0, ""reference_tick_id"": 85227, ""crossed_book_residual_price"": 0.0, ""crossed_book_residual_bonds"": 0.0}]",null,"{""open_time"": ""14:19:38"", ""open_price"": 136.022, ""open_quantity_bonds"": 1000.0, ""close_time"": ""14:22:41"", ""close_price"": 136.198, ""close_quantity_bonds"": 1000.0, ""matched_quantity_bonds"": 1000.0, ""edge"": 0.176, ""gross_edge_cash"": 176.0}","{""open_time"": ""14:13:47"", ""open_price"": 135.959, ""open_quantity_bonds"": 1000.0, ""close_time"": ""14:22:41"", ""close_price"": 136.198, ""close_quantity_bonds"": 1000.0, ""matched_quantity_bonds"": 1000.0, ""edge"": 0.239, ""gross_edge_cash"": 239.0}",exact_best_pair_capture,unreviewed,unreviewed
2026-08-14_132024.SH_T142,2026-08-14,132024.SH,buy_then_sell,14:20:27,136.021,14:22:39,136.199,0.178,100,1000,buy,sell,maker_132024_v01_queue,queue,maker_queue_v1_0,1000.0,2000.0,2000.0,2000.0,2050.0,2050.0,0,0,0,0,1000,0,0,[],not_exactly_matched_needs_causal_execution_audit,[],[],null,null,null,opening_inventory_or_cash_capacity_blocked,unreviewed,unreviewed
2026-08-14_132024.SH_T143,2026-08-14,132024.SH,sell_then_buy,14:22:39,136.199,14:23:22,136.021,0.178,100,1000,sell,buy,maker_132024_v01_priority,priority,maker_priority_v1_33_candidate,1000.0,2000.0,2000.0,2000.0,11871.3,11871.3,2000,2000,2000,2000,1000,1,1,"[{""order_id"": 737, ""kind"": ""inventory_exit"", ""limit_price"": 136.198, ""quantity_bonds"": 1000.0, ""filled_quantity_bonds"": 1000.0, ""created_market_time"": ""14:21:08"", ""updated_market_time"": ""14:22:41"", ""status"": ""filled"", ""cancel_reason"": null, ""initial_queue_ahead_bonds"": 0.0, ""final_queue_ahead_bonds"": 0.0, ""created_same_second_as_tape"": false}]",best_pair_open_leg_matched_only,"[{""order_id"": 737, ""strategy_id"": ""maker_132024_v01_priority"", ""model_id"": ""maker_priority_v1_33_candidate"", ""market_time"": ""14:22:41"", ""side"": ""sell"", ""price"": 136.198, ""quantity_bonds"": 1000.0, ""fill_reason"": ""passive_sell"", ""inventory_after_bonds"": 1000.0, ""reference_tick_id"": 85227, ""crossed_book_residual_price"": 0.0, ""crossed_book_residual_bonds"": 0.0}]",[],null,null,null,preexisting_reaching_order_needs_execution_audit,unreviewed,unreviewed
2026-08-14_132024.SH_T143,2026-08-14,132024.SH,sell_then_buy,14:22:39,136.199,14:23:22,136.021,0.178,100,1000,sell,buy,maker_132024_v01_queue,queue,maker_queue_v1_0,1000.0,2000.0,2000.0,2000.0,2050.0,2050.0,2000,2000,2000,2000,1000,0,0,[],not_exactly_matched_needs_causal_execution_audit,[],[],null,null,null,causal_mode_in_review_required,unreviewed,unreviewed
2026-08-14_132024.SH_T144,2026-08-14,132024.SH,buy_then_sell,14:23:22,136.021,14:24:55,136.099,0.078,100,1000,buy,sell,maker_132024_v01_priority,priority,maker_priority_v1_33_candidate,1000.0,2000.0,1000.0,1000.0,148069.3,148069.3,1000,1000,1000,1000,1000,0,0,[],not_exactly_matched_needs_causal_execution_audit,[],[],null,null,null,causal_mode_in_review_required,unreviewed,unreviewed
2026-08-14_132024.SH_T144,2026-08-14,132024.SH,buy_then_sell,14:23:22,136.021,14:24:55,136.099,0.078,100,1000,buy,sell,maker_132024_v01_queue,queue,maker_queue_v1_0,1000.0,2000.0,2000.0,2000.0,2050.0,2050.0,0,0,0,0,1000,0,0,[],not_exactly_matched_needs_causal_execution_audit,[],[],null,null,null,opening_inventory_or_cash_capacity_blocked,unreviewed,unreviewed
2026-08-14_132024.SH_T145,2026-08-14,132024.SH,sell_then_buy,14:24:55,136.099,14:25:25,136.031,0.068,100,1000,sell,buy,maker_132024_v01_priority,priority,maker_priority_v1_33_candidate,1000.0,2000.0,1000.0,1000.0,148069.3,148069.3,1000,1000,1000,1000,1000,0,0,[],not_exactly_matched_needs_causal_execution_audit,[],[],null,null,null,causal_mode_in_review_required,unreviewed,unreviewed
2026-08-14_132024.SH_T145,2026-08-14,132024.SH,sell_then_buy,14:24:55,136.099,14:25:25,136.031,0.068,100,1000,sell,buy,maker_132024_v01_queue,queue,maker_queue_v1_0,1000.0,2000.0,2000.0,2000.0,2050.0,2050.0,2000,2000,2000,2000,1000,0,0,[],not_exactly_matched_needs_causal_execution_audit,[],[],null,null,null,causal_mode_in_review_required,unreviewed,unreviewed
2026-08-14_132024.SH_T146,2026-08-14,132024.SH,buy_then_sell,14:25:25,136.031,14:27:10,136.099,0.068,100,1000,buy,sell,maker_132024_v01_priority,priority,maker_priority_v1_33_candidate,1000.0,2000.0,1000.0,1000.0,148069.3,148069.3,1000,1000,1000,1000,1000,0,0,[],not_exactly_matched_needs_causal_execution_audit,[],[],null,null,null,causal_mode_in_review_required,unreviewed,unreviewed
2026-08-14_132024.SH_T146,2026-08-14,132024.SH,buy_then_sell,14:25:25,136.031,14:27:10,136.099,0.068,100,1000,buy,sell,maker_132024_v01_queue,queue,maker_queue_v1_0,1000.0,2000.0,2000.0,2000.0,2050.0,2050.0,0,0,0,0,1000,0,0,[],not_exactly_matched_needs_causal_execution_audit,[],[],null,null,null,opening_inventory_or_cash_capacity_blocked,unreviewed,unreviewed
2026-08-14_132024.SH_T147,2026-08-14,132024.SH,sell_then_buy,14:27:10,136.099,14:29:15,136.002,0.097,100,1000,sell,buy,maker_132024_v01_priority,priority,maker_priority_v1_33_candidate,1000.0,2000.0,1000.0,1000.0,148069.3,148069.3,1000,1000,1000,1000,1000,0,0,[],not_exactly_matched_needs_causal_execution_audit,[],[],null,null,"{""open_time"": ""14:19:47"", ""open_price"": 136.296, ""open_quantity_bonds"": 1000.0, ""close_time"": ""14:38:44"", ""close_price"": 136.001, ""close_quantity_bonds"": 1000.0, ""matched_quantity_bonds"": 1000.0, ""edge"": 0.295, ""gross_edge_cash"": 295.0}",economic_pair_cross_turn_600s_needs_path_review,unreviewed,unreviewed
2026-08-14_132024.SH_T147,2026-08-14,132024.SH,sell_then_buy,14:27:10,136.099,14:29:15,136.002,0.097,100,1000,sell,buy,maker_132024_v01_queue,queue,maker_queue_v1_0,1000.0,2000.0,2000.0,2000.0,2050.0,2050.0,2000,2000,2000,2000,1000,0,0,[],not_exactly_matched_needs_causal_execution_audit,[],[],null,null,null,causal_mode_in_review_required,unreviewed,unreviewed
2026-08-14_132024.SH_T148,2026-08-14,132024.SH,buy_then_sell,14:29:15,136.002,14:29:25,136.099,0.097,100,1000,buy,sell,maker_132024_v01_priority,priority,maker_priority_v1_33_candidate,1000.0,2000.0,1000.0,1000.0,148069.3,148069.3,1000,1000,1000,1000,1000,0,0,[],not_exactly_matched_needs_causal_execution_audit,[],[],null,null,"{""open_time"": ""14:19:38"", ""open_price"": 136.022, ""open_quantity_bonds"": 1000.0, ""close_time"": ""14:38:26"", ""close_price"": 136.296, ""close_quantity_bonds"": 1000.0, ""matched_quantity_bonds"": 1000.0, ""edge"": 0.274, ""gross_edge_cash"": 274.0}",economic_pair_cross_turn_600s_needs_path_review,unreviewed,unreviewed
2026-08-14_132024.SH_T148,2026-08-14,132024.SH,buy_then_sell,14:29:15,136.002,14:29:25,136.099,0.097,100,1000,buy,sell,maker_132024_v01_queue,queue,maker_queue_v1_0,1000.0,2000.0,2000.0,2000.0,2050.0,2050.0,0,0,0,0,1000,0,0,[],not_exactly_matched_needs_causal_execution_audit,[],[],null,null,null,opening_inventory_or_cash_capacity_blocked,unreviewed,unreviewed
2026-08-14_132024.SH_T149,2026-08-14,132024.SH,sell_then_buy,14:29:25,136.099,14:30:04,136.01,0.089,100,1000,sell,buy,maker_132024_v01_priority,priority,maker_priority_v1_33_candidate,1000.0,2000.0,1000.0,1000.0,148069.3,148069.3,1000,1000,1000,1000,1000,0,0,[],not_exactly_matched_needs_causal_execution_audit,[],[],null,null,"{""open_time"": ""14:19:47"", ""open_price"": 136.296, ""open_quantity_bonds"": 1000.0, ""close_time"": ""14:38:44"", ""close_price"": 136.001, ""close_quantity_bonds"": 1000.0, ""matched_quantity_bonds"": 1000.0, ""edge"": 0.295, ""gross_edge_cash"": 295.0}",economic_pair_cross_turn_600s_needs_path_review,unreviewed,unreviewed
2026-08-14_132024.SH_T149,2026-08-14,132024.SH,sell_then_buy,14:29:25,136.099,14:30:04,136.01,0.089,100,1000,sell,buy,maker_132024_v01_queue,queue,maker_queue_v1_0,1000.0,2000.0,2000.0,2000.0,2050.0,2050.0,2000,2000,2000,2000,1000,0,0,[],not_exactly_matched_needs_causal_execution_audit,[],[],null,null,null,causal_mode_in_review_required,unreviewed,unreviewed
2026-08-14_132024.SH_T150,2026-08-14,132024.SH,buy_then_sell,14:30:04,136.01,14:31:40,136.055,0.045,100,1000,buy,sell,maker_132024_v01_priority,priority,maker_priority_v1_33_candidate,1000.0,2000.0,1000.0,1000.0,148069.3,148069.3,1000,1000,1000,1000,1000,0,0,[],not_exactly_matched_needs_causal_execution_audit,[],[],null,null,"{""open_time"": ""14:20:29"", ""open_price"": 136.022, ""open_quantity_bonds"": 1000.0, ""close_time"": ""14:38:26"", ""close_price"": 136.296, ""close_quantity_bonds"": 1000.0, ""matched_quantity_bonds"": 1000.0, ""edge"": 0.274, ""gross_edge_cash"": 274.0}",economic_pair_cross_turn_600s_needs_path_review,unreviewed,unreviewed
2026-08-14_132024.SH_T150,2026-08-14,132024.SH,buy_then_sell,14:30:04,136.01,14:31:40,136.055,0.045,100,1000,buy,sell,maker_132024_v01_queue,queue,maker_queue_v1_0,1000.0,2000.0,2000.0,2000.0,2050.0,2050.0,0,0,0,0,1000,0,0,[],not_exactly_matched_needs_causal_execution_audit,[],[],null,null,null,opening_inventory_or_cash_capacity_blocked,unreviewed,unreviewed
2026-08-14_132024.SH_T151,2026-08-14,132024.SH,sell_then_buy,14:31:40,136.055,14:33:03,136.01,0.045,100,190,sell,buy,maker_132024_v01_priority,priority,maker_priority_v1_33_candidate,1000.0,2000.0,1000.0,1000.0,148069.3,148069.3,1000,1000,1000,1000,190,0,0,[],not_exactly_matched_needs_causal_execution_audit,[],[],null,null,"{""open_time"": ""14:22:41"", ""open_price"": 136.198, ""open_quantity_bonds"": 1000.0, ""close_time"": ""14:43:35"", ""close_price"": 135.959, ""close_quantity_bonds"": 1000.0, ""matched_quantity_bonds"": 1000.0, ""edge"": 0.239, ""gross_edge_cash"": 239.0}",economic_pair_cross_turn_600s_needs_path_review,unreviewed,unreviewed
2026-08-14_132024.SH_T151,2026-08-14,132024.SH,sell_then_buy,14:31:40,136.055,14:33:03,136.01,0.045,100,190,sell,buy,maker_132024_v01_queue,queue,maker_queue_v1_0,1000.0,2000.0,2000.0,2000.0,2050.0,2050.0,2000,2000,2000,2000,190,0,0,[],not_exactly_matched_needs_causal_execution_audit,[],[],null,null,null,causal_mode_in_review_required,unreviewed,unreviewed
2026-08-14_132024.SH_T152,2026-08-14,132024.SH,buy_then_sell,14:33:03,136.01,14:33:56,136.099,0.089,100,190,buy,sell,maker_132024_v01_priority,priority,maker_priority_v1_33_candidate,1000.0,2000.0,1000.0,1000.0,148069.3,148069.3,1000,1000,1000,1000,190,0,0,[],not_exactly_matched_needs_causal_execution_audit,[],[],null,null,null,causal_mode_in_review_required,unreviewed,unreviewed
2026-08-14_132024.SH_T152,2026-08-14,132024.SH,buy_then_sell,14:33:03,136.01,14:33:56,136.099,0.089,100,190,buy,sell,maker_132024_v01_queue,queue,maker_queue_v1_0,1000.0,2000.0,2000.0,2000.0,2050.0,2050.0,0,0,0,0,190,0,0,[],not_exactly_matched_needs_causal_execution_audit,[],[],null,null,null,opening_inventory_or_cash_capacity_blocked,unreviewed,unreviewed
2026-08-14_132024.SH_T153,2026-08-14,132024.SH,sell_then_buy,14:33:56,136.099,14:34:53,136.01,0.089,81,810,sell,buy,maker_132024_v01_priority,priority,maker_priority_v1_33_candidate,1000.0,2000.0,1000.0,1000.0,148069.3,148069.3,1000,1000,1000,1000,810,0,0,[],not_exactly_matched_needs_causal_execution_audit,[],[],null,null,null,causal_mode_in_review_required,unreviewed,unreviewed
2026-08-14_132024.SH_T153,2026-08-14,132024.SH,sell_then_buy,14:33:56,136.099,14:34:53,136.01,0.089,81,810,sell,buy,maker_132024_v01_queue,queue,maker_queue_v1_0,1000.0,2000.0,2000.0,2000.0,2050.0,2050.0,2000,2000,2000,2000,810,0,0,[],not_exactly_matched_needs_causal_execution_audit,[],[],null,null,null,causal_mode_in_review_required,unreviewed,unreviewed
2026-08-14_132024.SH_T154,2026-08-14,132024.SH,sell_then_buy,14:35:00,136.007,14:35:52,136.001,0.006,19,190,sell,buy,maker_132024_v01_priority,priority,maker_priority_v1_33_candidate,1000.0,2000.0,1000.0,1000.0,148069.3,148069.3,1000,1000,1000,1000,190,0,0,[],not_exactly_matched_needs_causal_execution_audit,[],[],null,null,null,causal_mode_in_review_required,unreviewed,unreviewed
2026-08-14_132024.SH_T154,2026-08-14,132024.SH,sell_then_buy,14:35:00,136.007,14:35:52,136.001,0.006,19,190,sell,buy,maker_132024_v01_queue,queue,maker_queue_v1_0,1000.0,2000.0,2000.0,2000.0,2050.0,2050.0,2000,2000,2000,2000,190,0,0,[],not_exactly_matched_needs_causal_execution_audit,[],[],null,null,null,causal_mode_in_review_required,unreviewed,unreviewed
2026-08-14_132024.SH_T155,2026-08-14,132024.SH,buy_then_sell,14:35:52,136.001,14:36:11,136.099,0.098,100,1000,buy,sell,maker_132024_v01_priority,priority,maker_priority_v1_33_candidate,1000.0,2000.0,1000.0,1000.0,148069.3,148069.3,1000,1000,1000,1000,1000,0,0,[],not_exactly_matched_needs_causal_execution_audit,[],[],null,null,null,causal_mode_in_review_required,unreviewed,unreviewed
2026-08-14_132024.SH_T155,2026-08-14,132024.SH,buy_then_sell,14:35:52,136.001,14:36:11,136.099,0.098,100,1000,buy,sell,maker_132024_v01_queue,queue,maker_queue_v1_0,1000.0,2000.0,2000.0,2000.0,2050.0,2050.0,0,0,0,0,1000,0,0,[],not_exactly_matched_needs_causal_execution_audit,[],[],null,null,null,opening_inventory_or_cash_capacity_blocked,unreviewed,unreviewed
2026-08-14_132024.SH_T156,2026-08-14,132024.SH,sell_then_buy,14:36:11,136.099,14:36:56,136.001,0.098,100,1000,sell,buy,maker_132024_v01_priority,priority,maker_priority_v1_33_candidate,1000.0,2000.0,1000.0,1000.0,148069.3,148069.3,1000,1000,1000,1000,1000,0,0,[],not_exactly_matched_needs_causal_execution_audit,[],[],null,null,null,causal_mode_in_review_required,unreviewed,unreviewed
2026-08-14_132024.SH_T156,2026-08-14,132024.SH,sell_then_buy,14:36:11,136.099,14:36:56,136.001,0.098,100,1000,sell,buy,maker_132024_v01_queue,queue,maker_queue_v1_0,1000.0,2000.0,2000.0,2000.0,2050.0,2050.0,2000,2000,2000,2000,1000,0,0,[],not_exactly_matched_needs_causal_execution_audit,[],[],null,null,null,causal_mode_in_review_required,unreviewed,unreviewed
2026-08-14_132024.SH_T157,2026-08-14,132024.SH,buy_then_sell,14:36:56,136.001,14:38:26,136.297,0.296,100,1000,buy,sell,maker_132024_v01_priority,priority,maker_priority_v1_33_candidate,1000.0,2000.0,1000.0,1000.0,148069.3,148069.3,1000,1000,1000,1000,1000,0,0,[],best_pair_close_leg_matched_only,[],"[{""order_id"": 741, ""strategy_id"": ""maker_132024_v01_priority"", ""model_id"": ""maker_priority_v1_33_candidate"", ""market_time"": ""14:38:26"", ""side"": ""sell"", ""price"": 136.296, ""quantity_bonds"": 1000.0, ""fill_reason"": ""passive_sell"", ""inventory_after_bonds"": 0.0, ""reference_tick_id"": 85869, ""crossed_book_residual_price"": 0.0, ""crossed_book_residual_bonds"": 0.0}]",null,null,null,causal_mode_in_review_required,unreviewed,unreviewed
2026-08-14_132024.SH_T157,2026-08-14,132024.SH,buy_then_sell,14:36:56,136.001,14:38:26,136.297,0.296,100,1000,buy,sell,maker_132024_v01_queue,queue,maker_queue_v1_0,1000.0,2000.0,2000.0,2000.0,2050.0,2050.0,0,0,0,0,1000,0,0,[],not_exactly_matched_needs_causal_execution_audit,[],[],null,null,null,opening_inventory_or_cash_capacity_blocked,unreviewed,unreviewed
2026-08-14_132024.SH_T158,2026-08-14,132024.SH,sell_then_buy,14:38:26,136.297,14:40:45,135.999,0.298,100,1000,sell,buy,maker_132024_v01_priority,priority,maker_priority_v1_33_candidate,1000.0,2000.0,1000.0,0.0,148069.3,284365.3,1000,0,0,1000,1000,1,1,"[{""order_id"": 741, ""kind"": ""inventory_exit"", ""limit_price"": 136.296, ""quantity_bonds"": 1000.0, ""filled_quantity_bonds"": 1000.0, ""created_market_time"": ""14:38:23"", ""updated_market_time"": ""14:38:26"", ""status"": ""filled"", ""cancel_reason"": null, ""initial_queue_ahead_bonds"": 0.0, ""final_queue_ahead_bonds"": 0.0, ""created_same_second_as_tape"": false}]",best_pair_open_leg_matched_only,"[{""order_id"": 741, ""strategy_id"": ""maker_132024_v01_priority"", ""model_id"": ""maker_priority_v1_33_candidate"", ""market_time"": ""14:38:26"", ""side"": ""sell"", ""price"": 136.296, ""quantity_bonds"": 1000.0, ""fill_reason"": ""passive_sell"", ""inventory_after_bonds"": 0.0, ""reference_tick_id"": 85869, ""crossed_book_residual_price"": 0.0, ""crossed_book_residual_bonds"": 0.0}]",[],"{""open_time"": ""14:38:26"", ""open_price"": 136.296, ""open_quantity_bonds"": 1000.0, ""close_time"": ""14:38:44"", ""close_price"": 136.001, ""close_quantity_bonds"": 1000.0, ""matched_quantity_bonds"": 1000.0, ""edge"": 0.295, ""gross_edge_cash"": 295.0}","{""open_time"": ""14:38:26"", ""open_price"": 136.296, ""open_quantity_bonds"": 1000.0, ""close_time"": ""14:38:44"", ""close_price"": 136.001, ""close_quantity_bonds"": 1000.0, ""matched_quantity_bonds"": 1000.0, ""edge"": 0.295, ""gross_edge_cash"": 295.0}","{""open_time"": ""14:38:26"", ""open_price"": 136.296, ""open_quantity_bonds"": 1000.0, ""close_time"": ""14:48:14"", ""close_price"": 135.607, ""close_quantity_bonds"": 1000.0, ""matched_quantity_bonds"": 1000.0, ""edge"": 0.689, ""gross_edge_cash"": 689.0}",economic_pair_within_turn_needs_overlap_review,unreviewed,unreviewed
2026-08-14_132024.SH_T158,2026-08-14,132024.SH,sell_then_buy,14:38:26,136.297,14:40:45,135.999,0.298,100,1000,sell,buy,maker_132024_v01_queue,queue,maker_queue_v1_0,1000.0,2000.0,2000.0,2000.0,2050.0,2050.0,2000,2000,2000,2000,1000,0,0,[],not_exactly_matched_needs_causal_execution_audit,[],[],null,null,null,causal_mode_in_review_required,unreviewed,unreviewed
2026-08-14_132024.SH_T159,2026-08-14,132024.SH,buy_then_sell,14:40:45,135.999,14:40:57,136.099,0.1,100,1000,buy,sell,maker_132024_v01_priority,priority,maker_priority_v1_33_candidate,1000.0,2000.0,1000.0,1000.0,148364.3,148364.3,1000,1000,1000,1000,1000,0,0,[],not_exactly_matched_needs_causal_execution_audit,[],[],null,null,"{""open_time"": ""14:38:44"", ""open_price"": 136.001, ""open_quantity_bonds"": 1000.0, ""close_time"": ""14:45:47"", ""close_price"": 136.198, ""close_quantity_bonds"": 1000.0, ""matched_quantity_bonds"": 1000.0, ""edge"": 0.197, ""gross_edge_cash"": 197.0}",economic_pair_cross_turn_600s_needs_path_review,unreviewed,unreviewed
2026-08-14_132024.SH_T159,2026-08-14,132024.SH,buy_then_sell,14:40:45,135.999,14:40:57,136.099,0.1,100,1000,buy,sell,maker_132024_v01_queue,queue,maker_queue_v1_0,1000.0,2000.0,2000.0,2000.0,2050.0,2050.0,0,0,0,0,1000,0,0,[],not_exactly_matched_needs_causal_execution_audit,[],[],null,null,null,opening_inventory_or_cash_capacity_blocked,unreviewed,unreviewed
2026-08-14_132024.SH_T160,2026-08-14,132024.SH,sell_then_buy,14:40:57,136.099,14:41:37,135.957,0.142,100,1000,sell,buy,maker_132024_v01_priority,priority,maker_priority_v1_33_candidate,1000.0,2000.0,1000.0,1000.0,148364.3,148364.3,1000,1000,1000,1000,1000,0,0,[],not_exactly_matched_needs_causal_execution_audit,[],[],null,null,"{""open_time"": ""14:38:26"", ""open_price"": 136.296, ""open_quantity_bonds"": 1000.0, ""close_time"": ""14:48:14"", ""close_price"": 135.607, ""close_quantity_bonds"": 1000.0, ""matched_quantity_bonds"": 1000.0, ""edge"": 0.689, ""gross_edge_cash"": 689.0}",economic_pair_cross_turn_600s_needs_path_review,unreviewed,unreviewed
2026-08-14_132024.SH_T160,2026-08-14,132024.SH,sell_then_buy,14:40:57,136.099,14:41:37,135.957,0.142,100,1000,sell,buy,maker_132024_v01_queue,queue,maker_queue_v1_0,1000.0,2000.0,2000.0,2000.0,2050.0,2050.0,2000,2000,2000,2000,1000,0,0,[],not_exactly_matched_needs_causal_execution_audit,[],[],null,null,null,causal_mode_in_review_required,unreviewed,unreviewed
2026-08-14_132024.SH_T161,2026-08-14,132024.SH,buy_then_sell,14:41:37,135.957,14:43:12,136.079,0.122,100,1000,buy,sell,maker_132024_v01_priority,priority,maker_priority_v1_33_candidate,1000.0,2000.0,1000.0,1000.0,148364.3,148364.3,1000,1000,1000,1000,1000,0,0,[],not_exactly_matched_needs_causal_execution_audit,[],[],null,null,"{""open_time"": ""14:38:44"", ""open_price"": 136.001, ""open_quantity_bonds"": 1000.0, ""close_time"": ""14:45:47"", ""close_price"": 136.198, ""close_quantity_bonds"": 1000.0, ""matched_quantity_bonds"": 1000.0, ""edge"": 0.197, ""gross_edge_cash"": 197.0}",economic_pair_cross_turn_600s_needs_path_review,unreviewed,unreviewed
2026-08-14_132024.SH_T161,2026-08-14,132024.SH,buy_then_sell,14:41:37,135.957,14:43:12,136.079,0.122,100,1000,buy,sell,maker_132024_v01_queue,queue,maker_queue_v1_0,1000.0,2000.0,2000.0,2000.0,2050.0,2050.0,0,0,0,0,1000,0,0,[],not_exactly_matched_needs_causal_execution_audit,[],[],null,null,null,opening_inventory_or_cash_capacity_blocked,unreviewed,unreviewed
2026-08-14_132024.SH_T162,2026-08-14,132024.SH,sell_then_buy,14:43:12,136.079,14:43:34,135.958,0.121,100,1000,sell,buy,maker_132024_v01_priority,priority,maker_priority_v1_33_candidate,1000.0,2000.0,1000.0,1000.0,148364.3,148364.3,1000,1000,1000,1000,1000,0,0,[],best_pair_close_leg_matched_only,[],"[{""order_id"": 748, ""strategy_id"": ""maker_132024_v01_priority"", ""model_id"": ""maker_priority_v1_33_candidate"", ""market_time"": ""14:43:35"", ""side"": ""buy"", ""price"": 135.959, ""quantity_bonds"": 1000.0, ""fill_reason"": ""passive_buy"", ""inventory_after_bonds"": 2000.0, ""reference_tick_id"": 86080, ""crossed_book_residual_price"": 0.0, ""crossed_book_residual_bonds"": 0.0}]",null,null,"{""open_time"": ""14:38:26"", ""open_price"": 136.296, ""open_quantity_bonds"": 1000.0, ""close_time"": ""14:48:14"", ""close_price"": 135.607, ""close_quantity_bonds"": 1000.0, ""matched_quantity_bonds"": 1000.0, ""edge"": 0.689, ""gross_edge_cash"": 689.0}",economic_pair_cross_turn_600s_needs_path_review,unreviewed,unreviewed
2026-08-14_132024.SH_T162,2026-08-14,132024.SH,sell_then_buy,14:43:12,136.079,14:43:34,135.958,0.121,100,1000,sell,buy,maker_132024_v01_queue,queue,maker_queue_v1_0,1000.0,2000.0,2000.0,2000.0,2050.0,2050.0,2000,2000,2000,2000,1000,0,0,[],not_exactly_matched_needs_causal_execution_audit,[],[],null,null,null,causal_mode_in_review_required,unreviewed,unreviewed
2026-08-14_132024.SH_T163,2026-08-14,132024.SH,buy_then_sell,14:43:34,135.958,14:45:18,136.05,0.092,100,1000,buy,sell,maker_132024_v01_priority,priority,maker_priority_v1_33_candidate,1000.0,2000.0,1000.0,1000.0,148364.3,148364.3,1000,1000,1000,1000,1000,1,1,"[{""order_id"": 748, ""kind"": ""low_bid_reversion"", ""limit_price"": 135.959, ""quantity_bonds"": 1000.0, ""filled_quantity_bonds"": 1000.0, ""created_market_time"": ""14:43:32"", ""updated_market_time"": ""14:43:35"", ""status"": ""filled"", ""cancel_reason"": null, ""initial_queue_ahead_bonds"": 0.0, ""final_queue_ahead_bonds"": 0.0, ""created_same_second_as_tape"": false}]",best_pair_open_leg_matched_only,"[{""order_id"": 748, ""strategy_id"": ""maker_132024_v01_priority"", ""model_id"": ""maker_priority_v1_33_candidate"", ""market_time"": ""14:43:35"", ""side"": ""buy"", ""price"": 135.959, ""quantity_bonds"": 1000.0, ""fill_reason"": ""passive_buy"", ""inventory_after_bonds"": 2000.0, ""reference_tick_id"": 86080, ""crossed_book_residual_price"": 0.0, ""crossed_book_residual_bonds"": 0.0}]",[],null,"{""open_time"": ""14:43:35"", ""open_price"": 135.959, ""open_quantity_bonds"": 1000.0, ""close_time"": ""14:45:47"", ""close_price"": 136.198, ""close_quantity_bonds"": 1000.0, ""matched_quantity_bonds"": 1000.0, ""edge"": 0.239, ""gross_edge_cash"": 239.0}","{""open_time"": ""14:43:35"", ""open_price"": 135.959, ""open_quantity_bonds"": 1000.0, ""close_time"": ""14:45:47"", ""close_price"": 136.198, ""close_quantity_bonds"": 1000.0, ""matched_quantity_bonds"": 1000.0, ""edge"": 0.239, ""gross_edge_cash"": 239.0}",economic_pair_nearby_needs_cross_turn_review,unreviewed,unreviewed
2026-08-14_132024.SH_T163,2026-08-14,132024.SH,buy_then_sell,14:43:34,135.958,14:45:18,136.05,0.092,100,1000,buy,sell,maker_132024_v01_queue,queue,maker_queue_v1_0,1000.0,2000.0,2000.0,2000.0,2050.0,2050.0,0,0,0,0,1000,0,0,[],not_exactly_matched_needs_causal_execution_audit,[],[],null,null,null,opening_inventory_or_cash_capacity_blocked,unreviewed,unreviewed
2026-08-14_132024.SH_T164,2026-08-14,132024.SH,sell_then_buy,14:45:18,136.05,14:45:34,135.958,0.092,100,1000,sell,buy,maker_132024_v01_priority,priority,maker_priority_v1_33_candidate,1000.0,2000.0,2000.0,2000.0,12405.3,12405.3,2000,2000,2000,2000,1000,0,0,[],not_exactly_matched_needs_causal_execution_audit,[],[],null,null,"{""open_time"": ""14:38:26"", ""open_price"": 136.296, ""open_quantity_bonds"": 1000.0, ""close_time"": ""14:48:14"", ""close_price"": 135.607, ""close_quantity_bonds"": 1000.0, ""matched_quantity_bonds"": 1000.0, ""edge"": 0.689, ""gross_edge_cash"": 689.0}",economic_pair_cross_turn_600s_needs_path_review,unreviewed,unreviewed
2026-08-14_132024.SH_T164,2026-08-14,132024.SH,sell_then_buy,14:45:18,136.05,14:45:34,135.958,0.092,100,1000,sell,buy,maker_132024_v01_queue,queue,maker_queue_v1_0,1000.0,2000.0,2000.0,2000.0,2050.0,2050.0,2000,2000,2000,2000,1000,0,0,[],not_exactly_matched_needs_causal_execution_audit,[],[],null,null,null,causal_mode_in_review_required,unreviewed,unreviewed
2026-08-14_132024.SH_T165,2026-08-14,132024.SH,buy_then_sell,14:45:34,135.958,14:45:45,136.199,0.241,100,1000,buy,sell,maker_132024_v01_priority,priority,maker_priority_v1_33_candidate,1000.0,2000.0,2000.0,2000.0,12405.3,12405.3,0,0,0,0,1000,0,0,[],best_pair_close_leg_matched_only,[],"[{""order_id"": 751, ""strategy_id"": ""maker_132024_v01_priority"", ""model_id"": ""maker_priority_v1_33_candidate"", ""market_time"": ""14:45:47"", ""side"": ""sell"", ""price"": 136.198, ""quantity_bonds"": 1000.0, ""fill_reason"": ""passive_sell"", ""inventory_after_bonds"": 1000.0, ""reference_tick_id"": 86165, ""crossed_book_residual_price"": 0.0, ""crossed_book_residual_bonds"": 0.0}]",null,"{""open_time"": ""14:43:35"", ""open_price"": 135.959, ""open_quantity_bonds"": 1000.0, ""close_time"": ""14:45:47"", ""close_price"": 136.198, ""close_quantity_bonds"": 1000.0, ""matched_quantity_bonds"": 1000.0, ""edge"": 0.239, ""gross_edge_cash"": 239.0}","{""open_time"": ""14:43:35"", ""open_price"": 135.959, ""open_quantity_bonds"": 1000.0, ""close_time"": ""14:45:47"", ""close_price"": 136.198, ""close_quantity_bonds"": 1000.0, ""matched_quantity_bonds"": 1000.0, ""edge"": 0.239, ""gross_edge_cash"": 239.0}",economic_pair_nearby_needs_cross_turn_review,unreviewed,unreviewed
2026-08-14_132024.SH_T165,2026-08-14,132024.SH,buy_then_sell,14:45:34,135.958,14:45:45,136.199,0.241,100,1000,buy,sell,maker_132024_v01_queue,queue,maker_queue_v1_0,1000.0,2000.0,2000.0,2000.0,2050.0,2050.0,0,0,0,0,1000,0,0,[],not_exactly_matched_needs_causal_execution_audit,[],[],null,null,null,opening_inventory_or_cash_capacity_blocked,unreviewed,unreviewed
2026-08-14_132024.SH_T166,2026-08-14,132024.SH,sell_then_buy,14:45:45,136.199,14:50:11,135.605,0.594,100,90,sell,buy,maker_132024_v01_priority,priority,maker_priority_v1_33_candidate,1000.0,2000.0,2000.0,2000.0,12405.3,12405.3,2000,2000,2000,2000,90,1,1,"[{""order_id"": 751, ""kind"": ""inventory_exit"", ""limit_price"": 136.198, ""quantity_bonds"": 1000.0, ""filled_quantity_bonds"": 1000.0, ""created_market_time"": ""14:45:29"", ""updated_market_time"": ""14:45:47"", ""status"": ""filled"", ""cancel_reason"": null, ""initial_queue_ahead_bonds"": 0.0, ""final_queue_ahead_bonds"": 0.0, ""created_same_second_as_tape"": false}]",best_pair_open_leg_matched_only,"[{""order_id"": 751, ""strategy_id"": ""maker_132024_v01_priority"", ""model_id"": ""maker_priority_v1_33_candidate"", ""market_time"": ""14:45:47"", ""side"": ""sell"", ""price"": 136.198, ""quantity_bonds"": 1000.0, ""fill_reason"": ""passive_sell"", ""inventory_after_bonds"": 1000.0, ""reference_tick_id"": 86165, ""crossed_book_residual_price"": 0.0, ""crossed_book_residual_bonds"": 0.0}]",[],"{""open_time"": ""14:45:47"", ""open_price"": 136.198, ""open_quantity_bonds"": 1000.0, ""close_time"": ""14:48:14"", ""close_price"": 135.607, ""close_quantity_bonds"": 1000.0, ""matched_quantity_bonds"": 1000.0, ""edge"": 0.591, ""gross_edge_cash"": 591.0}","{""open_time"": ""14:45:47"", ""open_price"": 136.198, ""open_quantity_bonds"": 1000.0, ""close_time"": ""14:48:14"", ""close_price"": 135.607, ""close_quantity_bonds"": 1000.0, ""matched_quantity_bonds"": 1000.0, ""edge"": 0.591, ""gross_edge_cash"": 591.0}","{""open_time"": ""14:38:26"", ""open_price"": 136.296, ""open_quantity_bonds"": 1000.0, ""close_time"": ""14:48:14"", ""close_price"": 135.607, ""close_quantity_bonds"": 1000.0, ""matched_quantity_bonds"": 1000.0, ""edge"": 0.689, ""gross_edge_cash"": 689.0}",economic_pair_within_turn_needs_overlap_review,unreviewed,unreviewed
2026-08-14_132024.SH_T166,2026-08-14,132024.SH,sell_then_buy,14:45:45,136.199,14:50:11,135.605,0.594,100,90,sell,buy,maker_132024_v01_queue,queue,maker_queue_v1_0,1000.0,2000.0,2000.0,2000.0,2050.0,2050.0,2000,2000,2000,2000,90,0,0,[],not_exactly_matched_needs_causal_execution_audit,[],[],null,null,null,causal_mode_in_review_required,unreviewed,unreviewed
2026-08-14_132024.SH_T167,2026-08-14,132024.SH,buy_then_sell,14:50:11,135.605,14:50:44,135.615,0.01,19,90,buy,sell,maker_132024_v01_priority,priority,maker_priority_v1_33_candidate,1000.0,2000.0,2000.0,2000.0,12996.3,12996.3,0,0,0,0,90,0,0,[],not_exactly_matched_needs_causal_execution_audit,[],[],null,null,null,opening_inventory_or_cash_capacity_blocked,unreviewed,unreviewed
2026-08-14_132024.SH_T167,2026-08-14,132024.SH,buy_then_sell,14:50:11,135.605,14:50:44,135.615,0.01,19,90,buy,sell,maker_132024_v01_queue,queue,maker_queue_v1_0,1000.0,2000.0,2000.0,2000.0,2050.0,2050.0,0,0,0,0,90,0,0,[],not_exactly_matched_needs_causal_execution_audit,[],[],null,null,null,opening_inventory_or_cash_capacity_blocked,unreviewed,unreviewed
2026-08-14_132024.SH_T168,2026-08-14,132024.SH,sell_then_buy,14:50:44,135.615,14:52:15,135.001,0.614,19,190,sell,buy,maker_132024_v01_priority,priority,maker_priority_v1_33_candidate,1000.0,2000.0,2000.0,2000.0,12996.3,12996.3,2000,2000,2000,2000,190,0,0,[],not_exactly_matched_needs_causal_execution_audit,[],[],null,null,null,causal_mode_in_review_required,unreviewed,unreviewed
2026-08-14_132024.SH_T168,2026-08-14,132024.SH,sell_then_buy,14:50:44,135.615,14:52:15,135.001,0.614,19,190,sell,buy,maker_132024_v01_queue,queue,maker_queue_v1_0,1000.0,2000.0,2000.0,2000.0,2050.0,2050.0,2000,2000,2000,2000,190,0,0,[],not_exactly_matched_needs_causal_execution_audit,[],[],null,null,null,causal_mode_in_review_required,unreviewed,unreviewed
2026-08-14_132024.SH_T169,2026-08-14,132024.SH,buy_then_sell,14:52:15,135.001,14:52:56,135.129,0.128,100,1000,buy,sell,maker_132024_v01_priority,priority,maker_priority_v1_33_candidate,1000.0,2000.0,2000.0,2000.0,12996.3,12996.3,0,0,0,0,1000,0,0,[],not_exactly_matched_needs_causal_execution_audit,[],[],null,null,null,opening_inventory_or_cash_capacity_blocked,unreviewed,unreviewed
2026-08-14_132024.SH_T169,2026-08-14,132024.SH,buy_then_sell,14:52:15,135.001,14:52:56,135.129,0.128,100,1000,buy,sell,maker_132024_v01_queue,queue,maker_queue_v1_0,1000.0,2000.0,2000.0,2000.0,2050.0,2050.0,0,0,0,0,1000,0,0,[],not_exactly_matched_needs_causal_execution_audit,[],[],null,null,null,opening_inventory_or_cash_capacity_blocked,unreviewed,unreviewed
2026-08-14_132024.SH_T170,2026-08-14,132024.SH,buy_then_sell,14:53:01,135.13,14:53:26,135.246,0.116,19,190,buy,sell,maker_132024_v01_priority,priority,maker_priority_v1_33_candidate,1000.0,2000.0,2000.0,2000.0,12996.3,12996.3,0,0,0,0,190,0,0,[],not_exactly_matched_needs_causal_execution_audit,[],[],null,null,null,opening_inventory_or_cash_capacity_blocked,unreviewed,unreviewed
2026-08-14_132024.SH_T170,2026-08-14,132024.SH,buy_then_sell,14:53:01,135.13,14:53:26,135.246,0.116,19,190,buy,sell,maker_132024_v01_queue,queue,maker_queue_v1_0,1000.0,2000.0,2000.0,2000.0,2050.0,2050.0,0,0,0,0,190,0,0,[],not_exactly_matched_needs_causal_execution_audit,[],[],null,null,null,opening_inventory_or_cash_capacity_blocked,unreviewed,unreviewed
2026-08-14_132024.SH_T171,2026-08-14,132024.SH,buy_then_sell,14:54:11,135.246,14:54:21,135.317,0.071,19,190,buy,sell,maker_132024_v01_priority,priority,maker_priority_v1_33_candidate,1000.0,2000.0,2000.0,2000.0,12996.3,12996.3,0,0,0,0,190,0,0,[],not_exactly_matched_needs_causal_execution_audit,[],[],null,null,null,opening_inventory_or_cash_capacity_blocked,unreviewed,unreviewed
2026-08-14_132024.SH_T171,2026-08-14,132024.SH,buy_then_sell,14:54:11,135.246,14:54:21,135.317,0.071,19,190,buy,sell,maker_132024_v01_queue,queue,maker_queue_v1_0,1000.0,2000.0,2000.0,2000.0,2050.0,2050.0,0,0,0,0,190,0,0,[],not_exactly_matched_needs_causal_execution_audit,[],[],null,null,null,opening_inventory_or_cash_capacity_blocked,unreviewed,unreviewed
2026-08-14_132024.SH_T172,2026-08-14,132024.SH,sell_then_buy,14:54:21,135.317,14:56:39,135.301,0.016,19,190,sell,buy,maker_132024_v01_priority,priority,maker_priority_v1_33_candidate,1000.0,2000.0,2000.0,2000.0,12996.3,12996.3,2000,2000,2000,2000,190,0,0,[],not_exactly_matched_needs_causal_execution_audit,[],[],null,null,null,causal_mode_in_review_required,unreviewed,unreviewed
2026-08-14_132024.SH_T172,2026-08-14,132024.SH,sell_then_buy,14:54:21,135.317,14:56:39,135.301,0.016,19,190,sell,buy,maker_132024_v01_queue,queue,maker_queue_v1_0,1000.0,2000.0,2000.0,2000.0,2050.0,2050.0,2000,2000,2000,2000,190,0,0,[],not_exactly_matched_needs_causal_execution_audit,[],[],null,null,null,causal_mode_in_review_required,unreviewed,unreviewed
2026-08-14_132024.SH_T173,2026-08-14,132024.SH,buy_then_sell,14:56:39,135.301,15:29:44,135.5,0.199,61,610,buy,sell,maker_132024_v01_priority,priority,maker_priority_v1_33_candidate,1000.0,2000.0,2000.0,2000.0,12996.3,12996.3,0,0,0,0,610,0,0,[],not_exactly_matched_needs_causal_execution_audit,[],[],null,null,null,opening_inventory_or_cash_capacity_blocked,unreviewed,unreviewed
2026-08-14_132024.SH_T173,2026-08-14,132024.SH,buy_then_sell,14:56:39,135.301,15:29:44,135.5,0.199,61,610,buy,sell,maker_132024_v01_queue,queue,maker_queue_v1_0,1000.0,2000.0,2000.0,2000.0,2050.0,2050.0,0,0,0,0,610,0,0,[],not_exactly_matched_needs_causal_execution_audit,[],[],null,null,null,opening_inventory_or_cash_capacity_blocked,unreviewed,unreviewed
